Identifiant;Date de début de version;Date de fin de version;Est la version active;Code;Nom;Commune (code INSEE);Commune (nom);Coordonnées;Accessible aux PMR;Mobilier;Visibilité;Stopid gtfs/gtfs-rt
1002;2024-09-02;;Oui;1002;Bouzat;35238;Rennes;48.128276, -1.637811;true;Abri simple;Grand public;6-1002
1012;2024-09-02;;Oui;1012;Sévigné;35238;Rennes;48.116032, -1.674241;true;Abri simple;Grand public;6-1012
1014;2022-10-28;;Oui;1014;Bertrand;35238;Rennes;48.113739, -1.679038;true;Poteau;Grand public;6-1014
1017;2024-07-08;;Oui;1017;La Criée;35238;Rennes;48.108412, -1.680208;false;Poteau;Grand public;6-1017
1020;2022-10-24;;Oui;1020;Mermoz;35238;Rennes;48.097428, -1.689588;true;Abri simple;Grand public;6-1020
1022;2024-07-08;;Oui;1022;Colombier;35238;Rennes;48.105898, -1.68169;true;Abri simple;Grand public;6-1022
1029;2024-09-02;;Oui;1029;Jules Ferry;35238;Rennes;48.118224, -1.671037;true;Abri double;Grand public;6-1029
1034;2024-09-02;;Oui;1034;Turmel;35238;Rennes;48.122169, -1.650637;true;Abri platine;Grand public;6-1034
1036;2024-09-02;;Oui;1036;Donzelot;35238;Rennes;48.125575, -1.64197;true;Abri simple;Grand public;6-1036
1037;2024-09-02;;Oui;1037;Gallet;35238;Rennes;48.127801, -1.639871;true;Abri simple;Grand public;6-1037
1043;2024-09-02;;Oui;1043;Saint-Martin;35238;Rennes;48.123605, -1.684264;true;Abri auvent;Grand public;6-1043
1049;2024-09-02;;Oui;1049;Horizons;35238;Rennes;48.111644, -1.689347;true;Abri simple;Grand public;6-1049
1069;2019-08-18;;Oui;1069;Ronceray;35238;Rennes;48.092765, -1.639647;true;Abri simple;Grand public;6-1069
1073;2015-08-31;;Oui;1073;Ronceray;35238;Rennes;48.092525, -1.639646;true;Abri simple;Grand public;6-1073
1074;2015-08-31;;Oui;1074;Gohier;35238;Rennes;48.09183, -1.636243;true;Abri simple;Grand public;6-1074
1075;2015-08-31;;Oui;1075;Bourgueil;35238;Rennes;48.089476, -1.635582;true;Abri simple;Grand public;6-1075
1078;2015-08-31;;Oui;1078;Lycée Descartes;35238;Rennes;48.089988, -1.64467;true;Abri simple;Grand public;6-1078
1082;2015-08-31;;Oui;1082;Piré;35238;Rennes;48.099882, -1.657795;true;Abri auvent;Grand public;6-1082
1085;2025-03-17;;Oui;1085;Laënnec;35238;Rennes;48.104704, -1.666749;true;Abri auvent;Grand public;6-1085
1097;2024-09-02;;Oui;1097;Pierre Legrand;35238;Rennes;48.122048, -1.685863;true;Abri simple;Grand public;6-1097
1103;2023-08-01;;Oui;1103;Saint-Laurent;35238;Rennes;48.138806, -1.659102;true;Abri simple;Grand public;6-1103
1108;2022-10-24;;Oui;1108;Parc Gayeulles;35238;Rennes;48.128325, -1.652224;true;Abri simple;Grand public;6-1108
1006;2024-09-02;;Oui;1006;Turmel;35238;Rennes;48.122292, -1.650752;true;Abri simple;Grand public;6-1006
1122;2023-02-27;;Oui;1122;Gare Sud Féval;35238;Rennes;48.102966, -1.676761;true;Abri simple;Grand public;6-1122
1010;2024-09-02;;Oui;1010;Guéhenno;35238;Rennes;48.119226, -1.667709;true;Abri simple;Grand public;6-1010
1128;2023-08-01;;Oui;1128;Champs Manceaux;35238;Rennes;48.091043, -1.682184;true;Abri simple;Grand public;6-1128
1019;2025-01-06;;Oui;1019;Cité Judiciaire;35238;Rennes;48.105027, -1.684718;true;Abri double;Grand public;6-1019
1129;2023-08-01;;Oui;1129;Suède;35238;Rennes;48.08725, -1.682469;true;Abri simple;Grand public;6-1129
1021;2022-10-24;;Oui;1021;Cité Judiciaire;35238;Rennes;48.105207, -1.684318;true;Abri simple;Grand public;6-1021
1130;2022-10-24;;Oui;1130;Canada;35238;Rennes;48.085145, -1.682532;true;Abri simple;Grand public;6-1130
1032;2024-09-02;;Oui;1032;Painlevé;35238;Rennes;48.123236, -1.659237;true;Abri simple;Grand public;6-1032
1139;2015-08-31;;Oui;1139;Sacrés Coeurs;35238;Rennes;48.096922, -1.678457;true;Abri simple;Grand public;6-1139
1035;2024-09-02;;Oui;1035;Mirabeau;35238;Rennes;48.123692, -1.645137;true;Abri simple;Grand public;6-1035
1149;2023-08-01;;Oui;1149;Durafour;35238;Rennes;48.114248, -1.658666;false;Poteau;Grand public;6-1149
1048;2024-09-02;;Oui;1048;Brest Verdun;35238;Rennes;48.113316, -1.693473;true;Abri double;Grand public;6-1048
1161;2025-01-02;;Oui;1161;Plaine de Baud;35238;Rennes;48.112228, -1.644207;true;Abri simple;Grand public;6-1161
1057;2025-03-17;;Oui;1057;Laënnec;35238;Rennes;48.104729, -1.667062;false;Abri simple;Grand public;6-1057
1167;2022-10-24;;Oui;1167;République;35238;Rennes;48.109398, -1.678792;true;Abri simple;Grand public;6-1167
1060;2022-10-24;;Oui;1060;Piré;35238;Rennes;48.09944, -1.657499;true;Abri simple;Grand public;6-1060
1171;2024-02-12;;Oui;1171;Pont de Châteaudun;35238;Rennes;48.110019, -1.663592;true;Abri simple;Grand public;6-1171
1064;2017-04-18;;Oui;1064;Lycée Descartes;35238;Rennes;48.090301, -1.645018;true;Abri simple;Grand public;6-1064
1183;2025-09-01;;Oui;1183;Hôtel Dieu;35238;Rennes;48.117342, -1.678821;true;Abri simple;Grand public;6-1183
1066;2019-08-18;;Oui;1066;Monnet;35238;Rennes;48.087802, -1.638575;true;Abri simple;Grand public;6-1066
1191;2022-10-24;;Oui;1191;Languedoc;35238;Rennes;48.115476, -1.704469;true;Abri simple;Grand public;6-1191
1079;2015-08-31;;Oui;1079;Monsieur Vincent;35238;Rennes;48.092782, -1.647229;true;Abri simple;Grand public;6-1079
1212;2016-08-29;;Oui;1212;Mouézy;35238;Rennes;48.10195, -1.656566;true;Abri simple;Grand public;6-1212
1081;2015-08-31;;Oui;1081;Bourgeois;35238;Rennes;48.09805, -1.65533;true;Abri platine;Grand public;6-1081
1218;2024-07-08;;Oui;1218;Guilloux Lorient;35238;Rennes;48.109043, -1.698077;true;Abri simple;Grand public;6-1218
1096;2025-09-01;;Oui;1096;Anatole France;35238;Rennes;48.118212, -1.689241;true;Abri simple;Grand public;6-1096
1226;2002-01-01;;Oui;1226;Servigné;35238;Rennes;48.101258, -1.731769;true;Poteau;Grand public;6-1226
1112;2022-10-24;;Oui;1112;Vitré Danton;35238;Rennes;48.118917, -1.651101;true;Abri simple;Grand public;6-1112
1229;2023-01-01;;Oui;1229;Servigné;35238;Rennes;48.101185, -1.731611;true;Abri simple;Grand public;6-1229
1113;2022-10-24;;Oui;1113;Jeanne d'Arc;35238;Rennes;48.11635, -1.655685;true;Abri simple;Grand public;6-1113
1234;2017-09-04;;Oui;1234;Roazhon Park;35238;Rennes;48.107699, -1.71477;true;Abri simple;Grand public;6-1234
1115;2022-10-24;;Oui;1115;Oberthur;35238;Rennes;48.113443, -1.661429;true;Abri simple;Grand public;6-1115
1239;2022-10-24;;Oui;1239;Chèques Postaux;35238;Rennes;48.108237, -1.694247;true;Abri auvent;Grand public;6-1239
1123;2017-04-18;;Oui;1123;Ginguené;35238;Rennes;48.099081, -1.675714;true;Abri auvent;Grand public;6-1123
1240;2002-01-01;;Oui;1240;Le Mail;35238;Rennes;48.109257, -1.689687;true;Abri simple;Grand public;6-1240
1125;2023-08-01;;Oui;1125;Sacrés Coeurs;35238;Rennes;48.096917, -1.679193;true;Abri simple;Grand public;6-1125
1247;2002-01-01;;Oui;1247;Pavie;35238;Rennes;48.104868, -1.643656;true;Poteau;Grand public;6-1247
1127;2023-08-01;;Oui;1127;Frères Moine;35238;Rennes;48.093024, -1.68192;true;Abri simple;Grand public;6-1127
1252;2023-08-01;;Oui;1252;Patton;35238;Rennes;48.138762, -1.666012;true;Abri simple;Grand public;6-1252
1140;2023-02-27;;Oui;1140;Jacques Cartier;35238;Rennes;48.097442, -1.674312;true;Abri auvent;Grand public;6-1140
1255;2022-10-24;;Oui;1255;Condate;35238;Rennes;48.134457, -1.673089;true;Abri simple;Grand public;6-1255
1144;2022-10-28;;Oui;1144;République Jaurès;35238;Rennes;48.110092, -1.677746;true;Abri platine;Grand public;6-1144
1256;2022-10-24;;Oui;1256;Bellangerais;35238;Rennes;48.132604, -1.671592;true;Abri simple;Grand public;6-1256
1150;2023-08-01;;Oui;1150;Jeanne d'Arc;35238;Rennes;48.116606, -1.655385;true;Abri auvent;Grand public;6-1150
1261;2022-10-24;;Oui;1261;Volney;35238;Rennes;48.1241, -1.668145;true;Abri simple;Grand public;6-1261
1155;2023-08-01;;Oui;1155;Parc Gayeulles;35238;Rennes;48.129164, -1.652011;true;Abri simple;Grand public;6-1155
1262;2024-10-14;;Oui;1262;Les Prairies;35238;Rennes;48.121414, -1.67105;true;Abri simple;Grand public;6-1262
1159;2025-09-01;;Oui;1159;Hôtel de Région;35238;Rennes;48.134366, -1.658777;true;Abri simple;Grand public;6-1159
1275;2016-08-29;;Oui;1275;Mermoz;35238;Rennes;48.097441, -1.68857;true;Abri simple;Grand public;6-1275
1163;2025-01-02;;Oui;1163;Robidou;35238;Rennes;48.110159, -1.66054;true;Abri double;Grand public;6-1163
1283;2022-10-24;;Oui;1283;Rochester;35238;Rennes;48.128857, -1.663748;true;Abri simple;Grand public;6-1283
1164;2025-01-02;;Oui;1164;Pont de Châteaudun;35238;Rennes;48.110129, -1.663976;true;Abri double;Grand public;6-1164
1287;2023-08-01;;Oui;1287;Condate;35238;Rennes;48.135026, -1.672788;true;Abri simple;Grand public;6-1287
1168;2022-10-24;;Oui;1168;République;35238;Rennes;48.109765, -1.678746;true;Abri double;Grand public;6-1168
1298;2022-10-24;;Oui;1298;Bois Labbé;35238;Rennes;48.125714, -1.703029;true;Abri simple;Grand public;6-1298
1169;2022-10-24;;Oui;1169;Musée Beaux Arts;35238;Rennes;48.109851, -1.673142;true;Abri auvent;Grand public;6-1169
1306;2002-01-01;;Oui;1306;Bois Labbé;35238;Rennes;48.12523, -1.703183;true;Abri simple;Grand public;6-1306
1172;2024-02-12;;Oui;1172;Robidou;35238;Rennes;48.110034, -1.659193;true;Abri simple;Grand public;6-1172
1313;2024-07-08;;Oui;1313;Beaulieu - Université;35238;Rennes;48.12219, -1.638325;true;Poteau;Grand public;6-1313
1176;2022-10-24;;Oui;1176;Beaulieu INSA;35238;Rennes;48.118994, -1.635179;true;Abri double;Grand public;6-1176
1317;2023-09-04;;Oui;1317;Villebois-Mareuil;35238;Rennes;48.10009, -1.649358;true;Abri double;Grand public;6-1317
1181;2022-10-24;;Oui;1181;Musset Cité U;35238;Rennes;48.116152, -1.662539;true;Abri simple;Grand public;6-1181
1321;2025-09-01;;Oui;1321;Sauvaie;35238;Rennes;48.093804, -1.633845;true;Abri simple;Grand public;6-1321
1182;2022-10-24;;Oui;1182;George Sand;35238;Rennes;48.116294, -1.664774;true;Abri auvent;Grand public;6-1182
1331;2015-08-31;;Oui;1331;Square de la Rance;35238;Rennes;48.118027, -1.680793;true;Abri simple;Grand public;6-1331
1185;2022-10-24;;Oui;1185;Legraverend;35238;Rennes;48.117782, -1.684984;true;Poteau;Grand public;6-1185
1333;2025-01-01;;Oui;1333;Jacques Cartier;35238;Rennes;48.097913, -1.67519;true;Abri simple;Grand public;6-1333
1200;2022-10-24;;Oui;1200;Jeanne d'Arc;35238;Rennes;48.116812, -1.656347;true;Abri simple;Grand public;6-1200
1334;2015-08-31;;Oui;1334;Châtillon;35238;Rennes;48.097721, -1.67127;true;Abri simple;Grand public;6-1334
1216;2022-10-24;;Oui;1216;Le Mail;35238;Rennes;48.109226, -1.690184;true;Abri auvent;Grand public;6-1216
1335;2015-08-31;;Oui;1335;Ormeaux;35238;Rennes;48.097715, -1.668373;true;Abri simple;Grand public;6-1335
1217;2022-10-24;;Oui;1217;Chèques Postaux;35238;Rennes;48.108292, -1.694376;true;Abri double;Grand public;6-1217
1343;2023-09-04;;Oui;1343;La Poterie;35238;Rennes;48.087638, -1.645994;true;Abri simple;Grand public;6-1343
1236;2002-01-01;;Oui;1236;Kerviler;35238;Rennes;48.108773, -1.705576;true;Abri simple;Grand public;6-1236
1346;2017-02-09;;Oui;1346;Hôpital Sud;35238;Rennes;48.084718, -1.655241;true;Abri simple;Grand public;6-1346
1237;2002-01-01;;Oui;1237;Papeteries;35238;Rennes;48.107739, -1.702454;true;Abri auvent;Grand public;6-1237
1347;2016-08-29;;Oui;1347;Torigné;35238;Rennes;48.084765, -1.657955;true;Abri simple;Grand public;6-1347
1248;2023-09-04;;Oui;1248;Pré Garel;35238;Rennes;48.103906, -1.635791;true;Abri simple;Grand public;6-1248
1254;2022-10-24;;Oui;1254;Neruda;35238;Rennes;48.136789, -1.671108;true;Abri simple;Grand public;6-1254
1360;2022-10-24;;Oui;1360;Gide;35238;Rennes;48.092536, -1.658316;true;Abri simple;Grand public;6-1360
1258;2022-10-24;;Oui;1258;Houx Cité U;35238;Rennes;48.130786, -1.663923;true;Abri simple;Grand public;6-1258
1365;2015-08-31;;Oui;1365;Ormeaux;35238;Rennes;48.097759, -1.669245;true;Poteau;Grand public;6-1365
1260;2022-10-24;;Oui;1260;Gros-Chêne;35238;Rennes;48.125601, -1.666254;true;Abri simple;Grand public;6-1260
1369;2022-10-24;;Oui;1369;Auberge de Jeunesse;35238;Rennes;48.120276, -1.681048;true;Abri simple;Grand public;6-1369
1263;2022-10-24;;Oui;1263;Rectorat;35238;Rennes;48.119613, -1.674333;true;Abri simple;Grand public;6-1263
1371;2024-09-02;;Oui;1371;Lycée Mendès France;35238;Rennes;48.133316, -1.685114;true;Abri simple;Grand public;6-1371
1265;2023-01-03;;Oui;1265;Foyer Rennais;35238;Rennes;48.099742, -1.687204;true;Abri simple;Grand public;6-1265
1383;2024-07-08;;Oui;1383;Dargent;35238;Rennes;48.103601, -1.700025;true;Abri simple;Grand public;6-1383
1273;2023-01-03;;Oui;1273;Saint-Yves;35238;Rennes;48.092754, -1.691197;true;Abri simple;Grand public;6-1273
1390;2024-07-08;;Oui;1390;Porte de Cleunay;35238;Rennes;48.104169, -1.713423;true;Abri simple;Grand public;6-1390
1274;2016-08-29;;Oui;1274;Pilate;35238;Rennes;48.095058, -1.689979;true;Abri simple;Grand public;6-1274
1391;2024-07-08;;Oui;1391;Clinique La Sagesse;35238;Rennes;48.101045, -1.7118;true;Abri simple;Grand public;6-1391
1276;2025-07-07;;Oui;1276;Foyer Rennais;35238;Rennes;48.099752, -1.686176;true;Abri double;Grand public;6-1276
1405;2024-07-08;;Oui;1405;Europe;35238;Rennes;48.128435, -1.657061;true;Abri simple;Grand public;6-1405
1281;2023-08-01;;Oui;1281;Volney;35238;Rennes;48.124385, -1.667584;false;Abri auvent;Grand public;6-1281
1407;2022-10-24;;Oui;1407;Longs Prés;35238;Rennes;48.133143, -1.656647;true;Abri simple;Grand public;6-1407
1282;2023-08-01;;Oui;1282;Gros-Chêne;35238;Rennes;48.126278, -1.665489;true;Abri simple;Grand public;6-1282
1410;2002-01-01;;Oui;1410;Hélias;35238;Rennes;48.136505, -1.662498;true;Abri simple;Grand public;6-1410
1284;2022-10-24;;Oui;1284;Houx Cité U;35238;Rennes;48.131094, -1.664427;true;Abri simple;Grand public;6-1284
1414;2022-10-24;;Oui;1414;Merlin;35238;Rennes;48.116409, -1.712294;true;Abri simple;Grand public;6-1414
1285;2022-10-24;;Oui;1285;Morbihan;35238;Rennes;48.132827, -1.667609;true;Poteau;Grand public;6-1285
1423;2022-10-24;;Oui;1423;Villejean-Churchill;35238;Rennes;48.118491, -1.708147;true;Abri simple;Grand public;6-1423
1286;2022-10-24;;Oui;1286;Bellangerais;35238;Rennes;48.132713, -1.67232;true;Poteau;Grand public;6-1286
1427;2002-01-01;;Oui;1427;Hélias;35238;Rennes;48.136412, -1.663311;true;Abri simple;Grand public;6-1427
1289;2023-08-01;;Oui;1289;Monts d'Arrée;35238;Rennes;48.136544, -1.667505;true;Abri simple;Grand public;6-1289
1428;2025-09-01;;Oui;1428;Hôtel de Région;35238;Rennes;48.134522, -1.658625;true;Abri simple;Grand public;6-1428
1303;2024-09-02;;Oui;1303;Département 35;35238;Rennes;48.128364, -1.694162;true;Abri simple;Grand public;6-1303
1430;2022-10-24;;Oui;1430;Painlevé;35238;Rennes;48.123662, -1.659292;true;Abri simple;Grand public;6-1430
1304;2022-10-24;;Oui;1304;Cucillé - Frac;35238;Rennes;48.128505, -1.698678;true;Abri simple;Grand public;6-1304
1432;2022-10-24;;Oui;1432;Vitré Foulon;35238;Rennes;48.118769, -1.649907;true;Abri auvent;Grand public;6-1432
1312;2022-10-24;;Oui;1312;Beaulieu Chimie;35238;Rennes;48.116547, -1.633917;true;Abri double;Grand public;6-1312
1440;2024-12-02;;Oui;1440;Le Blosne;35238;Rennes;48.086868, -1.653949;true;Abri provisoire;Grand public;6-1440
1316;2022-10-24;;Oui;1316;Raison;35238;Rennes;48.101172, -1.652908;true;Abri simple;Grand public;6-1316
1451;2025-09-01;;Oui;1451;Lycée Bréquigny;35238;Rennes;48.086866, -1.691327;true;Abri simple;Grand public;6-1451
1324;2016-08-29;;Oui;1324;Domaine;35238;Rennes;48.097687, -1.642466;true;Abri simple;Grand public;6-1324
1452;2025-09-01;;Oui;1452;Bréquigny Piscine;35238;Rennes;48.089851, -1.690987;true;Abri simple;Grand public;6-1452
1326;2024-07-08;;Oui;1326;Villebois-Mareuil;35238;Rennes;48.101226, -1.649593;true;Abri simple;Grand public;6-1326
1457;2016-08-29;;Oui;1457;Norvège;35238;Rennes;48.086769, -1.683855;true;Abri simple;Grand public;6-1457
1337;2015-08-31;;Oui;1337;Sainte-Thérèse;35238;Rennes;48.097532, -1.66289;true;Poteau;Grand public;6-1337
1459;2022-10-24;;Oui;1459;Henri Fréville;35238;Rennes;48.088079, -1.674274;true;Abri simple;Grand public;6-1459
1341;2015-08-31;;Oui;1341;Landrel;35238;Rennes;48.091229, -1.654549;true;Abri simple;Grand public;6-1341
1460;2022-10-24;;Oui;1460;Argonautes;35238;Rennes;48.091264, -1.67416;true;Abri simple;Grand public;6-1460
1342;2015-08-31;;Oui;1342;Pologne;35238;Rennes;48.09118, -1.651727;true;Abri simple;Grand public;6-1342
1467;2022-10-24;;Oui;1467;Le Blosne;35238;Rennes;48.087112, -1.653791;true;Abri simple;Grand public;6-1467
1344;2023-09-04;2025-11-02;Oui;1344;Galicie;35238;Rennes;48.087695, -1.650116;true;Abri simple;Grand public;6-1344
1353;2016-08-29;;Oui;1353;Torigné;35238;Rennes;48.084534, -1.657938;true;Abri simple;Grand public;6-1353
1485;2025-09-01;;Oui;1485;Saint-Laurent;35238;Rennes;48.137957, -1.658769;true;Abri simple;Grand public;6-1485
1386;2024-07-08;;Oui;1386;Guérinais;35238;Rennes;48.098922, -1.705458;true;Abri simple;Grand public;6-1386
1493;2025-09-01;;Oui;1493;Tillon;35238;Rennes;48.127193, -1.693382;true;Abri simple;Grand public;6-1493
1388;2024-07-08;;Oui;1388;Montand;35238;Rennes;48.09933, -1.711203;true;Abri simple;Grand public;6-1388
1499;2022-10-24;;Oui;1499;Colin;35238;Rennes;48.116293, -1.716057;true;Abri simple;Grand public;6-1499
1404;2022-10-24;;Oui;1404;Trégain;35238;Rennes;48.126731, -1.658475;true;Abri simple;Grand public;6-1404
1510;2022-10-24;;Oui;1510;Henri Fréville;35238;Rennes;48.087821, -1.674429;true;Abri double;Grand public;6-1510
1411;2022-10-24;;Oui;1411;Bellangerais;35238;Rennes;48.132095, -1.672892;true;Abri simple;Grand public;6-1411
1520;2022-10-24;;Oui;1520;Bourbonnais;35238;Rennes;48.120479, -1.709544;true;Abri simple;Grand public;6-1520
1413;2002-01-01;;Oui;1413;Villejean-Churchill;35238;Rennes;48.11863, -1.707961;true;Abri simple;Grand public;6-1413
1522;2022-10-24;;Oui;1522;Piletière;35238;Rennes;48.113891, -1.642688;true;Abri simple;Grand public;6-1522
1425;2002-01-01;;Oui;1425;Trois Croix;35238;Rennes;48.128, -1.682448;true;Abri simple;Grand public;6-1425
1539;2022-10-24;;Oui;1539;Lemaistre;35238;Rennes;48.10716, -1.725074;true;Abri simple;Grand public;6-1539
1437;2024-07-08;;Oui;1437;Villebois-Mareuil;35238;Rennes;48.100804, -1.649824;true;Abri auvent;Grand public;6-1437
1553;2025-09-01;;Oui;1553;Villejean-Université;35238;Rennes;48.121297, -1.702339;true;Abri simple;Grand public;6-1553
1450;2022-10-24;;Oui;1450;Coubertin;35238;Rennes;48.08669, -1.688453;true;Abri simple;Grand public;6-1450
1555;2024-09-02;;Oui;1555;Fossés;35238;Rennes;48.113286, -1.675292;true;Abri auvent;Grand public;6-1555
1456;2016-08-29;;Oui;1456;Coubertin;35238;Rennes;48.086541, -1.687451;true;Abri simple;Grand public;6-1456
1590;2025-09-01;;Oui;1590;Jules Verne;35238;Rennes;48.099062, -1.693043;true;Abri simple;Grand public;6-1590
1462;2022-10-24;;Oui;1462;Combes;35238;Rennes;48.093481, -1.670014;true;Abri simple;Grand public;6-1462
1603;2025-01-02;;Oui;1603;Les Préales;35238;Rennes;48.1132, -1.641269;true;Abri double;Grand public;6-1603
1471;2025-04-11;;Oui;1471;Cimetière de l'Est;35238;Rennes;48.103746, -1.649589;true;Abri simple;Grand public;6-1471
1610;2025-01-01;;Oui;1610;Tournebride;35238;Rennes;48.11403, -1.636024;true;Abri double;Grand public;6-1610
1477;2022-10-24;;Oui;1477;Gares;35238;Rennes;48.104056, -1.671736;true;Abri double;Grand public;6-1477
1613;2016-08-29;;Oui;1613;Saint-Conwoïon;35238;Rennes;48.10291, -1.688861;true;Abri simple;Grand public;6-1613
1481;2022-10-24;;Oui;1481;Pâtis Tatelin;35238;Rennes;48.129802, -1.642228;true;Abri simple;Grand public;6-1481
1629;2023-09-04;;Oui;1629;Pré Garel;35238;Rennes;48.103989, -1.635244;true;Abri auvent;Grand public;6-1629
1491;2025-09-01;;Oui;1491;Saint-Laurent;35238;Rennes;48.138937, -1.658282;true;Abri simple;Grand public;6-1491
1633;2002-01-01;;Oui;1633;Haut Sancé;35238;Rennes;48.09665, -1.636578;true;Poteau;Grand public;6-1633
1495;2025-09-01;;Oui;1495;Tillon;35238;Rennes;48.126724, -1.693071;true;Abri simple;Grand public;6-1495
1647;2016-08-29;;Oui;1647;Henri Fréville;35238;Rennes;48.087324, -1.674445;true;Abri simple;Grand public;6-1647
1497;2024-11-18;;Oui;1497;Villejean-Université;35238;Rennes;48.120976, -1.702947;true;Abri simple;Grand public;6-1497
1650;2015-07-06;;Oui;1650;La Poterie;35238;Rennes;48.087477, -1.643163;true;Abri simple;Grand public;6-1650
1500;2025-09-01;;Oui;1500;Institut Agro;35238;Rennes;48.113197, -1.704478;true;Abri simple;Grand public;6-1500
1656;2022-10-24;;Oui;1656;Volney;35238;Rennes;48.125254, -1.667845;true;Abri simple;Grand public;6-1656
1501;2025-09-01;;Oui;1501;République;35238;Rennes;48.109396, -1.679828;true;Abri double;Grand public;6-1501
1657;2022-10-24;;Oui;1657;Volney;35238;Rennes;48.125278, -1.667616;true;Poteau;Grand public;6-1657
1502;2025-09-01;;Oui;1502;Institut Agro;35238;Rennes;48.113952, -1.705467;true;Abri simple;Grand public;6-1502
1663;2022-10-24;;Oui;1663;Gares;35238;Rennes;48.104211, -1.670598;true;Abri provisoire;Grand public;6-1663
1504;2015-07-02;;Oui;1504;Petit Champeaux;35238;Rennes;48.116353, -1.723158;true;Abri simple;Grand public;6-1504
1666;2017-05-25;;Oui;1666;Atalante Champeaux;35238;Rennes;48.113386, -1.71356;true;Abri simple;Grand public;6-1666
1507;2022-10-24;;Oui;1507;Lycée Zola;35238;Rennes;48.109406, -1.6751;true;Abri auvent;Grand public;6-1507
1667;2017-11-29;;Oui;1667;Robiquette;35238;Rennes;48.136279, -1.696935;true;Poteau;Grand public;6-1667
1508;2022-10-24;;Oui;1508;Berthault;35238;Rennes;48.106699, -1.729101;true;Abri auvent;Grand public;6-1508
1671;2018-09-03;;Oui;1671;La Harpe;35238;Rennes;48.125681, -1.710334;true;Abri simple;Grand public;6-1671
1509;2015-08-31;;Oui;1509;Henri Fréville;35238;Rennes;48.087843, -1.674564;true;Abri simple;Grand public;6-1509
1672;2018-09-03;;Oui;1672;Meynier;35238;Rennes;48.128019, -1.707938;true;Abri simple;Grand public;6-1672
1516;2022-10-24;;Oui;1516;Bois Perrin;35238;Rennes;48.115973, -1.648367;false;Abri auvent;Grand public;6-1516
1676;2018-09-03;;Oui;1676;Dulac;35238;Rennes;48.133557, -1.695983;true;Abri simple;Grand public;6-1676
1519;2024-09-02;;Oui;1519;Villejean-Université;35238;Rennes;48.12107, -1.702948;true;Abri simple;Grand public;6-1519
1681;2018-09-03;;Oui;1681;La Harpe;35238;Rennes;48.125455, -1.710391;true;Abri simple;Grand public;6-1681
1686;2024-07-08;2025-11-02;Oui;1686;La Poterie;35238;Rennes;48.088721, -1.644782;true;Abri simple;Grand public;6-1686
1547;2023-09-04;;Oui;1547;Etangs d'Apigné;35238;Rennes;48.091983, -1.737811;true;Poteau;Grand public;6-1547
1688;2024-07-08;;Oui;1688;Becquerel;35238;Rennes;48.120435, -1.631801;true;Poteau;Grand public;6-1688
1566;2016-08-29;;Oui;1566;Lycée Basch;35238;Rennes;48.125579, -1.692544;true;Abri simple;Grand public;6-1566
1706;2024-09-02;;Oui;1706;Place Pasteur;35238;Rennes;48.111118, -1.674557;true;Abri simple;Grand public;6-1706
1569;2021-05-10;;Oui;1569;Collège Rosa Parks;35238;Rennes;48.122541, -1.716445;false;Poteau;Grand public;6-1569
1712;2022-10-24;;Oui;1712;Mabilais;35238;Rennes;48.105451, -1.693459;true;Abri simple;Grand public;6-1712
1596;2002-01-01;;Oui;1596;Clotilde Vautier;35238;Rennes;48.125843, -1.668452;false;Abri auvent;Grand public;6-1596
1714;2022-10-24;;Oui;1714;Mabilais;35238;Rennes;48.105142, -1.691901;true;Poteau;Grand public;6-1714
1625;2002-01-01;;Oui;1625;Armorique;35238;Rennes;48.130707, -1.675887;true;Abri simple;Grand public;6-1625
1716;2022-10-24;;Oui;1716;Mabilais;35238;Rennes;48.105829, -1.693413;true;Poteau;Grand public;6-1716
1626;2002-01-01;;Oui;1626;Armorique;35238;Rennes;48.130604, -1.677108;true;Abri auvent;Grand public;6-1626
1717;2022-10-24;;Oui;1717;Mabilais;35238;Rennes;48.10567, -1.693268;true;Poteau;Grand public;6-1717
1634;2022-10-24;;Oui;1634;Painlevé;35238;Rennes;48.123687, -1.660505;true;Abri simple;Grand public;6-1634
1725;2025-09-01;;Oui;1725;Les Gayeulles;35238;Rennes;48.129932, -1.656876;true;Abri simple;Grand public;6-1725
1636;2025-09-01;;Oui;1636;Haut Sancé;35238;Rennes;48.095944, -1.637141;true;Abri simple;Grand public;6-1636
1735;2022-10-24;;Oui;1735;Leray;35238;Rennes;48.09572, -1.662127;true;Abri simple;Grand public;6-1735
1640;2015-01-05;;Oui;1640;Lycée Mendès France;35238;Rennes;48.133668, -1.684561;false;Poteau;Grand public;6-1640
1739;2025-07-07;;Oui;1739;Beaulieu Chimie;35238;Rennes;48.117697, -1.634268;true;Abri simple;Grand public;6-1739
1643;2002-01-01;;Oui;1643;Chambre Agriculture;35238;Rennes;48.114791, -1.715576;true;Abri auvent;Grand public;6-1643
1740;2025-09-01;;Oui;1740;Charles de Gaulle;35238;Rennes;48.104779, -1.677293;true;Poteau;Grand public;6-1740
1654;2022-10-24;;Oui;1654;Motte Brûlon;35238;Rennes;48.129576, -1.674167;true;Abri simple;Grand public;6-1654
1746;2022-08-29;;Oui;1746;La Poterie;35238;Rennes;48.087318, -1.642428;true;Abri simple;Grand public;6-1746
1655;2022-10-24;;Oui;1655;Motte Brûlon;35238;Rennes;48.129935, -1.673847;true;Abri simple;Grand public;6-1655
1767;2025-09-01;;Oui;1767;Vitré Foulon;35238;Rennes;48.119559, -1.650183;true;Abri;Grand public;6-1767
1670;2018-09-03;;Oui;1670;Normandie;35238;Rennes;48.12383, -1.70903;true;Abri simple;Grand public;6-1670
2002;2024-09-02;;Oui;2002;Cesson Hôpital Privé;35051;Cesson-Sévigné;48.130225, -1.627669;true;Abri simple;Grand public;6-2002
1678;2018-09-03;;Oui;1678;Malraux;35238;Rennes;48.133645, -1.703096;true;Abri simple;Grand public;6-1678
2013;2022-10-24;;Oui;2013;Vilaine;35051;Cesson-Sévigné;48.116363, -1.607332;true;Abri simple;Grand public;6-2013
2044;2024-02-12;;Oui;2044;Belle Fontaine;35051;Cesson-Sévigné;48.127353, -1.624328;true;Abri simple;Grand public;6-2044
1687;2024-07-08;;Oui;1687;Becquerel;35238;Rennes;48.120643, -1.631769;true;Poteau;Grand public;6-1687
2045;2025-01-02;;Oui;2045;Atalante;35051;Cesson-Sévigné;48.127339, -1.628368;true;Poteau;Grand public;6-2045
1700;2025-01-02;;Oui;1700;François Château;35238;Rennes;48.111089, -1.648864;true;Abri double;Grand public;6-1700
2050;2024-07-08;;Oui;2050;Cesson Collège;35051;Cesson-Sévigné;48.120327, -1.599292;true;Abri simple;Grand public;6-2050
1711;2024-11-12;;Oui;1711;Joliot-Curie - Chateaubriand;35238;Rennes;48.123666, -1.651532;true;Abri double;Grand public;6-1711
2055;2022-10-24;;Oui;2055;Cesson Piscine;35051;Cesson-Sévigné;48.119805, -1.602008;true;Abri simple;Grand public;6-2055
1713;2022-10-24;;Oui;1713;Mabilais;35238;Rennes;48.105445, -1.693336;true;Abri simple;Grand public;6-1713
2057;2024-07-08;;Oui;2057;Cesson Gare;35051;Cesson-Sévigné;48.113929, -1.603327;true;Abri simple;Grand public;6-2057
1719;2022-10-24;;Oui;1719;Vaneau;35238;Rennes;48.10932, -1.692776;true;Abri simple;Grand public;6-1719
2059;2024-07-08;;Oui;2059;Monniais;35051;Cesson-Sévigné;48.109309, -1.609063;true;Abri simple;Grand public;6-2059
1728;2022-10-24;;Oui;1728;Berthault;35238;Rennes;48.105825, -1.729307;true;Poteau;Grand public;6-1728
2062;2024-07-08;;Oui;2062;Rond Point de Bray;35051;Cesson-Sévigné;48.107806, -1.614024;true;Poteau;Grand public;6-2062
1729;2022-10-24;;Oui;1729;Metz Volney;35238;Rennes;48.121573, -1.66266;true;Poteau;Grand public;6-1729
2070;2022-10-24;;Oui;2070;Victoire;35051;Cesson-Sévigné;48.145076, -1.608687;true;Abri simple;Grand public;6-2070
1749;2022-10-28;;Oui;1749;Saint-Georges;35238;Rennes;48.112376, -1.675349;true;Poteau;Grand public;6-1749
2106;2002-01-01;;Oui;2106;Champelé;35051;Cesson-Sévigné;48.116039, -1.582351;true;Poteau;Grand public;6-2106
1757;2002-01-01;;Oui;1757;Henri Fréville;35238;Rennes;48.087087, -1.674279;true;Abri;Grand public;6-1757
2107;2016-08-29;;Oui;2107;Ménouriais;35051;Cesson-Sévigné;48.099649, -1.603061;true;Abri simple;Grand public;6-2107
2003;2024-09-02;;Oui;2003;Cesson Hôpital Privé;35051;Cesson-Sévigné;48.130079, -1.627903;true;Poteau;Grand public;6-2003
2113;2024-09-02;;Oui;2113;Chêne Germain;35051;Cesson-Sévigné;48.130847, -1.623234;true;Abri simple;Grand public;6-2113
2008;2024-07-08;;Oui;2008;La Coulée;35051;Cesson-Sévigné;48.123603, -1.604539;true;Abri simple;Grand public;6-2008
2119;2016-08-29;;Oui;2119;Prieuré Forge;35051;Cesson-Sévigné;48.108229, -1.580927;false;Poteau;Grand public;6-2119
2009;2024-07-08;;Oui;2009;Fontenelle;35051;Cesson-Sévigné;48.123576, -1.608241;true;Abri simple;Grand public;6-2009
2121;2022-10-24;;Oui;2121;Longs Champs Est;35051;Cesson-Sévigné;48.130363, -1.631286;true;Poteau;Grand public;6-2121
2011;2022-10-24;;Oui;2011;Maison d'Accueil;35051;Cesson-Sévigné;48.121043, -1.609895;true;Abri simple;Grand public;6-2011
2129;2022-10-24;;Oui;2129;Atalante;35238;Rennes;48.127674, -1.629045;true;Abri simple;Grand public;6-2129
2024;2022-10-24;;Oui;2024;Muguet;35051;Cesson-Sévigné;48.118427, -1.608335;true;Abri simple;Grand public;6-2024
2134;2023-04-17;;Oui;2134;Cesson - Viasilva;35051;Cesson-Sévigné;48.132676, -1.620214;true;Abri simple;Grand public;6-2134
2033;2024-07-08;;Oui;2033;Bas Village;35051;Cesson-Sévigné;48.10146, -1.623443;true;Abri auvent;Grand public;6-2033
2139;2023-04-17;;Oui;2139;Cesson - Viasilva;35051;Cesson-Sévigné;48.132591, -1.619553;true;Abri simple;Grand public;6-2139
2034;2024-07-08;;Oui;2034;Forum;35051;Cesson-Sévigné;48.099553, -1.621129;true;Abri simple;Grand public;6-2034
2148;2022-10-24;;Oui;2148;Dézerseul;35051;Cesson-Sévigné;48.122587, -1.59173;true;Abri simple;Grand public;6-2148
2036;2024-07-08;;Oui;2036;Bas Village;35051;Cesson-Sévigné;48.101121, -1.624094;true;Abri simple;Grand public;6-2036
2151;2024-07-08;;Oui;2151;Les Lacs;35051;Cesson-Sévigné;48.125362, -1.613001;true;Abri simple;Grand public;6-2151
2039;2016-08-29;;Oui;2039;Bordage;35051;Cesson-Sévigné;48.114439, -1.600468;true;Abri simple;Grand public;6-2039
2162;2023-09-04;;Oui;2162;Petite Monniais;35051;Cesson-Sévigné;48.103828, -1.604056;true;Poteau;Grand public;6-2162
2041;2024-07-08;;Oui;2041;Cesson Collège;35051;Cesson-Sévigné;48.120507, -1.599528;true;Abri simple;Grand public;6-2041
2206;2023-09-04;;Oui;2206;Maltière;35281;Saint-Jacques-de-la-Lande;48.087668, -1.706837;true;Abri simple;Grand public;6-2206
2043;2022-10-24;;Oui;2043;Cormier;35051;Cesson-Sévigné;48.124354, -1.618478;true;Abri simple;Grand public;6-2043
2216;2017-04-18;;Oui;2216;Pressoirs;35281;Saint-Jacques-de-la-Lande;48.087236, -1.694679;true;Poteau;Grand public;6-2216
2046;2024-07-08;;Oui;2046;Atalante;35051;Cesson-Sévigné;48.127296, -1.62793;true;Abri simple;Grand public;6-2046
2217;2016-08-29;;Oui;2217;25 Fusillés;35281;Saint-Jacques-de-la-Lande;48.090676, -1.695068;true;Abri simple;Grand public;6-2217
2054;2022-10-24;;Oui;2054;Métairies Chalotais;35051;Cesson-Sévigné;48.123044, -1.602015;true;Abri simple;Grand public;6-2054
2227;2022-10-24;;Oui;2227;Croix Verte;35281;Saint-Jacques-de-la-Lande;48.089415, -1.697855;true;Poteau;Grand public;6-2227
2060;2024-07-08;;Oui;2060;Rond Point de Bray;35051;Cesson-Sévigné;48.107814, -1.614694;true;Abri simple;Grand public;6-2060
2236;2022-10-24;;Oui;2236;Parc Expo;35281;Saint-Jacques-de-la-Lande;48.060083, -1.734051;true;Abri simple;Grand public;6-2236
2064;2024-10-07;;Oui;2064;Peupliers;35051;Cesson-Sévigné;48.112543, -1.607238;true;Poteau;Grand public;6-2064
2241;2022-10-24;;Oui;2241;St-Jacques Mairie;35281;Saint-Jacques-de-la-Lande;48.080515, -1.712581;false;Abri simple;Grand public;6-2241
2067;2022-10-24;;Oui;2067;Cesson Piscine;35051;Cesson-Sévigné;48.120554, -1.602487;true;Poteau;Grand public;6-2067
2250;2020-06-25;;Oui;2250;Reuzerais;35281;Saint-Jacques-de-la-Lande;48.086738, -1.724237;false;Poteau;Grand public;6-2250
2071;2022-10-24;;Oui;2071;Calendrou;35051;Cesson-Sévigné;48.140361, -1.616947;true;Abri simple;Grand public;6-2071
2262;2023-01-03;;Oui;2262;Vallon;35281;Saint-Jacques-de-la-Lande;48.068918, -1.697856;true;Abri simple;Grand public;6-2262
2074;2024-07-08;;Oui;2074;Mare Pavée;35051;Cesson-Sévigné;48.123579, -1.611243;true;Abri simple;Grand public;6-2074
2263;2022-10-24;;Oui;2263;Jean Jaurès;35281;Saint-Jacques-de-la-Lande;48.082518, -1.71229;true;Abri simple;Grand public;6-2263
2086;2022-10-24;;Oui;2086;Bordage;35051;Cesson-Sévigné;48.114303, -1.600387;true;Abri double;Grand public;6-2086
2280;2022-10-24;;Oui;2280;Saint-Jacques - Gaîté;35281;Saint-Jacques-de-la-Lande;48.092176, -1.702729;true;Abri simple;Grand public;6-2280
2089;2024-09-02;;Oui;2089;Rigourdière;35051;Cesson-Sévigné;48.113457, -1.590347;true;Abri simple;Grand public;6-2089
2286;2022-10-24;;Oui;2286;La Courrouze;35281;Saint-Jacques-de-la-Lande;48.096858, -1.697745;true;Poteau;Grand public;6-2286
2091;2016-09-01;;Oui;2091;Lycée Sévigné;35051;Cesson-Sévigné;48.119008, -1.598094;true;Abri simple;Grand public;6-2091
2307;2022-10-24;;Oui;2307;Gavrinis;35047;Bruz;48.031326, -1.759446;true;Abri simple;Grand public;6-2307
2104;2023-03-03;;Oui;2104;Haut Grippé;35051;Cesson-Sévigné;48.115009, -1.589873;true;Poteau;Grand public;6-2104
2308;2022-10-24;;Oui;2308;Croix Madame;35047;Bruz;48.041428, -1.754429;true;Abri simple;Grand public;6-2308
2123;2023-09-04;;Oui;2123;Buisson;35051;Cesson-Sévigné;48.104623, -1.630406;true;Abri simple;Grand public;6-2123
2312;2024-09-02;;Oui;2312;Etangs;35047;Bruz;48.049455, -1.740488;true;Abri simple;Grand public;6-2312
2131;2024-09-02;;Oui;2131;Cesson - Viasilva;35051;Cesson-Sévigné;48.13264, -1.619962;true;Abri simple;Grand public;6-2131
2322;2022-10-24;;Oui;2322;Vert Buisson;35047;Bruz;48.029444, -1.758041;true;Abri simple;Grand public;6-2322
2137;2024-07-08;;Oui;2137;Cesson - Viasilva;35051;Cesson-Sévigné;48.132422, -1.620115;true;Abri simple;Grand public;6-2137
2326;2002-01-01;;Oui;2326;Doublé;35047;Bruz;48.03404, -1.723856;false;Poteau;Grand public;6-2326
2140;2023-04-17;;Oui;2140;Cesson - Viasilva;35051;Cesson-Sévigné;48.132774, -1.619865;true;Abri simple;Grand public;6-2140
2334;2022-10-24;;Oui;2334;Pasteur;35047;Bruz;48.023836, -1.736063;true;Abri simple;Grand public;6-2334
2144;2022-10-24;;Oui;2144;Sports et Nature;35051;Cesson-Sévigné;48.114326, -1.608601;true;Abri auvent;Grand public;6-2144
2338;2022-10-24;;Oui;2338;Lavoisier;35047;Bruz;48.033244, -1.733097;true;Abri double;Grand public;6-2338
2153;2025-09-01;;Oui;2153;Touche Lambert;35051;Cesson-Sévigné;48.135053, -1.622807;true;Poteau;Grand public;6-2153
2341;2022-10-24;;Oui;2341;Pasteur;35047;Bruz;48.023635, -1.736278;true;Poteau;Grand public;6-2341
2158;2020-09-01;;Oui;2158;Salmondière;35051;Cesson-Sévigné;48.100589, -1.561337;false;Poteau;Grand public;6-2158
2345;2025-09-01;;Oui;2345;Rabine;35047;Bruz;48.023397, -1.762239;true;Poteau;Grand public;6-2345
2237;2022-10-24;;Oui;2237;Aire Libre;35281;Saint-Jacques-de-la-Lande;48.067391, -1.721673;true;Abri simple;Grand public;6-2237
2366;2025-09-01;;Oui;2366;Aire du 8 Mai;35047;Bruz;48.026878, -1.745504;false;Non matérialisé;Grand public;6-2366
2240;2022-10-24;;Oui;2240;St-Jacques Mairie;35281;Saint-Jacques-de-la-Lande;48.08061, -1.712291;false;Abri simple;Grand public;6-2240
2372;2018-09-03;;Oui;2372;Bruz Gare;35047;Bruz;48.029078, -1.752656;true;Abri simple;Grand public;6-2372
2244;2022-10-24;;Oui;2244;Parc Expo;35281;Saint-Jacques-de-la-Lande;48.059798, -1.734533;true;Abri simple;Grand public;6-2244
2381;2024-09-02;;Oui;2381;Ecotais;35047;Bruz;48.021854, -1.732782;false;Poteau;Grand public;6-2381
2249;2002-01-01;;Oui;2249;Le Pâtis;35281;Saint-Jacques-de-la-Lande;48.084976, -1.727769;true;Abri double;Grand public;6-2249
2382;2024-09-02;;Oui;2382;Ecotais;35047;Bruz;48.021769, -1.732766;false;Poteau;Grand public;6-2382
2254;2002-01-01;;Oui;2254;Le Pâtis;35281;Saint-Jacques-de-la-Lande;48.085041, -1.72792;true;Poteau;Grand public;6-2254
2402;2025-09-01;;Oui;2402;Omblais;35024;Betton;48.179313, -1.651057;true;Abri simple;Grand public;6-2402
2264;2022-10-24;;Oui;2264;Jean Jaurès;35281;Saint-Jacques-de-la-Lande;48.08283, -1.713061;true;Poteau;Grand public;6-2264
2405;2025-09-01;;Oui;2405;Betton Mairie;35024;Betton;48.18188, -1.641706;true;Abri simple;Grand public;6-2405
2267;2002-01-01;;Oui;2267;Auriol;35281;Saint-Jacques-de-la-Lande;48.075284, -1.729494;false;Poteau;Grand public;6-2267
2414;2025-09-01;;Oui;2414;Housset;35024;Betton;48.172697, -1.637299;true;Abri simple;Grand public;6-2414
2274;2022-10-24;;Oui;2274;Jean Pont;35281;Saint-Jacques-de-la-Lande;48.092049, -1.698127;true;Poteau;Grand public;6-2274
2418;2025-09-01;;Oui;2418;Betton Mairie;35024;Betton;48.181955, -1.641202;true;Poteau;Grand public;6-2418
2278;2024-07-08;;Oui;2278;Saint-Jacques - Gaîté;35281;Saint-Jacques-de-la-Lande;48.091922, -1.703955;true;Abri simple;Grand public;6-2278
2428;2025-09-01;;Oui;2428;Cour Neuve;35024;Betton;48.175562, -1.622799;false;Poteau;Grand public;6-2428
2283;2025-01-01;;Oui;2283;Saint-Jacques - Gaîté;35281;Saint-Jacques-de-la-Lande;48.091789, -1.70317;true;Abri simple;Grand public;6-2283
2429;2022-10-24;;Oui;2429;Petite Hublais;35024;Betton;48.182213, -1.615836;true;Poteau;Grand public;6-2429
2290;2022-10-24;;Oui;2290;Germaine Tillion;35281;Saint-Jacques-de-la-Lande;48.094826, -1.706208;true;Abri double;Grand public;6-2290
2434;2025-09-01;;Oui;2434;J. Sébastien Bach;35024;Betton;48.186413, -1.633119;true;Poteau;Grand public;6-2434
2305;2022-10-24;;Oui;2305;Vert Buisson;35047;Bruz;48.02934, -1.757928;true;Abri simple;Grand public;6-2305
2437;2025-09-01;;Oui;2437;Betton Centre;35024;Betton;48.181615, -1.639287;true;Abri simple;Grand public;6-2437
2306;2018-09-03;;Oui;2306;Cicé Blossac;35047;Bruz;48.033623, -1.765961;true;Abri simple;Grand public;6-2306
2449;2022-10-24;;Oui;2449;Trégor;35024;Betton;48.183585, -1.646227;true;Poteau;Grand public;6-2449
2316;2024-09-02;;Oui;2316;Etangs;35047;Bruz;48.04936, -1.740717;true;Abri simple;Grand public;6-2316
2451;2025-09-01;;Oui;2451;Gentilhommière;35024;Betton;48.190814, -1.629372;true;Abri simple;Grand public;6-2451
2329;2025-09-01;;Oui;2329;Croix Vaisserelle;35047;Bruz;48.008151, -1.774096;true;Poteau;Grand public;6-2329
2452;2022-10-24;;Oui;2452;Chaperonnais;35024;Betton;48.175439, -1.662387;true;Abri simple;Grand public;6-2452
2332;2025-09-01;;Oui;2332;Epalet;35047;Bruz;48.019499, -1.744965;true;Abri simple;Grand public;6-2332
1003;2024-09-02;;Oui;1003;Gallet;35238;Rennes;48.127349, -1.640438;true;Abri simple;Grand public;6-1003
2454;2022-10-24;;Oui;2454;Renaudais;35024;Betton;48.183178, -1.654824;true;Abri simple;Grand public;6-2454
2336;2022-10-24;;Oui;2336;Champ Niguel;35047;Bruz;48.030243, -1.73438;true;Abri simple;Grand public;6-2336
1004;2024-09-02;;Oui;1004;Donzelot;35238;Rennes;48.125228, -1.64269;true;Abri simple;Grand public;6-1004
2458;2022-10-24;;Oui;2458;Gentilhommière;35024;Betton;48.190974, -1.628963;true;Poteau;Grand public;6-2458
2340;2022-10-24;;Oui;2340;Bobinais;35047;Bruz;48.025987, -1.734566;true;Poteau;Grand public;6-2340
1007;2024-09-02;;Oui;1007;Assomption;35238;Rennes;48.121452, -1.655065;true;Abri simple;Grand public;6-1007
2465;2002-01-01;;Oui;2465;Betton Gare;35024;Betton;48.181772, -1.634778;false;Poteau BreizhGo;Grand public;6-2465
2346;2025-09-01;;Oui;2346;Croix Vaisserelle;35047;Bruz;48.008256, -1.773861;true;Abri simple;Grand public;6-2346
1009;2024-09-02;;Oui;1009;Metz Volney;35238;Rennes;48.121619, -1.663205;true;Abri simple;Grand public;6-1009
2466;2025-09-22;2025-11-02;Oui;2466;Les Ormes;35024;Betton;48.17921, -1.631824;true;Poteau;Grand public;6-2466
2347;2025-09-01;;Oui;2347;Pont-Réan;35047;Bruz;48.004213, -1.775394;true;Poteau;Grand public;6-2347
1011;2024-09-02;;Oui;1011;Jules Ferry;35238;Rennes;48.118371, -1.670531;true;Abri simple;Grand public;6-1011
2468;2025-09-22;2025-11-02;Oui;2468;Les Ormes;35024;Betton;48.179579, -1.632389;true;Poteau;Grand public;6-2468
2351;2002-01-01;;Oui;2351;Mare de la Salle;35047;Bruz;48.029186, -1.71972;false;Abri simple;Grand public;6-2351
1024;2022-10-28;;Oui;1024;République Nemours;35238;Rennes;48.109965, -1.6803;true;Abri bâti;Grand public;6-1024
2506;2002-01-01;;Oui;2506;Genêts;35240;Le Rheu;48.099256, -1.791107;true;Abri simple;Grand public;6-2506
2361;2022-10-24;;Oui;2361;Bruz Centre;35047;Bruz;48.024493, -1.744619;true;Poteau;Grand public;6-2361
1026;2022-10-28;;Oui;1026;Sainte-Anne;35238;Rennes;48.11482, -1.679242;true;Abri auvent;Grand public;6-1026
2507;2020-01-01;;Oui;2507;Barberais;35240;Le Rheu;48.097541, -1.781427;true;Abri simple;Grand public;6-2507
2371;2024-09-02;;Oui;2371;Roche Marguerite;35047;Bruz;47.996666, -1.739761;false;Poteau;Grand public;6-2371
1041;2024-09-02;;Oui;1041;Trois Croix;35238;Rennes;48.129061, -1.683692;true;Abri simple;Grand public;6-1041
2514;2023-09-04;;Oui;2514;Barberais;35240;Le Rheu;48.097652, -1.781644;true;Poteau;Grand public;6-2514
2374;2022-10-24;;Oui;2374;Châteliers;35047;Bruz;48.02412, -1.752947;true;Abri simple;Grand public;6-2374
1042;2024-09-02;;Oui;1042;Cimetière Nord;35238;Rennes;48.123939, -1.681724;true;Abri simple;Grand public;6-1042
2515;2022-10-24;;Oui;2515;Genêts;35240;Le Rheu;48.099301, -1.790758;true;Poteau;Grand public;6-2515
2376;2022-10-24;;Oui;2376;Corbières;35047;Bruz;48.03532, -1.757335;true;Abri simple;Grand public;6-2376
1046;2024-09-02;;Oui;1046;Anatole France;35238;Rennes;48.11822, -1.689411;true;Abri simple;Grand public;6-1046
2530;2002-01-01;;Oui;2530;Haut Plessis;35240;Le Rheu;48.07872, -1.772014;false;Poteau;Grand public;6-2530
2415;2025-09-01;;Oui;2415;Marronniers;35024;Betton;48.176886, -1.637057;true;Abri simple;Grand public;6-2415
1051;2025-09-01;2025-11-02;Oui;1051;Place de Bretagne;35238;Rennes;48.109884, -1.683307;true;Abri auvent;Grand public;6-1051
2538;2002-01-01;;Oui;2538;Gaston Bardet;35240;Le Rheu;48.102258, -1.787338;true;Abri simple;Grand public;6-2538
2430;2025-09-01;;Oui;2430;Betton Rue de Rennes;35024;Betton;48.175984, -1.639609;true;Abri simple;Grand public;6-2430
1056;2022-10-24;;Oui;1056;Gares;35238;Rennes;48.104318, -1.67222;true;Abri double;Grand public;6-1056
2542;2024-09-02;;Oui;2542;Egalité;35240;Le Rheu;48.094449, -1.795746;true;Abri simple;Grand public;6-2542
2432;2025-09-01;;Oui;2432;J. Sébastien Bach;35024;Betton;48.186244, -1.633365;true;Abri simple;Grand public;6-2432
1061;2022-10-24;;Oui;1061;Bourgeois;35238;Rennes;48.097246, -1.654227;true;Abri simple;Grand public;6-1061
2543;2024-09-02;;Oui;2543;Platanes;35240;Le Rheu;48.103098, -1.798439;true;Poteau;Grand public;6-2543
2441;2022-10-24;;Oui;2441;Mézières;35024;Betton;48.184946, -1.649772;false;Poteau;Grand public;6-2441
1062;2022-10-24;;Oui;1062;Calmette;35238;Rennes;48.095099, -1.650539;false;Abri simple;Grand public;6-1062
2547;2024-09-02;;Oui;2547;Clos Joury;35240;Le Rheu;48.100325, -1.801571;true;Abri simple;Grand public;6-2547
2448;2022-10-24;;Oui;2448;Trégor;35024;Betton;48.183753, -1.646306;true;Abri simple;Grand public;6-2448
1091;2025-09-01;;Oui;1091;Place de Bretagne;35238;Rennes;48.109741, -1.683838;true;Abri simple;Grand public;6-1091
2601;2022-10-24;2026-01-04;Oui;2601;Croix Malinge;35352;Vern-sur-Seiche;48.038411, -1.602491;true;Abri simple;Grand public;6-2601
2453;2022-10-24;;Oui;2453;Chaperonnais;35024;Betton;48.175518, -1.66224;true;Poteau;Grand public;6-2453
1092;2024-11-18;;Oui;1092;Les Lices;35238;Rennes;48.111759, -1.686216;true;Abri simple;Grand public;6-1092
2607;2022-10-24;;Oui;2607;Haute Abbaye;35352;Vern-sur-Seiche;48.052742, -1.613849;true;Abri simple;Grand public;6-2607
2455;2022-10-24;;Oui;2455;Renaudais;35024;Betton;48.183245, -1.65458;true;Poteau;Grand public;6-2455
1094;2024-09-02;;Oui;1094;Brest Verdun;35238;Rennes;48.113228, -1.693296;true;Abri simple;Grand public;6-1094
2608;2022-10-24;;Oui;2608;Bretonnière;35352;Vern-sur-Seiche;48.058381, -1.616478;true;Poteau;Grand public;6-2608
2457;2022-10-24;;Oui;2457;Pont Brand;35024;Betton;48.178979, -1.660547;true;Poteau;Grand public;6-2457
1095;2024-09-02;;Oui;1095;La Touche;35238;Rennes;48.116523, -1.690735;true;Abri auvent;Grand public;6-1095
2610;2022-10-24;;Oui;2610;Garenne;35352;Vern-sur-Seiche;48.067778, -1.625763;true;Abri simple;Grand public;6-2610
2460;2021-07-07;;Oui;2460;Betton La Gaudière;35024;Betton;48.184499, -1.694003;false;Abri simple + Poteau BreizhGo;Grand public;6-2460
1099;2024-09-02;;Oui;1099;Saint-Martin;35238;Rennes;48.123593, -1.683579;true;Abri auvent;Grand public;6-1099
2616;2022-10-24;;Oui;2616;Haute Abbaye;35352;Vern-sur-Seiche;48.052568, -1.614007;true;Abri simple;Grand public;6-2616
2463;2022-08-29;;Oui;2463;Basse Robinais;35024;Betton;48.194024, -1.624978;true;Poteau;Grand public;6-2463
1101;2024-09-02;;Oui;1101;Trois Croix;35238;Rennes;48.127249, -1.683243;true;Abri simple;Grand public;6-1101
2617;2022-10-24;;Oui;2617;Fosse Gauchère;35352;Vern-sur-Seiche;48.049476, -1.611132;true;Abri simple;Grand public;6-2617
2508;2020-01-01;;Oui;2508;Les Pins;35240;Le Rheu;48.096883, -1.775831;true;Abri simple;Grand public;6-2508
1104;2022-10-24;;Oui;1104;Hôtel de Région;35238;Rennes;48.134754, -1.658557;true;Abri simple;Grand public;6-1104
2618;2022-10-24;;Oui;2618;Croix Rouge;35352;Vern-sur-Seiche;48.049051, -1.605897;false;Poteau;Grand public;6-2618
2513;2022-10-24;;Oui;2513;Les Pins;35240;Le Rheu;48.096983, -1.776059;true;Abri simple;Grand public;6-2513
1114;2022-10-24;;Oui;1114;Durafour;35238;Rennes;48.114502, -1.658068;true;Abri double;Grand public;6-1114
2620;2022-10-24;2026-01-04;Oui;2620;Bel Air;35352;Vern-sur-Seiche;48.043465, -1.601804;true;Poteau;Grand public;6-2620
2516;2023-09-04;;Oui;2516;Bouleaux;35240;Le Rheu;48.101827, -1.795028;true;Abri simple;Grand public;6-2516
1118;2022-10-24;;Oui;1118;Thabor;35238;Rennes;48.111797, -1.67124;true;Abri auvent;Grand public;6-1118
2631;2002-01-01;;Oui;2631;Moulin;35352;Vern-sur-Seiche;48.047709, -1.598639;false;Abri simple;Grand public;6-2631
2517;2025-09-01;;Oui;2517;L'Autre Lieu;35240;Le Rheu;48.099352, -1.796718;true;Poteau;Grand public;6-2517
1124;2023-08-01;;Oui;1124;Jacques Cartier;35238;Rennes;48.097387, -1.675516;true;Abri simple;Grand public;6-1124
2641;2002-01-01;;Oui;2641;Champ Martin;35352;Vern-sur-Seiche;48.059022, -1.612972;false;Poteau;Grand public;6-2641
2519;2024-09-02;;Oui;2519;Lycée Monod;35240;Le Rheu;48.100794, -1.806678;true;Abri double;Grand public;6-2519
1146;2023-08-01;;Oui;1146;Thabor;35238;Rennes;48.111888, -1.671085;false;Poteau;Grand public;6-1146
2646;2021-09-02;2026-01-04;Oui;2646;Vern Gare;35352;Vern-sur-Seiche;48.046977, -1.595946;false;Poteau provisoire;Grand public;6-2646
2520;2021-11-06;;Oui;2520;Noë Diolé;35240;Le Rheu;48.102477, -1.831154;false;Poteau;Grand public;6-2520
1156;2023-08-01;;Oui;1156;Le Blizz;35238;Rennes;48.131816, -1.65191;true;Abri simple;Grand public;6-1156
2702;2023-01-03;;Oui;2702;Vallon;35206;Noyal-Châtillon-sur-Seiche;48.068446, -1.697578;false;Abri simple;Grand public;6-2702
2523;2018-09-03;;Oui;2523;Mahomat;35240;Le Rheu;48.094073, -1.774088;true;Abri simple;Grand public;6-2523
1157;2023-08-01;;Oui;1157;Gayeulles Piscine;35238;Rennes;48.134935, -1.651955;true;Abri simple;Grand public;6-1157
2709;2025-09-01;;Oui;2709;Louis Texier;35206;Noyal-Châtillon-sur-Seiche;48.044074, -1.661168;true;Abri simple;Grand public;6-2709
2540;2024-09-02;;Oui;2540;Acquêts;35240;Le Rheu;48.096877, -1.798135;true;Abri simple;Grand public;6-2540
1158;2023-08-01;;Oui;1158;Héronière;35238;Rennes;48.135595, -1.656157;true;Abri simple;Grand public;6-1158
2714;2002-01-01;;Oui;2714;Hil-Bintinais;35206;Noyal-Châtillon-sur-Seiche;48.077229, -1.661073;true;Abri simple;Grand public;6-2714
2546;2024-09-02;;Oui;2546;Platanes;35240;Le Rheu;48.102938, -1.798347;true;Abri simple;Grand public;6-2546
1170;2022-10-24;;Oui;1170;Paul Bert;35238;Rennes;48.110002, -1.668988;true;Abri simple;Grand public;6-1170
2716;2022-10-24;;Oui;2716;Petit Beaulieu;35206;Noyal-Châtillon-sur-Seiche;48.068581, -1.665963;true;Poteau;Grand public;6-2716
1173;2025-01-01;;Oui;1173;Pont de Strasbourg;35238;Rennes;48.110053, -1.656137;true;Abri simple;Grand public;6-1173
2719;2022-10-24;;Oui;2719;Petite Saudrais;35206;Noyal-Châtillon-sur-Seiche;48.047013, -1.660972;true;Abri simple;Grand public;6-2719
2609;2022-10-24;;Oui;2609;Val d'Orson;35352;Vern-sur-Seiche;48.064132, -1.623248;true;Abri simple;Grand public;6-2609
1174;2022-10-24;;Oui;1174;Plaine de Baud;35238;Rennes;48.112442, -1.642889;true;Abri simple;Grand public;6-1174
2726;2022-10-03;;Oui;2726;Guyomerais;35206;Noyal-Châtillon-sur-Seiche;48.039669, -1.6767;true;Abri double;Grand public;6-2726
1175;2025-07-07;;Oui;1175;Beaulieu Chimie;35238;Rennes;48.117116, -1.633914;true;Abri simple;Grand public;6-1175
2727;2002-01-01;;Oui;2727;Pont;35206;Noyal-Châtillon-sur-Seiche;48.038457, -1.666545;true;Abri simple;Grand public;6-2727
1178;2022-10-24;;Oui;1178;Beaulieu Cité U;35238;Rennes;48.120832, -1.643865;true;Abri simple;Grand public;6-1178
2734;2025-09-01;;Oui;2734;Deux Rives;35206;Noyal-Châtillon-sur-Seiche;48.034273, -1.663366;true;Abri double;Grand public;6-2734
2627;2002-01-01;;Oui;2627;Vaugon;35352;Vern-sur-Seiche;48.031491, -1.59947;true;Abri simple;Grand public;6-2627
1179;2022-10-24;;Oui;1179;Jeanne d'Arc;35238;Rennes;48.117031, -1.655827;true;Abri simple;Grand public;6-1179
2750;2018-09-03;;Oui;2750;Monts Gaultier;35206;Noyal-Châtillon-sur-Seiche;48.039259, -1.680541;true;Abri double;Grand public;6-2750
2629;2022-10-24;;Oui;2629;Vern Eglise;35352;Vern-sur-Seiche;48.047202, -1.60254;true;Abri simple;Grand public;6-2629
1194;2025-09-01;;Oui;1194;Anatole France;35238;Rennes;48.118171, -1.687186;true;Abri simple;Grand public;6-1194
2756;2022-08-29;;Oui;2756;Abords Rouvray;35206;Noyal-Châtillon-sur-Seiche;48.059638, -1.663628;false;Poteau;Grand public;6-2756
2632;2002-01-01;;Oui;2632;Moulin;35352;Vern-sur-Seiche;48.04812, -1.598608;false;Poteau;Grand public;6-2632
1199;2022-10-24;;Oui;1199;Musset Cité U;35238;Rennes;48.116241, -1.662813;true;Abri simple;Grand public;6-1199
2771;2019-09-02;;Oui;2771;Cours d'A Haut;35206;Noyal-Châtillon-sur-Seiche;48.054926, -1.694164;false;Poteau provisoire;Grand public;6-2771
2635;2002-01-01;;Oui;2635;Croix Malinge;35352;Vern-sur-Seiche;48.038568, -1.602137;true;Abri simple;Grand public;6-2635
1203;2022-10-24;;Oui;1203;Beaulieu - Université;35238;Rennes;48.122306, -1.639178;true;Abri simple;Grand public;6-1203
2813;2024-09-02;;Oui;2813;Haut Trait;35278;Saint-Grégoire;48.147409, -1.686201;true;Abri simple;Grand public;6-2813
2645;2021-05-03;2026-01-04;Oui;2645;Hauts de Gaudon;35352;Vern-sur-Seiche;48.041282, -1.592092;true;Poteau;Grand public;6-2645
1205;2002-01-01;;Oui;1205;Veyettes;35238;Rennes;48.097139, -1.629276;true;Abri simple;Grand public;6-1205
2818;2024-09-02;;Oui;2818;Haut Trait;35278;Saint-Grégoire;48.146993, -1.686108;true;Abri simple;Grand public;6-2818
1210;2022-10-24;;Oui;1210;Cimetière de l'Est;35238;Rennes;48.10431, -1.64971;true;Abri simple;Grand public;6-1210
2824;2024-09-02;;Oui;2824;Vivier Louis;35278;Saint-Grégoire;48.158876, -1.685145;true;Poteau;Grand public;6-2824
2651;2025-09-01;;Oui;2651;Bois de Soeuvres;35352;Vern-sur-Seiche;48.062891, -1.616516;false;Poteau;Grand public;6-2651
1211;2002-01-01;;Oui;1211;Serpette;35238;Rennes;48.103116, -1.652491;true;Poteau;Grand public;6-1211
2830;2024-09-02;;Oui;2830;Grand Quartier;35278;Saint-Grégoire;48.13438, -1.694492;true;Abri simple;Grand public;6-2830
2707;2002-01-01;;Oui;2707;Potiers;35206;Noyal-Châtillon-sur-Seiche;48.040798, -1.6719;true;Abri auvent;Grand public;6-2707
1213;2023-09-04;;Oui;1213;Croix Saint-Hélier;35238;Rennes;48.102902, -1.661415;true;Abri simple;Grand public;6-1213
2838;2022-10-24;;Oui;2838;Alphasis;35278;Saint-Grégoire;48.153793, -1.696901;true;Abri simple;Grand public;6-2838
2711;2025-09-01;;Oui;2711;Croix Fleurie;35206;Noyal-Châtillon-sur-Seiche;48.056673, -1.663739;false;Abri simple;Grand public;6-2711
1214;2025-01-01;;Oui;1214;République;35238;Rennes;48.109925, -1.679705;true;Abri double;Grand public;6-1214
2844;2024-09-02;;Oui;2844;Champ Daguet;35278;Saint-Grégoire;48.155334, -1.67138;true;Abri simple;Grand public;6-2844
2717;2022-10-24;;Oui;2717;Mail Lancé;35206;Noyal-Châtillon-sur-Seiche;48.063685, -1.663907;false;Poteau;Grand public;6-2717
1221;2022-10-24;;Oui;1221;Géniaux;35238;Rennes;48.108859, -1.710789;true;Abri simple;Grand public;6-1221
2913;2025-09-01;;Oui;2913;Cornouaille;35066;Chartres-de-Bretagne;48.034617, -1.699366;true;Abri double;Grand public;6-2913
2718;2025-09-01;;Oui;2718;Croix Fleurie;35206;Noyal-Châtillon-sur-Seiche;48.055983, -1.66417;false;Poteau;Grand public;6-2718
1222;2022-10-24;;Oui;1222;Roazhon Park;35238;Rennes;48.108095, -1.71409;true;Abri simple;Grand public;6-1222
2917;2022-10-24;;Oui;2917;Chartres Centre;35066;Chartres-de-Bretagne;48.04234, -1.706566;true;Abri bâti;Grand public;6-2917
2722;2022-10-24;;Oui;2722;Potiers;35206;Noyal-Châtillon-sur-Seiche;48.040781, -1.672161;true;Abri auvent;Grand public;6-2722
1225;2022-06-13;;Oui;1225;Jardin Moderne;35238;Rennes;48.101905, -1.728276;true;Poteau;Grand public;6-1225
2922;2025-09-01;;Oui;2922;Vieux Bourg;35066;Chartres-de-Bretagne;48.036704, -1.697206;true;Poteau;Grand public;6-2922
2724;2024-09-02;;Oui;2724;Bray;35206;Noyal-Châtillon-sur-Seiche;48.028527, -1.659756;false;Poteau;Grand public;6-2724
1230;2022-06-13;;Oui;1230;Jardin Moderne;35238;Rennes;48.101792, -1.728358;true;Abri simple;Grand public;6-1230
2925;2022-10-24;;Oui;2925;Chaussairie;35066;Chartres-de-Bretagne;48.033547, -1.711898;true;Abri simple;Grand public;6-2925
2725;2022-09-01;;Oui;2725;Guyomerais;35206;Noyal-Châtillon-sur-Seiche;48.039615, -1.676866;true;Poteau;Grand public;6-2725
1246;2002-01-01;;Oui;1246;Cimetière de l'Est;35238;Rennes;48.104357, -1.64925;true;Abri simple;Grand public;6-1246
3007;2025-09-01;;Oui;3007;Loges;35055;Chantepie;48.090463, -1.624012;true;Abri simple;Grand public;6-3007
2728;2002-01-01;;Oui;2728;Centre;35206;Noyal-Châtillon-sur-Seiche;48.04271, -1.666038;true;Abri simple;Grand public;6-2728
1253;2022-10-24;;Oui;1253;Monts d'Arrée;35238;Rennes;48.136707, -1.667553;true;Abri simple;Grand public;6-1253
3020;2022-10-24;;Oui;3020;Val Blanc;35055;Chantepie;48.080725, -1.630512;false;Poteau;Grand public;6-3020
2735;2022-09-01;;Oui;2735;Horizon;35206;Noyal-Châtillon-sur-Seiche;48.041711, -1.663662;false;Poteau;Grand public;6-2735
1257;2022-10-24;;Oui;1257;Morbihan;35238;Rennes;48.132663, -1.667569;true;Abri simple;Grand public;6-1257
3024;2022-10-24;;Oui;3024;Martinière;35352;Vern-sur-Seiche;48.076972, -1.631844;false;Abri simple;Grand public;6-3024
2747;2022-09-01;;Oui;2747;Lotissement du Moulin;35206;Noyal-Châtillon-sur-Seiche;48.041997, -1.656419;false;Abri simple;Grand public;6-2747
1259;2022-10-24;;Oui;1259;Rochester;35238;Rennes;48.129418, -1.663593;true;Abri simple;Grand public;6-1259
3029;2023-09-04;;Oui;3029;Touche Annette;35055;Chantepie;48.085669, -1.607413;true;Poteau;Grand public;6-3029
2753;2018-09-03;;Oui;2753;Abords Launay;35206;Noyal-Châtillon-sur-Seiche;48.052886, -1.68703;false;Poteau;Grand public;6-2753
1264;2022-10-24;;Oui;1264;Pont de Nantes;35238;Rennes;48.102041, -1.684411;true;Abri auvent;Grand public;6-1264
3030;2017-09-04;;Oui;3030;Loges;35055;Chantepie;48.088608, -1.624746;true;Poteau;Grand public;6-3030
2764;2002-01-01;;Oui;2764;Launay Hyon;35206;Noyal-Châtillon-sur-Seiche;48.067247, -1.659266;false;Poteau;Grand public;6-2764
1266;2017-04-18;;Oui;1266;Mermoz;35238;Rennes;48.097121, -1.689056;true;Abri simple;Grand public;6-1266
3033;2024-07-08;;Oui;3033;Breillou;35055;Chantepie;48.098331, -1.621293;true;Poteau;Grand public;6-3033
2772;2022-09-01;;Oui;2772;Cours d'A Haut;35206;Noyal-Châtillon-sur-Seiche;48.054955, -1.694083;false;Poteau;Grand public;6-2772
1267;2016-08-29;;Oui;1267;Félix Eboué;35238;Rennes;48.085711, -1.693874;true;Abri simple;Grand public;6-1267
3035;2024-07-08;;Oui;3035;Landes;35055;Chantepie;48.092466, -1.618178;true;Poteau;Grand public;6-3035
2776;2024-09-02;;Oui;2776;Hil Boëdrier;35206;Noyal-Châtillon-sur-Seiche;48.076347, -1.671382;false;Poteau;Grand public;6-2776
1277;2022-10-24;;Oui;1277;Pont de Nantes;35238;Rennes;48.102109, -1.684093;true;Abri simple;Grand public;6-1277
3041;2016-08-29;;Oui;3041;Maubusson;35055;Chantepie;48.069407, -1.569763;false;Poteau BreizhGo;Grand public;6-3041
2805;2024-09-02;;Oui;2805;Camus;35278;Saint-Grégoire;48.159116, -1.681369;true;Abri simple;Grand public;6-2805
1279;2023-08-01;;Oui;1279;Rectorat;35238;Rennes;48.119465, -1.674354;true;Abri simple;Grand public;6-1279
3105;2022-09-01;;Oui;3105;Pinault;35210;Pacé;48.147629, -1.780956;true;Poteau;Grand public;6-3105
2809;2024-09-02;;Oui;2809;Discalceat;35278;Saint-Grégoire;48.154317, -1.686709;true;Abri simple;Grand public;6-2809
1280;2024-10-14;;Oui;1280;Les Prairies;35238;Rennes;48.121476, -1.670695;true;Abri simple;Grand public;6-1280
1001;2024-09-02;;Oui;1001;Longs Champs;35238;Rennes;48.129051, -1.632576;true;Abri double;Grand public;6-1001
3113;2022-09-01;;Oui;3113;Le Ponant;35210;Pacé;48.143442, -1.770403;true;Abri simple;Grand public;6-3113
2811;2022-10-24;;Oui;2811;Cité des Jardins;35278;Saint-Grégoire;48.151389, -1.691139;true;Abri simple;Grand public;6-2811
1294;2018-05-07;;Oui;1294;Marbeuf;35238;Rennes;48.111297, -1.701276;true;Abri simple;Grand public;6-1294
1005;2024-09-02;;Oui;1005;Mirabeau;35238;Rennes;48.123078, -1.647035;true;Abri double;Grand public;6-1005
3121;2022-10-24;;Oui;3121;Docteur Léon;35210;Pacé;48.149367, -1.78901;false;Poteau;Grand public;6-3121
2812;2024-09-02;;Oui;2812;Forge;35278;Saint-Grégoire;48.150855, -1.685817;true;Abri double;Grand public;6-2812
1295;2017-04-18;;Oui;1295;Berger;35238;Rennes;48.116783, -1.704614;true;Abri simple;Grand public;6-1295
1018;2024-07-08;;Oui;1018;Colombier;35238;Rennes;48.105917, -1.682215;true;Abri simple;Grand public;6-1018
3141;2022-10-24;;Oui;3141;Pont Amelin;35210;Pacé;48.154832, -1.784397;true;Poteau;Grand public;6-3141
2814;2024-09-02;;Oui;2814;CHP Saint-Grégoire;35278;Saint-Grégoire;48.143142, -1.686467;true;Abri double;Grand public;6-2814
1296;2017-04-18;;Oui;1296;Université;35238;Rennes;48.11933, -1.704506;true;Abri simple;Grand public;6-1296
1023;2024-07-08;;Oui;1023;La Criée;35238;Rennes;48.108106, -1.680059;true;Abri double;Grand public;6-1023
3148;2021-09-20;;Oui;3148;Bas Sommier;35210;Pacé;48.130634, -1.794838;false;Poteau;Grand public;6-3148
2815;2024-09-02;;Oui;2815;La Plesse;35278;Saint-Grégoire;48.137081, -1.686391;true;Abri simple;Grand public;6-2815
1297;2022-10-24;;Oui;1297;Villejean-Université;35238;Rennes;48.121935, -1.703712;true;Abri simple;Grand public;6-1297
1027;2022-10-24;;Oui;1027;Hôtel Dieu;35238;Rennes;48.117163, -1.677321;true;Abri simple;Grand public;6-1027
3164;2002-01-01;;Oui;3164;Sorinais;35210;Pacé;48.135578, -1.772121;false;Poteau + Abri communal;Grand public;6-3164
2822;2024-09-02;;Oui;2822;Discalceat;35278;Saint-Grégoire;48.154519, -1.686637;true;Poteau;Grand public;6-2822
1299;2022-10-24;;Oui;1299;Olympe de Gouges;35238;Rennes;48.127917, -1.702743;true;Abri simple;Grand public;6-1299
1030;2024-09-02;;Oui;1030;Guéhenno;35238;Rennes;48.119586, -1.666608;true;Abri simple;Grand public;6-1030
3167;2017-01-02;;Oui;3167;Champalaune;35210;Pacé;48.154571, -1.76381;true;Poteau;Grand public;6-3167
2826;2022-10-24;;Oui;2826;Grand Quartier;35278;Saint-Grégoire;48.135492, -1.69294;true;Abri simple;Grand public;6-2826
1300;2021-08-30;;Oui;1300;Cucillé - Frac;35238;Rennes;48.128585, -1.698912;true;Abri simple;Grand public;6-1300
1044;2024-09-02;;Oui;1044;Pierre Legrand;35238;Rennes;48.122159, -1.685931;true;Abri simple;Grand public;6-1044
3177;2018-09-03;;Oui;3177;La Foucherais;35210;Pacé;48.179654, -1.775143;false;Poteau;Grand public;6-3177
2827;2025-09-01;;Oui;2827;Maison Blanche;35278;Saint-Grégoire;48.149056, -1.656571;true;Abri simple;Grand public;6-2827
1302;2022-10-24;;Oui;1302;Léonard;35238;Rennes;48.131503, -1.691786;true;Abri simple;Grand public;6-1302
1052;2024-09-02;;Oui;1052;République;35238;Rennes;48.109927, -1.678928;true;Abri double;Grand public;6-1052
3180;2021-09-02;;Oui;3180;La Hyptais;35210;Pacé;48.170362, -1.767168;false;Poteau;Grand public;6-3180
2831;2022-10-24;;Oui;2831;Holywell;35278;Saint-Grégoire;48.15366, -1.678778;true;Abri simple;Grand public;6-2831
1307;2024-11-18;;Oui;1307;Villejean-Université;35238;Rennes;48.121728, -1.703944;true;Abri simple;Grand public;6-1307
1071;2024-10-28;;Oui;1071;Haut Sancé;35238;Rennes;48.096238, -1.63689;true;Abri simple;Grand public;6-1071
3202;2002-01-01;;Oui;3202;Frogerais;35208;Orgères;47.97544, -1.651257;false;Abri simple;Grand public;6-3202
2834;2022-10-24;;Oui;2834;Jean-Paul II;35278;Saint-Grégoire;48.159979, -1.677104;true;Abri simple;Grand public;6-2834
1310;2024-07-08;;Oui;1310;Marbeuf;35238;Rennes;48.111298, -1.700864;true;Abri simple;Grand public;6-1310
1076;2015-08-31;;Oui;1076;Monnet;35238;Rennes;48.087974, -1.638428;true;Abri simple;Grand public;6-1076
3211;2023-09-04;;Oui;3211;Groupe Scolaire;35208;Orgères;47.997336, -1.668469;true;Abri double;Grand public;6-3211
2839;2022-10-24;;Oui;2839;Alphasis;35278;Saint-Grégoire;48.154418, -1.696642;true;Abri simple;Grand public;6-2839
1311;2018-05-07;;Oui;1311;Guilloux;35238;Rennes;48.109561, -1.698286;true;Abri simple;Grand public;6-1311
1077;2019-08-18;;Oui;1077;La Poterie;35238;Rennes;48.087413, -1.643405;true;Abri simple;Grand public;6-1077
3216;2024-09-02;;Oui;3216;Plardière;35208;Orgères;48.009525, -1.666212;true;Poteau;Grand public;6-3216
2842;2024-09-02;;Oui;2842;Nobel;35278;Saint-Grégoire;48.158113, -1.672074;true;Abri simple;Grand public;6-2842
1314;2022-10-24;;Oui;1314;IUT;35238;Rennes;48.125105, -1.632939;true;Abri simple;Grand public;6-1314
1116;2022-10-24;;Oui;1116;Saint-Vincent;35238;Rennes;48.112732, -1.66451;true;Abri double;Grand public;6-1116
3217;2024-10-07;;Oui;3217;Levant;35208;Orgères;48.000372, -1.667166;true;Abri simple;Grand public;6-3217
2843;2024-09-02;;Oui;2843;Nobel;35278;Saint-Grégoire;48.158318, -1.672165;true;Poteau;Grand public;6-2843
1319;2022-10-24;;Oui;1319;Domaine;35238;Rennes;48.096995, -1.641624;true;Abri simple;Grand public;6-1319
1126;2023-08-01;;Oui;1126;Garigliano;35238;Rennes;48.096002, -1.681702;true;Abri simple;Grand public;6-1126
3249;2024-09-02;;Oui;3249;Orgerblon;35208;Orgères;48.01484, -1.663949;true;Abri simple;Grand public;6-3249
2846;2024-09-02;;Oui;2846;Ricoquais;35278;Saint-Grégoire;48.159001, -1.676326;true;Poteau;Grand public;6-2846
1323;2016-08-29;;Oui;1323;CARSAT;35238;Rennes;48.095478, -1.6381;true;Abri simple;Grand public;6-1323
1137;2015-08-31;;Oui;1137;Frères Moine;35238;Rennes;48.093616, -1.681816;true;Abri simple;Grand public;6-1137
3258;2023-09-04;;Oui;3258;Haye Longue;35208;Orgères;48.005209, -1.665564;true;Abri simple;Grand public;6-3258
2855;2022-10-24;;Oui;2855;Kerfleury;35278;Saint-Grégoire;48.138352, -1.671846;true;Poteau;Grand public;6-2855
1325;2023-09-04;;Oui;1325;Landry;35238;Rennes;48.099472, -1.646682;true;Abri simple;Grand public;6-1325
1138;2015-08-31;;Oui;1138;Garigliano;35238;Rennes;48.096382, -1.68155;true;Abri simple;Grand public;6-1138
3311;2022-10-24;;Oui;3311;Fouillard;35334;Thorigné-Fouillard;48.160585, -1.585528;true;Abri simple;Grand public;6-3311
2858;2022-10-24;;Oui;2858;Kerfleury;35278;Saint-Grégoire;48.13845, -1.672024;true;Poteau;Grand public;6-2858
1330;2015-08-31;;Oui;1330;Auberge de Jeunesse;35238;Rennes;48.120349, -1.681575;true;Abri simple;Grand public;6-1330
1147;2023-08-01;;Oui;1147;Saint-Vincent;35238;Rennes;48.11266, -1.664358;true;Poteau;Grand public;6-1147
3317;2024-08-02;;Oui;3317;Pâtis du Moulinet;35334;Thorigné-Fouillard;48.141051, -1.573642;true;Abri simple;Grand public;6-3317
2914;2025-09-01;;Oui;2914;Vieux Bourg;35066;Chartres-de-Bretagne;48.037042, -1.697038;true;Abri simple;Grand public;6-2914
1160;2025-01-02;;Oui;1160;Tournebride;35238;Rennes;48.114095, -1.63762;true;Abri double;Grand public;6-1160
3318;2024-08-02;;Oui;3318;Pâtis du Moulinet;35334;Thorigné-Fouillard;48.140913, -1.573407;true;Poteau;Grand public;6-3318
2918;2022-10-24;;Oui;2918;Callouët;35066;Chartres-de-Bretagne;48.041996, -1.710919;true;Poteau;Grand public;6-2918
1356;2024-07-08;2025-11-02;Oui;1356;Galicie;35238;Rennes;48.087464, -1.649823;true;Abri simple;Grand public;6-1356
1165;2025-01-02;;Oui;1165;Paul Bert;35238;Rennes;48.110107, -1.670239;true;Abri simple;Grand public;6-1165
3325;2022-10-24;;Oui;3325;Longrais;35334;Thorigné-Fouillard;48.151648, -1.583406;true;Poteau;Grand public;6-3325
2920;2022-10-24;;Oui;2920;Auditoire;35066;Chartres-de-Bretagne;48.041561, -1.702829;true;Poteau;Grand public;6-2920
1359;2022-10-24;;Oui;1359;Landrel;35238;Rennes;48.091473, -1.655629;true;Abri simple;Grand public;6-1359
1166;2025-01-02;;Oui;1166;Musée Beaux Arts;35238;Rennes;48.109909, -1.675171;true;Abri auvent;Grand public;6-1166
3420;2025-08-11;;Oui;3420;La Porte;35204;Nouvoitou;48.039037, -1.545113;true;Poteau;Grand public;6-3420
2923;2025-09-01;;Oui;2923;Cornouaille;35066;Chartres-de-Bretagne;48.034731, -1.699918;true;Abri simple;Grand public;6-2923
1361;2022-10-24;;Oui;1361;Langevin;35238;Rennes;48.094238, -1.658171;true;Abri simple;Grand public;6-1361
1180;2022-10-24;;Oui;1180;Balzac;35238;Rennes;48.116188, -1.659402;true;Abri simple;Grand public;6-1180
3423;2018-09-03;;Oui;3423;Le Gobigné;35204;Nouvoitou;48.026192, -1.535639;false;Poteau;Grand public;6-3423
2927;2025-09-01;;Oui;2927;Parc de Loisirs;35066;Chartres-de-Bretagne;48.033078, -1.707406;true;Poteau;Grand public;6-2927
1384;2024-07-08;;Oui;1384;Champion de Cicé;35238;Rennes;48.102637, -1.703882;true;Abri simple;Grand public;6-1384
1188;2022-10-24;;Oui;1188;La Salle;35238;Rennes;48.114898, -1.701959;true;Abri simple;Grand public;6-1188
3425;2018-09-03;;Oui;3425;L'Ourmais;35204;Nouvoitou;48.0287, -1.551321;false;Poteau;Grand public;6-3425
2942;2021-09-02;;Oui;2942;Collège Pôle Sud;35066;Chartres-de-Bretagne;48.042032, -1.696207;true;Poteau;Grand public;6-2942
1387;2024-07-08;;Oui;1387;Récipon;35238;Rennes;48.098044, -1.708211;true;Abri simple;Grand public;6-1387
1195;2022-10-24;;Oui;1195;Legraverend;35238;Rennes;48.11766, -1.684834;true;Abri auvent;Grand public;6-1195
3500;2002-01-01;;Oui;3500;Silandière;35189;Montgermont;48.163969, -1.731752;false;Poteau;Grand public;6-3500
3006;2024-07-08;;Oui;3006;Chantepie Mairie;35055;Chantepie;48.08848, -1.619233;true;Abri double;Grand public;6-3006
1393;2024-07-08;;Oui;1393;Récipon;35238;Rennes;48.097807, -1.707617;true;Abri simple;Grand public;6-1393
1197;2022-10-24;;Oui;1197;Sévigné;35238;Rennes;48.116351, -1.673226;true;Abri simple;Grand public;6-1197
3504;2002-01-01;;Oui;3504;Courtines;35189;Montgermont;48.157225, -1.714436;true;Abri simple;Grand public;6-3504
3013;2023-09-04;;Oui;3013;Deux Ruisseaux;35055;Chantepie;48.085807, -1.614693;true;Abri simple;Grand public;6-3013
1398;2024-07-08;;Oui;1398;Voltaire;35238;Rennes;48.105221, -1.698705;true;Abri simple;Grand public;6-1398
1198;2022-10-24;;Oui;1198;George Sand;35238;Rennes;48.116271, -1.668831;true;Abri simple;Grand public;6-1198
3505;2019-10-07;;Oui;3505;Belle Epine;35189;Montgermont;48.155269, -1.710868;true;Abri simple;Grand public;6-3505
3017;2016-08-29;;Oui;3017;EDEFS;35055;Chantepie;48.092569, -1.612783;true;Poteau;Grand public;6-3017
1401;2024-07-08;;Oui;1401;Redon;35238;Rennes;48.105572, -1.687696;true;Abri simple;Grand public;6-1401
1201;2025-05-26;;Oui;1201;Vitré Foulon;35238;Rennes;48.119177, -1.648923;true;Abri simple;Grand public;6-1201
3509;2024-09-02;;Oui;3509;Métrie;35189;Montgermont;48.153003, -1.708893;true;Poteau;Grand public;6-3509
3039;2002-01-01;;Oui;3039;Chevallerais;35055;Chantepie;48.073804, -1.577534;false;Poteau BreizhGo;Grand public;6-3039
1402;2024-07-08;;Oui;1402;Cité Judiciaire;35238;Rennes;48.105635, -1.685227;true;Abri simple;Grand public;6-1402
1202;2022-10-24;;Oui;1202;Beaulieu Cité U;35238;Rennes;48.120592, -1.644215;true;Abri simple;Grand public;6-1202
3510;2024-09-02;;Oui;3510;Belle Epine;35189;Montgermont;48.155629, -1.710777;true;Poteau;Grand public;6-3510
3102;2024-09-02;;Oui;3102;Pie Neuve;35210;Pacé;48.150788, -1.792254;true;Abri simple;Grand public;6-3102
1406;2024-11-26;;Oui;1406;Les Gayeulles;35238;Rennes;48.130311, -1.656455;true;Abri simple;Grand public;6-1406
1204;2022-10-24;;Oui;1204;Beaulieu INSA;35238;Rennes;48.119095, -1.635089;true;Abri simple;Grand public;6-1204
3515;2024-09-02;;Oui;3515;Silandière;35189;Montgermont;48.162758, -1.730581;false;Poteau;Grand public;6-3515
3103;2024-09-02;;Oui;3103;Docteur Léon;35210;Pacé;48.149205, -1.788877;false;Abri simple;Grand public;6-3103
1409;2020-12-02;;Oui;1409;Joliot-Curie;35238;Rennes;48.126814, -1.653327;true;Abri simple;Grand public;6-1409
1208;2022-10-24;;Oui;1208;Saint-Saëns;35238;Rennes;48.104159, -1.637817;true;Abri simple;Grand public;6-1208
3604;2022-10-24;;Oui;3604;La Noë;35216;Parthenay-de-Bretagne;48.19126, -1.824545;true;Abri simple;Grand public;6-3604
3107;2022-10-24;;Oui;3107;Renan;35210;Pacé;48.151205, -1.777461;true;Abri simple;Grand public;6-3107
1412;2022-10-24;;Oui;1412;Cours Kennedy;35238;Rennes;48.121362, -1.707767;true;Abri simple;Grand public;6-1412
1209;2023-09-04;;Oui;1209;Pavie;35238;Rennes;48.104996, -1.644575;true;Abri simple;Grand public;6-1209
3612;2019-09-02;;Oui;3612;Placis de la Touche;35216;Parthenay-de-Bretagne;48.189961, -1.820133;false;Poteau;Grand public;6-3612
3110;2022-09-01;;Oui;3110;Carré Dumaine;35210;Pacé;48.145734, -1.770752;true;Abri simple;Grand public;6-3110
1426;2022-10-24;;Oui;1426;Bellangerais;35238;Rennes;48.132138, -1.672652;true;Abri simple;Grand public;6-1426
1220;2024-07-08;;Oui;1220;Kerviler;35238;Rennes;48.109245, -1.70663;true;Abri simple;Grand public;6-1220
3701;2018-09-03;;Oui;3701;Etang de la Motte;35275;Saint-Gilles;48.153964, -1.871463;false;Abri bâti;Grand public;6-3701
3116;2022-10-24;;Oui;3116;Duchesse Anne;35210;Pacé;48.15094, -1.771887;true;Abri double;Grand public;6-3116
1447;2023-08-01;;Oui;1447;Henri Fréville;35238;Rennes;48.087198, -1.675065;true;Abri simple;Grand public;6-1447
1233;2018-09-03;;Oui;1233;Lemaistre;35238;Rennes;48.107026, -1.721591;true;Abri auvent;Grand public;6-1233
3705;2025-01-20;;Oui;3705;Saint-Gilles Centre;35275;Saint-Gilles;48.15296, -1.829787;false;Abri auvent;Grand public;6-3705
3119;2024-09-02;;Oui;3119;Pinault;35210;Pacé;48.147456, -1.781147;true;Abri simple;Grand public;6-3119
1454;2025-09-01;;Oui;1454;Bréquigny Piscine;35238;Rennes;48.089581, -1.691241;true;Abri simple;Grand public;6-1454
1235;2022-10-24;;Oui;1235;Géniaux;35238;Rennes;48.108917, -1.709604;true;Abri double;Grand public;6-1235
3125;2002-01-01;;Oui;3125;Pâtis Roussel;35210;Pacé;48.16049, -1.768011;true;Abri simple;Grand public;6-3125
1455;2025-09-01;;Oui;1455;Lycée Bréquigny;35238;Rennes;48.086692, -1.690976;true;Abri simple;Grand public;6-1455
1238;2018-09-03;;Oui;1238;Guilloux Lorient;35238;Rennes;48.108648, -1.698793;true;Abri simple;Grand public;6-1238
3714;2025-09-01;;Oui;3714;Saint-Gilles Centre;35275;Saint-Gilles;48.152534, -1.829773;true;Poteau;Grand public;6-3714
3173;2022-09-01;;Oui;3173;Teillais;35210;Pacé;48.148242, -1.763755;true;Poteau;Grand public;6-3173
1469;2002-01-01;;Oui;1469;Le Dantec;35238;Rennes;48.099274, -1.652475;true;Abri simple;Grand public;6-1469
1251;2002-01-01;;Oui;1251;Veyettes;35238;Rennes;48.097057, -1.629118;true;Abri simple;Grand public;6-1251
3723;2025-09-01;;Oui;3723;Maison Neuve;35275;Saint-Gilles;48.154027, -1.837987;true;Poteau;Grand public;6-3723
3203;2002-01-01;;Oui;3203;Petite Rochelle;35208;Orgères;47.976312, -1.657463;false;Abri simple;Grand public;6-3203
1483;2022-10-24;;Oui;1483;Pâtis Tatelin;35238;Rennes;48.12955, -1.64367;true;Abri simple;Grand public;6-1483
1269;2016-08-29;;Oui;1269;Lycée Bréquigny;35238;Rennes;48.084121, -1.692047;true;Abri double;Grand public;6-1269
3732;2025-09-01;;Oui;3732;Ile des Bois;35275;Saint-Gilles;48.149541, -1.839156;true;Abri simple;Grand public;6-3732
3204;2002-01-01;;Oui;3204;Télégraphe;35208;Orgères;47.983336, -1.660015;false;Poteau;Grand public;6-3204
1511;2022-10-24;;Oui;1511;La Poterie;35238;Rennes;48.087557, -1.643522;true;Abri double;Grand public;6-1511
1288;2023-08-01;;Oui;1288;Neruda;35238;Rennes;48.136646, -1.6706;true;Abri simple;Grand public;6-1288
3756;2015-07-02;;Oui;3756;Lion d'Or;35353;Vezin-le-Coquet;48.119018, -1.760911;true;Abri simple;Grand public;6-3756
3205;2023-09-04;;Oui;3205;Petite Rochelle;35208;Orgères;47.97607, -1.657105;false;Poteau;Grand public;6-3205
1521;2022-10-24;;Oui;1521;Berry;35238;Rennes;48.118445, -1.713828;true;Abri simple;Grand public;6-1521
1293;2024-07-08;;Oui;1293;Guilloux;35238;Rennes;48.110009, -1.698708;true;Abri simple;Grand public;6-1293
3757;2015-07-02;;Oui;3757;Vezin Centre;35353;Vezin-le-Coquet;48.118877, -1.756695;true;Poteau;Grand public;6-3757
3209;2023-09-04;;Oui;3209;Surcouf;35208;Orgères;47.992562, -1.668818;true;Abri simple;Grand public;6-3209
1533;2022-08-29;;Oui;1533;La Poterie;35238;Rennes;48.087622, -1.643536;true;Abri double;Grand public;6-1533
1301;2024-09-02;;Oui;1301;Département 35;35238;Rennes;48.128159, -1.693948;true;Abri double;Grand public;6-1301
3760;2022-10-24;;Oui;3760;Champ Noël;35353;Vezin-le-Coquet;48.117742, -1.731192;false;Poteau;Grand public;6-3760
3238;2016-08-29;;Oui;3238;Blés d'Or;35208;Orgères;47.991805, -1.672203;false;Abri simple;Grand public;6-3238
1563;2024-07-08;;Oui;1563;République;35238;Rennes;48.109716, -1.67816;true;Abri simple;Grand public;6-1563
1305;2002-01-01;;Oui;1305;Olympe de Gouges;35238;Rennes;48.127525, -1.703285;true;Abri double;Grand public;6-1305
3766;2022-10-24;;Oui;3766;Trois Marches;35353;Vezin-le-Coquet;48.104984, -1.740672;true;Abri simple;Grand public;6-3766
3246;2020-09-01;;Oui;3246;Collège Récipon;35208;Orgères;48.002386, -1.668891;false;Poteau;Grand public;6-3246
1567;2025-01-06;;Oui;1567;Charles de Gaulle;35238;Rennes;48.106251, -1.677467;true;Abri simple;Grand public;6-1567
1309;2002-01-01;;Oui;1309;Berger;35238;Rennes;48.116726, -1.704796;true;Abri simple;Grand public;6-1309
3774;2019-09-02;;Oui;3774;Vezin Centre;35353;Vezin-le-Coquet;48.119004, -1.756876;false;Poteau;Grand public;6-3774
3247;2002-01-01;;Oui;3247;La Rochelle;35208;Orgères;47.984712, -1.652976;false;Abri simple;Grand public;6-3247
1570;2025-09-01;;Oui;1570;Coeur de Courrouze;35238;Rennes;48.098138, -1.699277;true;Abri simple;Grand public;6-1570
1315;2024-09-02;;Oui;1315;République;35238;Rennes;48.109716, -1.678055;true;Abri simple;Grand public;6-1315
3803;2021-09-02;;Oui;3803;La Motte;35032;Bourgbarré;47.996023, -1.617446;true;Abri simple;Grand public;6-3803
3248;2020-09-01;;Oui;3248;ZA L'Hermitière;35208;Orgères;47.962638, -1.685005;false;Poteau;Grand public;6-3248
1572;2023-08-01;;Oui;1572;Vincennes;35238;Rennes;48.118011, -1.675247;true;Abri auvent;Grand public;6-1572
1318;2024-09-16;;Oui;1318;Landry;35238;Rennes;48.099112, -1.646019;true;Poteau;Grand public;6-1318
3808;2024-09-02;;Oui;3808;La Motte;35032;Bourgbarré;47.995906, -1.617485;true;Poteau;Grand public;6-3808
3250;2024-09-02;;Oui;3250;Orgerblon;35208;Orgères;48.015015, -1.663852;true;Abri simple;Grand public;6-3250
1578;2015-09-01;;Oui;1578;Lycée Mendès France;35238;Rennes;48.133307, -1.683929;true;Poteau;Grand public;6-1578
1320;2025-09-01;;Oui;1320;CARSAT;35238;Rennes;48.094925, -1.637268;true;Abri simple;Grand public;6-1320
3809;2024-09-02;;Oui;3809;Bourgbarré Mairie;35032;Bourgbarré;47.994391, -1.61359;true;Poteau;Grand public;6-3809
3259;2024-09-02;;Oui;3259;Ormes Blanches;35208;Orgères;47.992662, -1.662935;true;Poteau;Grand public;6-3259
1630;2002-01-01;;Oui;1630;ZA Saint-Sulpice;35238;Rennes;48.132576, -1.636124;true;Abri simple;Grand public;6-1630
1327;2016-08-29;;Oui;1327;Raison;35238;Rennes;48.1014, -1.6536;true;Abri simple;Grand public;6-1327
3818;2002-01-01;;Oui;3818;Abords Lauriais;35032;Bourgbarré;47.968932, -1.639253;false;Poteau;Grand public;6-3818
3305;2022-10-24;;Oui;3305;Bocage;35334;Thorigné-Fouillard;48.159005, -1.57964;true;Abri double;Grand public;6-3305
1639;2015-07-06;;Oui;1639;La Poterie;35238;Rennes;48.088146, -1.644513;true;Poteau;Grand public;6-1639
1336;2015-08-31;;Oui;1336;Bigot de Préameneu;35238;Rennes;48.097984, -1.666379;true;Abri auvent;Grand public;6-1336
3826;2022-09-01;;Oui;3826;Les Cruaux;35032;Bourgbarré;48.004143, -1.602784;false;Poteau + Abri communal;Grand public;6-3826
3306;2022-10-24;;Oui;3306;Juteauderies;35334;Thorigné-Fouillard;48.164205, -1.579288;true;Abri simple;Grand public;6-3306
1644;2022-10-24;;Oui;1644;Place Pasteur;35238;Rennes;48.110714, -1.673658;true;Abri auvent;Grand public;6-1644
1358;2022-10-24;;Oui;1358;Pologne;35238;Rennes;48.091412, -1.651941;true;Abri simple;Grand public;6-1358
3833;2024-09-02;;Oui;3833;Bourgbarré Mairie;35032;Bourgbarré;47.994388, -1.615739;false;Poteau;Grand public;6-3833
3308;2002-01-01;;Oui;3308;Placis Vert;35334;Thorigné-Fouillard;48.174339, -1.602101;true;Abri simple;Grand public;6-3308
1649;2022-08-29;;Oui;1649;La Poterie;35238;Rennes;48.087521, -1.643387;true;Abri simple;Grand public;6-1649
1362;2015-08-31;;Oui;1362;Leray;35238;Rennes;48.095046, -1.661468;true;Abri simple;Grand public;6-1362
3834;2018-01-08;;Oui;3834;ZA Bourgbarré;35250;Saint-Armel;48.007048, -1.597078;true;Poteau;Grand public;6-3834
3309;2022-10-24;;Oui;3309;Portail;35334;Thorigné-Fouillard;48.156263, -1.592377;false;Abri simple;Grand public;6-3309
1652;2015-08-31;;Oui;1652;Dulac;35238;Rennes;48.132911, -1.695812;true;Abri simple;Grand public;6-1652
1363;2020-01-01;;Oui;1363;Sainte-Thérèse;35238;Rennes;48.097686, -1.662908;true;Abri auvent;Grand public;6-1363
3853;2018-09-03;;Oui;3853;Mordelles Mairie;35196;Mordelles;48.073733, -1.846263;true;Abri simple;Grand public;6-3853
3312;2022-10-24;;Oui;3312;Juteauderies;35334;Thorigné-Fouillard;48.162912, -1.579168;true;Abri simple;Grand public;6-3312
1674;2018-09-03;;Oui;1674;Malraux;35238;Rennes;48.133728, -1.702813;true;Abri simple;Grand public;6-1674
1368;2025-09-01;;Oui;1368;Square de la Rance;35238;Rennes;48.118338, -1.680517;true;Abri simple;Grand public;6-1368
3869;2022-10-24;;Oui;3869;Mordelles Pâtis;35196;Mordelles;48.073893, -1.853694;true;Poteau;Grand public;6-3869
3314;2022-10-24;;Oui;3314;Anne de Bretagne;35334;Thorigné-Fouillard;48.156083, -1.580602;true;Abri simple;Grand public;6-3314
1680;2022-08-30;;Oui;1680;Meynier;35238;Rennes;48.128506, -1.708141;true;Abri auvent;Grand public;6-1680
1375;2025-09-01;;Oui;1375;Les Gayeulles;35238;Rennes;48.129942, -1.656569;true;Abri simple;Grand public;6-1375
3878;2022-09-01;;Oui;3878;Ville Noublée;35196;Mordelles;48.086226, -1.854402;false;Poteau;Grand public;6-3878
3320;2024-08-02;;Oui;3320;Pâtis du Moulinet;35334;Thorigné-Fouillard;48.141986, -1.577708;true;Poteau;Grand public;6-3320
1684;2022-10-24;;Oui;1684;Turmel;35238;Rennes;48.121544, -1.651203;true;Abri simple;Grand public;6-1684
1378;2022-10-24;;Oui;1378;Saint-Exupéry;35238;Rennes;48.124757, -1.661628;true;Abri simple;Grand public;6-1378
3901;2024-09-02;;Oui;3901;Bois Esnault;35363;Pont-Péan;47.999861, -1.69699;true;Abri simple;Grand public;6-3901
3326;2022-10-24;;Oui;3326;Longrais;35334;Thorigné-Fouillard;48.151522, -1.583223;true;Poteau;Grand public;6-3326
1701;2002-01-01;;Oui;1701;Anatole France;35238;Rennes;48.118326, -1.687136;true;Abri simple;Grand public;6-1701
1394;2024-07-08;;Oui;1394;Guérinais;35238;Rennes;48.099043, -1.705543;true;Abri simple;Grand public;6-1394
3903;2021-09-02;;Oui;3903;Mouton Blanc;35363;Pont-Péan;48.010573, -1.700979;true;Abri double;Grand public;6-3903
3327;2022-10-24;;Oui;3327;Landelles;35334;Thorigné-Fouillard;48.154007, -1.573353;true;Abri simple;Grand public;6-3327
1705;2024-09-02;;Oui;1705;Fossés;35238;Rennes;48.11329, -1.675156;true;Abri simple;Grand public;6-1705
1397;2024-07-08;;Oui;1397;Dargent;35238;Rennes;48.103586, -1.700391;true;Abri simple;Grand public;6-1397
3907;2021-09-02;;Oui;3907;Fontaine Blanche;35363;Pont-Péan;48.016352, -1.705565;true;Abri double;Grand public;6-3907
3409;2022-10-24;;Oui;3409;Menault;35204;Nouvoitou;48.04124, -1.54467;true;Poteau;Grand public;6-3409
1707;2024-09-02;;Oui;1707;Place Pasteur;35238;Rennes;48.110815, -1.674531;true;Abri auvent;Grand public;6-1707
1403;2022-10-24;;Oui;1403;Saint-Exupéry;35238;Rennes;48.125237, -1.660941;true;Abri simple;Grand public;6-1403
3909;2024-09-02;;Oui;3909;Renaissance;35363;Pont-Péan;48.019798, -1.707018;true;Poteau;Grand public;6-3909
3410;2022-10-24;;Oui;3410;Langlois;35204;Nouvoitou;48.040058, -1.550199;true;Abri simple;Grand public;6-3410
1726;2022-10-24;;Oui;1726;Les Gayeulles;35238;Rennes;48.129937, -1.656723;true;Abri simple;Grand public;6-1726
1418;2024-07-08;;Oui;1418;Géniaux;35238;Rennes;48.109109, -1.710176;true;Abri simple;Grand public;6-1418
3913;2021-09-02;;Oui;3913;Chemin Vert;35363;Pont-Péan;48.012924, -1.703173;true;Abri simple;Grand public;6-3913
3412;2025-09-01;;Oui;3412;La Croix de l'Epine;35204;Nouvoitou;48.02933, -1.564303;false;Poteau;Grand public;6-3412
1731;2022-10-24;;Oui;1731;Metz;35238;Rennes;48.117608, -1.659343;true;Poteau;Grand public;6-1731
1419;2002-01-01;;Oui;1419;Les Arts;35238;Rennes;48.111433, -1.713382;true;Poteau;Grand public;6-1419
3914;2024-09-02;;Oui;3914;Mouton Blanc;35363;Pont-Péan;48.01037, -1.701039;true;Poteau;Grand public;6-3914
3421;2022-10-24;;Oui;3421;La Porte;35204;Nouvoitou;48.03878, -1.546387;true;Poteau;Grand public;6-3421
1732;2024-09-02;;Oui;1732;République;35238;Rennes;48.109515, -1.678042;true;Abri simple;Grand public;6-1732
1424;2024-11-18;;Oui;1424;Cours Kennedy;35238;Rennes;48.121246, -1.707935;true;Abri simple;Grand public;6-1424
3503;2019-10-07;;Oui;3503;Montgermont Mairie;35189;Montgermont;48.155761, -1.716539;true;Abri simple;Grand public;6-3503
1734;2022-10-24;;Oui;1734;Joliot-Curie;35238;Rennes;48.127824, -1.650907;true;Abri;Grand public;6-1734
1429;2022-10-24;;Oui;1429;Joliot-Curie;35238;Rennes;48.12764, -1.650873;true;Abri simple;Grand public;6-1429
3952;2025-09-01;;Oui;3952;Chesnais;35315;Saint-Sulpice-la-Forêt;48.223253, -1.576365;true;Abri simple;Grand public;6-3952
3506;2025-09-01;;Oui;3506;Décoparc;35189;Montgermont;48.154341, -1.707365;true;Abri simple;Grand public;6-3506
1742;2025-09-01;;Oui;1742;Olivier de Serres;35238;Rennes;48.126544, -1.686312;true;Poteau;Grand public;6-1742
1436;2025-05-19;;Oui;1436;Cimetière de l'Est;35238;Rennes;48.103583, -1.649616;true;Abri simple;Grand public;6-1436
3962;2025-09-01;;Oui;3962;Chesnais;35315;Saint-Sulpice-la-Forêt;48.223104, -1.576886;true;Abri simple;Grand public;6-3962
3511;2024-09-02;;Oui;3511;Courtines;35189;Montgermont;48.157362, -1.71461;true;Poteau;Grand public;6-3511
1744;2021-05-02;;Oui;1744;Prévalaye;35238;Rennes;48.098177, -1.726834;false;Poteau provisoire;Grand public;6-1744
1438;2022-10-24;;Oui;1438;Le Dantec;35238;Rennes;48.099272, -1.652782;true;Abri simple;Grand public;6-1438
4001;2022-10-24;;Oui;4001;Timonière;35001;Acigné;48.137043, -1.526335;true;Poteau;Grand public;6-4001
3603;2022-10-24;;Oui;3603;Clos des Tilleuls;35216;Parthenay-de-Bretagne;48.191626, -1.827037;false;Abri simple;Grand public;6-3603
1745;2021-05-02;;Oui;1745;Prévalaye;35238;Rennes;48.098237, -1.726461;false;Poteau provisoire;Grand public;6-1745
1441;2024-07-08;;Oui;1441;Triangle;35238;Rennes;48.08686, -1.660919;true;Poteau provisoire;Grand public;6-1441
4008;2022-10-24;;Oui;4008;Boulais;35334;Thorigné-Fouillard;48.139378, -1.56094;true;Poteau;Grand public;6-4008
3605;2019-09-02;;Oui;3605;Placis de la Touche;35216;Parthenay-de-Bretagne;48.189967, -1.820768;false;Abri simple;Grand public;6-3605
1748;2022-10-28;;Oui;1748;Parlement;35238;Rennes;48.111642, -1.677773;true;Poteau;Grand public;6-1748
1442;2016-08-29;;Oui;1442;Binquenais;35238;Rennes;48.091656, -1.667346;true;Abri double;Grand public;6-1442
4019;2022-10-24;;Oui;4019;Botrel;35001;Acigné;48.140583, -1.52737;true;Abri simple;Grand public;6-4019
3616;2021-09-20;;Oui;3616;La Renardière;35216;Parthenay-de-Bretagne;48.183379, -1.836087;false;Poteau;Grand public;6-3616
1750;2022-10-28;;Oui;1750;Hoche;35238;Rennes;48.11367, -1.677154;true;Poteau;Grand public;6-1750
1444;2022-10-24;;Oui;1444;Combes;35238;Rennes;48.093582, -1.669522;true;Abri simple;Grand public;6-1444
4066;2002-01-01;;Oui;4066;Quatre Vents;35059;La Chapelle-des-Fougeretz;48.16858, -1.743014;false;Abri simple;Grand public;6-4066
3702;2002-01-01;;Oui;3702;La Houdinais;35275;Saint-Gilles;48.151634, -1.853834;false;Poteau + Abri communal;Grand public;6-3702
1753;2022-10-28;;Oui;1753;Place des Lices;35238;Rennes;48.112283, -1.684521;true;Poteau;Grand public;6-1753
1446;2023-08-01;;Oui;1446;Argonautes;35238;Rennes;48.089577, -1.674983;true;Abri simple;Grand public;6-1446
4102;2002-01-01;;Oui;4102;Huberdières;35088;Corps-Nuds;47.982375, -1.580836;false;Abri simple;Grand public;6-4102
3707;2025-09-01;2025-11-02;Oui;3707;Pont aux Moines;35275;Saint-Gilles;48.150675, -1.825182;true;Abri simple;Grand public;6-3707
1756;2025-07-07;;Oui;1756;Foyer Rennais;35238;Rennes;48.09965, -1.686935;true;Abri;Grand public;6-1756
1461;2022-10-24;;Oui;1461;Clemenceau;35238;Rennes;48.093663, -1.673732;true;Abri simple;Grand public;6-1461
4109;2022-10-24;;Oui;4109;Corps-Nuds Mairie;35088;Corps-Nuds;47.978919, -1.58784;true;Poteau;Grand public;6-4109
1760;2024-07-08;;Oui;1760;Semprún;35238;Rennes;48.109554, -1.645858;true;Abri provisoire;Grand public;6-1760
1464;2016-08-29;;Oui;1464;Binquenais;35238;Rennes;48.091301, -1.666266;true;Abri simple;Grand public;6-1464
4153;2002-01-01;;Oui;4153;Saules;35039;Brécé;48.107112, -1.479146;true;Abri simple;Grand public;6-4153
3710;2025-09-01;;Oui;3710;Fouaye;35275;Saint-Gilles;48.153639, -1.810532;false;Poteau;Grand public;6-3710
1766;2024-05-04;;Oui;1766;Buffon;35238;Rennes;48.10341, -1.712389;true;Poteau;Grand public;6-1766
1466;2022-10-24;;Oui;1466;Hôpital Sud;35238;Rennes;48.084506, -1.655444;true;Abri simple;Grand public;6-1466
4155;2022-10-24;;Oui;4155;Destiers;35039;Brécé;48.10764, -1.486167;true;Abri simple;Grand public;6-4155
3717;2025-01-20;;Oui;3717;Maison Neuve;35275;Saint-Gilles;48.154009, -1.837535;true;Abri simple;Grand public;6-3717
2015;2022-10-24;;Oui;2015;Hublais;35051;Cesson-Sévigné;48.114247, -1.616353;true;Abri simple;Grand public;6-2015
1484;2022-10-24;;Oui;1484;ZA Saint-Sulpice;35238;Rennes;48.13186, -1.635917;true;Abri simple;Grand public;6-1484
4163;2002-01-01;;Oui;4163;Turbanière;35039;Brécé;48.108217, -1.507356;true;Poteau;Grand public;6-4163
3733;2020-11-23;;Oui;3733;Le Roheu;35275;Saint-Gilles;48.151371, -1.868745;false;Poteau;Grand public;6-3733
2022;2022-10-24;;Oui;2022;Sports et Nature;35051;Cesson-Sévigné;48.114732, -1.609406;true;Abri simple;Grand public;6-2022
1492;2024-01-08;;Oui;1492;Grand Quartier;35238;Rennes;48.133784, -1.69386;true;Abri simple;Grand public;6-1492
4208;2024-09-02;;Oui;4208;Grippay;35076;Chavagne;48.057658, -1.776381;true;Poteau;Grand public;6-4208
3734;2020-11-23;;Oui;3734;Ardriers;35275;Saint-Gilles;48.152358, -1.866602;false;Poteau;Grand public;6-3734
2025;2022-10-24;;Oui;2025;Maison d'Accueil;35051;Cesson-Sévigné;48.12125, -1.609892;true;Poteau;Grand public;6-2025
1494;2022-10-24;;Oui;1494;Villejean-Université;35238;Rennes;48.121224, -1.702943;true;Abri simple;Grand public;6-1494
4256;2018-09-24;;Oui;4256;Piardière;35065;La Chapelle-Thouarault;48.122053, -1.846306;false;Poteau;Grand public;6-4256
3758;2025-09-01;;Oui;3758;Tertre;35353;Vezin-le-Coquet;48.11845, -1.743299;true;Abri simple;Grand public;6-3758
2030;2022-10-24;;Oui;2030;Petits Champs;35051;Cesson-Sévigné;48.124885, -1.596696;true;Poteau;Grand public;6-2030
1503;2018-09-03;;Oui;1503;Colin;35238;Rennes;48.116139, -1.715899;true;Abri simple;Grand public;6-1503
4257;2002-01-01;;Oui;4257;Rochers;35065;La Chapelle-Thouarault;48.123112, -1.860793;true;Poteau;Grand public;6-4257
3762;2022-10-24;;Oui;3762;Vezin Centre;35353;Vezin-le-Coquet;48.11923, -1.755499;true;Abri simple;Grand public;6-3762
2037;2002-01-01;;Oui;2037;Erbonière;35051;Cesson-Sévigné;48.106038, -1.625652;true;Poteau;Grand public;6-2037
1513;2022-10-24;;Oui;1513;Bois Perrin;35238;Rennes;48.115378, -1.648495;true;Abri simple;Grand public;6-1513
4263;2019-09-02;;Oui;4263;Pont Harel;35065;La Chapelle-Thouarault;48.131499, -1.844753;false;Poteau;Grand public;6-4263
3768;2002-01-01;;Oui;3768;Marais;35353;Vezin-le-Coquet;48.104237, -1.735905;true;Poteau;Grand public;6-3768
2038;2023-01-16;;Oui;2038;Haut Grippé;35051;Cesson-Sévigné;48.11493, -1.590935;true;Abri simple;Grand public;6-2038
1514;2024-02-12;;Oui;1514;Moulin de Joué;35238;Rennes;48.113326, -1.647648;true;Abri simple;Grand public;6-1514
4264;2022-10-24;;Oui;4264;Place de la Mairie;35065;La Chapelle-Thouarault;48.123073, -1.865875;true;Abri double;Grand public;6-4264
3772;2002-01-01;;Oui;3772;ZI Ouest;35353;Vezin-le-Coquet;48.107244, -1.739004;true;Poteau;Grand public;6-3772
2047;2024-09-02;;Oui;2047;Belle Fontaine;35051;Cesson-Sévigné;48.127213, -1.623967;true;Poteau;Grand public;6-2047
1515;2024-02-12;;Oui;1515;Moulin de Joué;35238;Rennes;48.113688, -1.647599;true;Abri simple;Grand public;6-1515
4271;2025-09-01;;Oui;4271;Champ Rouget;35065;La Chapelle-Thouarault;48.131376, -1.849264;false;Poteau;Grand public;6-4271
3806;2024-09-02;;Oui;3806;Perelle;35032;Bourgbarré;47.994376, -1.631228;false;Poteau;Grand public;6-3806
2048;2022-10-24;;Oui;2048;Cormier;35051;Cesson-Sévigné;48.124466, -1.617618;true;Poteau;Grand public;6-2048
1528;2022-10-24;;Oui;1528;Piletière;35238;Rennes;48.113985, -1.644449;true;Abri simple;Grand public;6-1528
4302;2025-09-11;;Oui;4302;ESAT La Hautière;35131;L'Hermitage;48.11881, -1.822668;false;Abri simple;Grand public;6-4302
3823;2002-01-01;;Oui;3823;La Fretais;35032;Bourgbarré;47.990177, -1.623642;false;Poteau;Grand public;6-3823
2049;2022-10-24;;Oui;2049;Les Lacs;35051;Cesson-Sévigné;48.124397, -1.614122;true;Abri simple;Grand public;6-2049
1529;2002-01-01;;Oui;1529;Villejean-Université;35238;Rennes;48.12116, -1.702943;true;Abri simple;Grand public;6-1529
4305;2002-01-01;;Oui;4305;Village;35131;L'Hermitage;48.124598, -1.811505;true;Abri double;Grand public;6-4305
3835;2018-01-08;;Oui;3835;ZA Bourgbarré;35032;Bourgbarré;48.006853, -1.597159;true;Poteau;Grand public;6-3835
2051;2024-07-08;;Oui;2051;Chalotais;35051;Cesson-Sévigné;48.11601, -1.60066;true;Poteau;Grand public;6-2051
1532;2020-12-02;;Oui;1532;Joliot-Curie;35238;Rennes;48.127017, -1.652698;true;Abri simple;Grand public;6-1532
4318;2021-09-02;;Oui;4318;Rue de Pacé;35131;L'Hermitage;48.126133, -1.806527;false;Poteau;Grand public;6-4318
3836;2018-09-03;;Oui;3836;Jardin du Soleil;35032;Bourgbarré;47.996612, -1.621952;true;Abri simple;Grand public;6-3836
2052;2025-09-01;;Oui;2052;Lycée Ozanam;35051;Cesson-Sévigné;48.130117, -1.597238;true;Abri simple;Grand public;6-2052
1536;2022-10-24;;Oui;1536;Atalante;35238;Rennes;48.127029, -1.629432;true;Abri simple;Grand public;6-1536
4322;2022-10-24;;Oui;4322;L'Hermitage Centre;35131;L'Hermitage;48.125453, -1.815564;true;Abri double;Grand public;6-4322
3837;2018-09-03;;Oui;3837;Jardin du Soleil;35032;Bourgbarré;47.996458, -1.622017;true;Poteau;Grand public;6-3837
2061;2024-07-08;;Oui;2061;Charmilles;35051;Cesson-Sévigné;48.106517, -1.621228;true;Abri simple;Grand public;6-2061
1545;2022-10-24;;Oui;1545;Cleunay Stade;35238;Rennes;48.101549, -1.708422;true;Poteau;Grand public;6-1545
4325;2021-09-02;;Oui;4325;Rue de Montfort;35131;L'Hermitage;48.127954, -1.82084;false;Poteau;Grand public;6-4325
3851;2018-09-03;;Oui;3851;Mordelles Pâtis;35196;Mordelles;48.074556, -1.853704;true;Abri double;Grand public;6-3851
2065;2024-07-08;;Oui;2065;Cesson Gare;35051;Cesson-Sévigné;48.114071, -1.603342;true;Abri simple;Grand public;6-2065
1546;2022-10-24;;Oui;1546;Cleunay Stade;35238;Rennes;48.101614, -1.708823;false;Poteau;Grand public;6-1546
4330;2021-09-02;;Oui;4330;Rue de Pacé;35131;L'Hermitage;48.126029, -1.806425;false;Abri simple;Grand public;6-4330
3852;2018-09-03;;Oui;3852;Mordelles Eglise;35196;Mordelles;48.071982, -1.849797;true;Abri double;Grand public;6-3852
2068;2022-10-24;;Oui;2068;Métairies Chalotais;35051;Cesson-Sévigné;48.123254, -1.601661;true;Poteau;Grand public;6-2068
1548;2023-09-04;;Oui;1548;Etangs d'Apigné;35238;Rennes;48.092122, -1.737327;true;Abri double;Grand public;6-1548
4357;2024-09-02;;Oui;4357;Croix du Pigeonnet;35266;Saint-Erblon;48.016984, -1.664713;true;Abri simple;Grand public;6-4357
3860;2024-09-02;;Oui;3860;Grande Fontaine;35196;Mordelles;48.083649, -1.81586;false;Poteau;Grand public;6-3860
2083;2024-02-12;;Oui;2083;Gaudais;35051;Cesson-Sévigné;48.126951, -1.614326;true;Poteau;Grand public;6-2083
1564;2015-02-09;;Oui;1564;Henri Fréville;35238;Rennes;48.088154, -1.674415;true;Abri double;Grand public;6-1564
4361;2025-08-09;;Oui;4361;Croix Faucheux;35266;Saint-Erblon;48.017686, -1.649505;true;Poteau;Grand public;6-4361
3861;2022-10-24;;Oui;3861;Croix Ignon;35196;Mordelles;48.081397, -1.827056;false;Poteau;Grand public;6-3861
2111;2002-01-01;;Oui;2111;Touche sur Roche;35051;Cesson-Sévigné;48.097971, -1.586888;false;Poteau;Grand public;6-2111
1568;2002-01-01;;Oui;1568;Kennedy Guyenne;35238;Rennes;48.121028, -1.713571;true;Abri simple;Grand public;6-1568
4365;2021-09-02;;Oui;4365;Champ du Puit;35266;Saint-Erblon;48.021687, -1.659162;false;Abri double;Grand public;6-4365
3864;2022-10-24;;Oui;3864;Mordelles Mairie;35196;Mordelles;48.073728, -1.84657;true;Abri simple;Grand public;6-3864
2112;2024-09-02;;Oui;2112;Chêne Germain;35051;Cesson-Sévigné;48.130776, -1.622892;true;Poteau;Grand public;6-2112
1587;2025-01-06;;Oui;1587;Cité Judiciaire;35238;Rennes;48.105429, -1.685223;true;Abri simple;Grand public;6-1587
4403;2022-10-24;;Oui;4403;Bouvrais;35351;Le Verger;48.070012, -1.930462;true;Poteau;Grand public;6-4403
3881;2024-09-02;;Oui;3881;Collège St-Yves;35196;Mordelles;48.073566, -1.851712;false;Non matérialisé;Grand public;6-3881
2115;2022-10-24;;Oui;2115;Château de Vaux;35051;Cesson-Sévigné;48.137473, -1.621996;true;Abri simple;Grand public;6-2115
1589;2016-08-29;;Oui;1589;Jules Maniez;35238;Rennes;48.097989, -1.703929;true;Abri simple;Grand public;6-1589
4452;2002-01-01;;Oui;4452;Croix Simon;35081;Clayes;48.181824, -1.853517;true;Abri simple;Grand public;6-4452
3904;2024-09-02;;Oui;3904;Chemin Vert;35363;Pont-Péan;48.012973, -1.702879;true;Poteau;Grand public;6-3904
2120;2016-08-29;;Oui;2120;Prieuré Forge;35051;Cesson-Sévigné;48.108133, -1.580865;false;Poteau;Grand public;6-2120
1591;2025-09-01;;Oui;1591;Jules Verne;35238;Rennes;48.099015, -1.69341;true;Abri simple;Grand public;6-1591
4532;2016-09-01;;Oui;4532;Gévezé Clairville;35120;Gévezé;48.222643, -1.784527;false;Abri;Grand public;6-4532
3911;2024-09-02;;Oui;3911;Rivaudière;35363;Pont-Péan;48.013616, -1.707742;true;Poteau;Grand public;6-3911
2128;2002-01-01;;Oui;2128;Ménouriais;35051;Cesson-Sévigné;48.099769, -1.603037;false;Poteau;Grand public;6-2128
1604;2022-10-24;;Oui;1604;Les Préales;35238;Rennes;48.113572, -1.640949;true;Abri simple;Grand public;6-1604
3920;2016-08-29;2026-01-04;Oui;3920;Le Louvrel;35363;Pont-Péan;48.019685, -1.694414;false;Poteau;Grand public;6-3920
2133;2025-09-01;;Oui;2133;Cesson - Viasilva;35051;Cesson-Sévigné;48.132452, -1.619844;true;Abri simple;Grand public;6-2133
1612;2024-07-08;;Oui;1612;Saint-Conwoïon;35238;Rennes;48.103608, -1.688364;true;Abri simple;Grand public;6-1612
3951;2025-09-01;;Oui;3951;Cropy;35315;Saint-Sulpice-la-Forêt;48.225208, -1.570408;true;Abri simple;Grand public;6-3951
2136;2024-07-08;;Oui;2136;Cesson - Viasilva;35051;Cesson-Sévigné;48.132652, -1.620511;true;Abri simple;Grand public;6-2136
1614;2020-09-01;;Oui;1614;Assomption;35238;Rennes;48.122614, -1.657834;true;Poteau;Grand public;6-1614
3959;2025-09-01;;Oui;3959;Tronchay;35315;Saint-Sulpice-la-Forêt;48.211781, -1.590523;true;Abri simple;Grand public;6-3959
2141;2023-04-17;;Oui;2141;Cesson - Viasilva;35051;Cesson-Sévigné;48.132904, -1.62009;true;Abri simple;Grand public;6-2141
1622;2022-10-24;;Oui;1622;Alma;35238;Rennes;48.084148, -1.679427;true;Abri double;Grand public;6-1622
4610;2022-10-24;;Oui;4610;Chopinais;35079;Chevaigné;48.199222, -1.627774;false;Poteau;Grand public;6-4610
3964;2002-01-01;;Oui;3964;Lande Saint-Denis;35315;Saint-Sulpice-la-Forêt;48.203747, -1.594769;false;Poteau;Grand public;6-3964
2145;2022-10-24;;Oui;2145;Sports et Nature;35051;Cesson-Sévigné;48.114238, -1.608774;true;Poteau;Grand public;6-2145
1623;2022-10-24;;Oui;1623;Alma;35238;Rennes;48.083945, -1.678105;true;Abri simple;Grand public;6-1623
4655;2017-09-04;;Oui;4655;Saint-Roch;35080;Cintré;48.107159, -1.873182;false;Abri double;Grand public;6-4655
4002;2023-11-13;;Oui;4002;Verdaudais;35001;Acigné;48.13689, -1.533134;true;Abri simple;Grand public;6-4002
2147;2022-10-24;;Oui;2147;Stade Belliard;35051;Cesson-Sévigné;48.119087, -1.598229;true;Abri auvent;Grand public;6-2147
1646;2017-04-18;;Oui;1646;Italie;35238;Rennes;48.086632, -1.668834;true;Poteau;Grand public;6-1646
4705;2024-09-02;;Oui;4705;Laillé Eglise;35139;Laillé;47.978, -1.719697;true;Abri simple;Grand public;6-4705
4004;2022-10-24;;Oui;4004;Foyer;35001;Acigné;48.133952, -1.537813;true;Abri simple;Grand public;6-4004
2152;2025-09-01;;Oui;2152;Touche Lambert;35051;Cesson-Sévigné;48.135243, -1.622866;true;Abri simple;Grand public;6-2152
1653;2022-10-24;;Oui;1653;Dulac;35238;Rennes;48.133239, -1.695444;true;Abri simple;Grand public;6-1653
4709;2024-09-02;;Oui;4709;Bout de Lande;35139;Laillé;47.979926, -1.693073;false;Poteau + Abri communal;Grand public;6-4709
4009;2022-10-24;;Oui;4009;Pont d'Ohin;35001;Acigné;48.136816, -1.548448;true;Poteau;Grand public;6-4009
2202;2022-10-24;;Oui;2202;Collège Jean Moulin;35281;Saint-Jacques-de-la-Lande;48.077406, -1.715733;true;Abri simple;Grand public;6-2202
1659;2017-04-18;;Oui;1659;Henri Fréville;35238;Rennes;48.086752, -1.675501;false;Poteau;Grand public;6-1659
4714;2025-09-01;;Oui;4714;Laillé Bellevue;35139;Laillé;47.995592, -1.711862;false;Poteau;Grand public;6-4714
4054;2024-10-28;;Oui;4054;La Chapelle Centre;35059;La Chapelle-des-Fougeretz;48.17672, -1.732867;true;Abri double;Grand public;6-4054
2203;2022-10-24;;Oui;2203;Médiathèque;35281;Saint-Jacques-de-la-Lande;48.079404, -1.7157;true;Abri simple;Grand public;6-2203
1661;2017-11-06;;Oui;1661;Coubertin;35238;Rennes;48.086528, -1.68666;false;Abri simple;Grand public;6-1661
4715;2020-09-01;;Oui;4715;Bossardière;35139;Laillé;47.94162, -1.696275;false;Poteau;Grand public;6-4715
4072;2002-01-01;;Oui;4072;Forge Mallet;35059;La Chapelle-des-Fougeretz;48.173452, -1.753095;false;Poteau;Grand public;6-4072
2204;2022-10-24;;Oui;2204;Jean Marin;35281;Saint-Jacques-de-la-Lande;48.082572, -1.715263;true;Abri simple;Grand public;6-2204
1662;2023-02-27;;Oui;1662;Gare Sud Féval;35238;Rennes;48.10293, -1.676529;true;Abri simple;Grand public;6-1662
4718;2020-09-01;;Oui;4718;Boulais Pochetière;35139;Laillé;47.955557, -1.701099;false;Poteau;Grand public;6-4718
4075;2021-09-02;;Oui;4075;Montaigu;35059;La Chapelle-des-Fougeretz;48.175964, -1.756302;false;Poteau;Grand public;6-4075
2208;2024-07-08;;Oui;2208;Commeurec;35281;Saint-Jacques-de-la-Lande;48.095783, -1.694564;false;Abri double;Grand public;6-2208
1664;2017-07-10;;Oui;1664;Clemenceau;35238;Rennes;48.094355, -1.674442;true;Poteau;Grand public;6-1664
4725;2024-09-02;;Oui;4725;La Corbinais;35139;Laillé;47.956723, -1.737802;false;Poteau + Abri communal;Grand public;6-4725
4076;2021-09-02;;Oui;4076;Montaigu;35059;La Chapelle-des-Fougeretz;48.175803, -1.755936;false;Poteau;Grand public;6-4076
2209;2024-07-08;;Oui;2209;Commeurec;35281;Saint-Jacques-de-la-Lande;48.09573, -1.69429;false;Abri simple;Grand public;6-2209
1665;2017-05-25;;Oui;1665;Atalante Champeaux;35238;Rennes;48.113205, -1.713683;true;Poteau;Grand public;6-1665
4739;2024-09-02;;Oui;4739;Le Cleux;35139;Laillé;47.968178, -1.724183;false;Poteau + Abri communal;Grand public;6-4739
4151;2023-12-20;;Oui;4151;Anjou;35039;Brécé;48.109563, -1.480169;true;Abri auvent;Grand public;6-4151
2211;2022-11-21;;Oui;2211;Maltière;35281;Saint-Jacques-de-la-Lande;48.086586, -1.707828;true;Abri simple;Grand public;6-2211
1668;2017-11-06;;Oui;1668;Coubertin;35238;Rennes;48.086601, -1.688999;false;Abri simple;Grand public;6-1668
4750;2024-09-02;;Oui;4750;Rouesnais Sud;35139;Laillé;47.962967, -1.742873;false;Poteau;Grand public;6-4750
4159;2022-10-24;;Oui;4159;Provence;35039;Brécé;48.107464, -1.482566;false;Poteau;Grand public;6-4159
2218;2023-01-03;;Oui;2218;Saint-Yves;35281;Saint-Jacques-de-la-Lande;48.092245, -1.691681;true;Abri simple;Grand public;6-2218
1669;2018-09-03;;Oui;1669;Villejean-Université;35238;Rennes;48.121347, -1.705587;true;Abri simple;Grand public;6-1669
4754;2020-09-01;;Oui;4754;ZA Le Rachat;35139;Laillé;47.973599, -1.714829;false;Poteau;Grand public;6-4754
4161;2022-10-24;;Oui;4161;Mainguère;35039;Brécé;48.109081, -1.478292;true;Poteau;Grand public;6-4161
2224;2022-10-24;;Oui;2224;Morinais;35281;Saint-Jacques-de-la-Lande;48.07506, -1.716066;true;Poteau;Grand public;6-2224
1673;2018-09-03;;Oui;1673;Parc Beauregard;35238;Rennes;48.13117, -1.703853;true;Abri simple;Grand public;6-1673
4760;2025-07-07;;Oui;4760;Gingouillère;35139;Laillé;47.980233, -1.731064;false;Poteau;Grand public;6-4760
4211;2024-09-02;;Oui;4211;Calvaire;35076;Chavagne;48.052395, -1.79051;true;Poteau;Grand public;6-4211
2225;2022-10-24;;Oui;2225;Maltière;35281;Saint-Jacques-de-la-Lande;48.086815, -1.705612;false;Poteau;Grand public;6-2225
1675;2018-09-03;;Oui;1675;Mandela;35238;Rennes;48.134842, -1.698511;true;Abri simple;Grand public;6-1675
4856;2022-11-07;;Oui;4856;La Croisade;35058;La Chapelle-Chaussée;48.265108, -1.839734;false;Abri;Grand public;6-4856
4304;2024-09-02;;Oui;4304;L'Hermitage Centre;35131;L'Hermitage;48.125555, -1.81595;true;Poteau;Grand public;6-4304
2239;2024-09-02;;Oui;2239;Haut Bois;35281;Saint-Jacques-de-la-Lande;48.07785, -1.712458;true;Abri simple;Grand public;6-2239
1679;2018-09-03;;Oui;1679;Parc Beauregard;35238;Rennes;48.130992, -1.703946;true;Abri simple;Grand public;6-1679
4857;2022-11-07;;Oui;4857;La Croisade;35058;La Chapelle-Chaussée;48.26571, -1.840445;false;;Grand public;6-4857
4312;2022-04-25;;Oui;4312;Lemordant;35131;L'Hermitage;48.127299, -1.812387;false;Poteau;Grand public;6-4312
2242;2022-10-24;;Oui;2242;Centre Météo;35281;Saint-Jacques-de-la-Lande;48.065007, -1.724716;true;Poteau;Grand public;6-2242
1699;2022-10-24;;Oui;1699;François Château;35238;Rennes;48.111082, -1.648501;true;Abri simple;Grand public;6-1699
4900;2024-09-02;;Oui;4900;Langan Bourg;35144;Langan;48.245235, -1.853701;true;Poteau;Grand public;6-4900
4315;2024-09-02;;Oui;4315;Noë Biche;35131;L'Hermitage;48.122991, -1.802472;true;Abri simple;Grand public;6-4315
2245;2022-10-24;;Oui;2245;Haut Bois;35281;Saint-Jacques-de-la-Lande;48.077741, -1.712708;true;Abri simple;Grand public;6-2245
1702;2024-09-02;;Oui;1702;TNB;35238;Rennes;48.108495, -1.673578;true;Abri simple;Grand public;6-1702
5031;2024-11-18;;Oui;5031;Pontchaillou;35238;Rennes;48.121354, -1.693076;false;Abri simple;Grand public;6-5031
4324;2021-09-02;;Oui;4324;Rue de Montfort;35131;L'Hermitage;48.127855, -1.820934;false;Poteau;Grand public;6-4324
2251;2022-10-24;;Oui;2251;Maffeys;35281;Saint-Jacques-de-la-Lande;48.086777, -1.710285;false;Poteau;Grand public;6-2251
1715;2022-10-24;;Oui;1715;Mabilais;35238;Rennes;48.105032, -1.691929;true;Poteau;Grand public;6-1715
6001;2024-09-02;;Oui;6001;Frères Aubert;35245;Romillé;48.216934, -1.890427;true;Poteau;Grand public;6-6001
4353;2024-11-12;;Oui;4353;Paul Féval;35266;Saint-Erblon;48.017575, -1.654523;true;Abri simple;Grand public;6-4353
2272;2015-08-31;;Oui;2272;Mivoie;35281;Saint-Jacques-de-la-Lande;48.070252, -1.703027;true;Abri simple;Grand public;6-2272
1718;2022-10-24;;Oui;1718;Vaneau;35238;Rennes;48.109327, -1.692971;true;Abri simple;Grand public;6-1718
6011;2022-11-21;;Oui;6011;Romillé Pigeon Blanc;35245;Romillé;48.207826, -1.835797;false;Poteau;Grand public;6-6011
4355;2024-09-02;;Oui;4355;Champ Mulon;35266;Saint-Erblon;48.018827, -1.657806;true;Abri simple;Grand public;6-4355
2273;2022-10-24;;Oui;2273;Jean Pont;35281;Saint-Jacques-de-la-Lande;48.092147, -1.697847;true;Poteau;Grand public;6-2273
1720;2022-10-24;;Oui;1720;Redon;35238;Rennes;48.105925, -1.688711;true;Poteau;Grand public;6-1720
8002;2021-01-04;;Oui;8002;star't Pacé;35210;Pacé;48.147625, -1.768594;false;Abri simple;Grand public;6-8002
4356;2023-01-01;;Oui;4356;Croix du Pigeonnet;35266;Saint-Erblon;48.017172, -1.664599;true;Abri simple;Grand public;6-4356
2277;2019-04-23;;Oui;2277;Aéroport;35281;Saint-Jacques-de-la-Lande;48.067927, -1.726957;true;Abri double;Grand public;6-2277
1722;2024-07-08;;Oui;1722;Gares;35238;Rennes;48.104166, -1.672607;true;Abri simple;Grand public;6-1722
8005;2024-08-26;;Oui;8005;star't Cesson - Viasilva;35051;Cesson-Sévigné;48.133028, -1.621442;false;Non matérialisé;Grand public;6-8005
4360;2025-09-01;;Oui;4360;Leuzières;35266;Saint-Erblon;48.02405, -1.655896;false;Poteau provisoire;Grand public;6-4360
2284;2022-10-24;;Oui;2284;Saint-Jacques - Gaîté;35281;Saint-Jacques-de-la-Lande;48.091701, -1.70305;true;Abri simple;Grand public;6-2284
1723;2025-09-01;;Oui;1723;Les Gayeulles;35238;Rennes;48.129493, -1.656869;true;Abri double;Grand public;6-1723
8008;2021-01-04;;Oui;8008;star't Alphasis;35278;Saint-Grégoire;48.154774, -1.697389;false;Non matérialisé;Grand public;6-8008
4364;2021-09-02;;Oui;4364;Douazel;35266;Saint-Erblon;48.020602, -1.63193;false;Abri simple;Grand public;6-4364
2287;2022-10-24;;Oui;2287;La Courrouze;35281;Saint-Jacques-de-la-Lande;48.09664, -1.697802;true;Poteau;Grand public;6-2287
1730;2022-10-24;;Oui;1730;Metz;35238;Rennes;48.117477, -1.659421;true;Poteau;Grand public;6-1730
4379;2024-09-02;;Oui;4379;Collège Saint-Paul;35266;Saint-Erblon;48.017939, -1.660437;true;Poteau;Grand public;6-4379
2314;2022-10-24;;Oui;2314;Porte de Ker Lann;35047;Bruz;48.054407, -1.740303;true;Abri simple;Grand public;6-2314
1747;2022-08-29;;Oui;1747;La Poterie;35238;Rennes;48.087285, -1.642585;true;Abri simple;Grand public;6-1747
4380;2024-09-02;;Oui;4380;Collège Saint-Paul;35266;Saint-Erblon;48.017806, -1.662017;true;Abri;Grand public;6-4380
2319;2024-09-02;;Oui;2319;Ker Lann;35047;Bruz;48.044553, -1.746243;true;Abri simple;Grand public;6-2319
1751;2022-10-28;;Oui;1751;Couvent des Jacobins;35238;Rennes;48.114844, -1.681513;true;Poteau;Grand public;6-1751
9106;2002-01-01;;Oui;9106;Liberté Ev;35238;Rennes;48.107536, -1.67729;false;;Grand public;6-9106
4405;2021-10-08;;Oui;4405;Breil;35351;Le Verger;48.066916, -1.946416;false;Abri simple;Grand public;6-4405
2320;2022-10-24;;Oui;2320;Croix Madame;35047;Bruz;48.040387, -1.75519;false;Poteau provisoire;Grand public;6-2320
1752;2022-10-28;;Oui;1752;Vieux St-Etienne;35238;Rennes;48.115246, -1.684286;true;Poteau;Grand public;6-1752
9133;2022-10-24;;Oui;9133;Géniaux Ev;35238;Rennes;48.109076, -1.709821;false;;Grand public;6-9133
4406;2021-10-08;;Oui;4406;Breil;35351;Le Verger;48.066997, -1.946498;false;Poteau;Grand public;6-4406
2324;2022-10-24;;Oui;2324;Haut Launay;35047;Bruz;48.024596, -1.757088;true;Poteau;Grand public;6-2324
1759;2024-07-08;;Oui;1759;Durafour Leclerc;35238;Rennes;48.114609, -1.655196;true;Abri simple;Grand public;6-1759
9137;2022-10-24;;Oui;9137;Roazhon Park Ev;35238;Rennes;48.107748, -1.715647;false;;Grand public;6-9137
4410;2002-01-01;;Oui;4410;La Lande Basse;35351;Le Verger;48.062953, -1.930041;false;Poteau + Abri communal;Grand public;6-4410
2337;2022-10-24;;Oui;2337;Lavoisier;35047;Bruz;48.032987, -1.733027;true;Abri double;Grand public;6-2337
1762;2024-07-08;;Oui;1762;Monnerville;35238;Rennes;48.107392, -1.64911;true;Abri provisoire;Grand public;6-1762
9141;2002-01-01;;Oui;9141;Liberté Ev;35238;Rennes;48.107362, -1.676848;false;;Grand public;6-9141
4451;2002-01-01;;Oui;4451;Clairville;35081;Clayes;48.180991, -1.850524;false;Abri simple;Grand public;6-4451
2339;2022-10-24;;Oui;2339;Champ Niguel;35047;Bruz;48.028329, -1.735617;true;Abri simple;Grand public;6-2339
1765;2024-05-04;;Oui;1765;Buffon;35238;Rennes;48.10345, -1.711658;false;Poteau;Grand public;6-1765
9142;2022-10-24;;Oui;9142;Pâtis Tatelin Ev;35238;Rennes;48.128951, -1.642546;false;;Grand public;6-9142
4510;2022-10-24;;Oui;4510;Prés Verts;35120;Gévezé;48.223641, -1.793645;true;Abri simple;Grand public;6-4510
2344;2025-09-01;;Oui;2344;Noë;35047;Bruz;48.021674, -1.752317;true;Abri simple;Grand public;6-2344
2006;2022-10-24;;Oui;2006;Petits Champs;35051;Cesson-Sévigné;48.125192, -1.596604;true;Abri simple;Grand public;6-2006
9157;2024-04-01;;Oui;9157;Parc Expo;35281;Saint-Jacques-de-la-Lande;48.060363, -1.731141;false;Non matérialisé;Grand public;6-9157
4530;2002-01-01;;Oui;4530;Lande de Villé;35120;Gévezé;48.23354, -1.787786;false;Poteau;Grand public;6-4530
2380;2024-09-02;;Oui;2380;Roche Marguerite;35047;Bruz;47.998281, -1.73959;false;Poteau;Grand public;6-2380
2007;2024-07-08;;Oui;2007;Bourgchevreuil;35051;Cesson-Sévigné;48.12323, -1.600496;true;Abri simple;Grand public;6-2007
9160;2025-05-01;;Oui;9160;Ecomusée;35206;Noyal-Châtillon-sur-Seiche;48.077282, -1.665552;false;Poteau provisoire;Grand public;6-9160
2384;2024-09-02;;Oui;2384;Bois de Carcé;35047;Bruz;48.024765, -1.727164;false;Poteau;Grand public;6-2384
2014;2023-09-04;;Oui;2014;Sports et Nature;35051;Cesson-Sévigné;48.114672, -1.609754;true;Abri simple;Grand public;6-2014
4553;2022-10-24;2026-01-04;Oui;4553;Lande du Jardin;35250;Saint-Armel;48.01463, -1.598304;true;Poteau;Grand public;6-4553
2404;2025-09-01;;Oui;2404;Trégor;35024;Betton;48.183007, -1.646075;false;Abri simple;Grand public;6-2404
2016;2022-10-24;;Oui;2016;Taillis;35051;Cesson-Sévigné;48.114203, -1.622107;true;Abri simple;Grand public;6-2016
2407;2025-09-01;;Oui;2407;Haye Renaud Gare;35024;Betton;48.180188, -1.634933;true;Abri simple;Grand public;6-2407
2019;2022-10-24;;Oui;2019;Champs Péans;35051;Cesson-Sévigné;48.114059, -1.627947;true;Abri simple;Grand public;6-2019
4555;2002-01-01;2026-01-04;Oui;4555;Saint-Armel Gare;35250;Saint-Armel;48.014056, -1.594394;true;Abri simple;Grand public;6-4555
2409;2025-09-01;;Oui;2409;Housset;35024;Betton;48.172309, -1.63743;true;Abri simple;Grand public;6-2409
2029;2024-07-08;;Oui;2029;Bourgchevreuil;35051;Cesson-Sévigné;48.12307, -1.600578;true;Abri simple;Grand public;6-2029
2410;2025-09-01;;Oui;2410;Enseigne Abbaye;35024;Betton;48.171005, -1.64207;true;Abri double;Grand public;6-2410
2042;2022-10-24;;Oui;2042;Les Lacs;35051;Cesson-Sévigné;48.124672, -1.613096;true;Poteau;Grand public;6-2042
4601;2022-10-24;;Oui;4601;Chevaigné Mairie;35079;Chevaigné;48.211774, -1.630336;true;Poteau;Grand public;6-4601
2411;2025-09-01;;Oui;2411;Betton Vallée;35024;Betton;48.16171, -1.647864;true;Abri simple;Grand public;6-2411
2063;2022-10-24;;Oui;2063;Monniais;35051;Cesson-Sévigné;48.108748, -1.609616;true;Abri simple;Grand public;6-2063
4605;2022-10-24;;Oui;4605;Fonderies;35079;Chevaigné;48.214376, -1.62897;true;Abri simple;Grand public;6-4605
2416;2025-09-01;;Oui;2416;Haye Renaud Gare;35024;Betton;48.180211, -1.6347;true;?;Grand public;6-2416
2072;2022-10-24;;Oui;2072;Calendrou;35051;Cesson-Sévigné;48.140603, -1.616299;true;Abri simple;Grand public;6-2072
4660;2002-01-01;;Oui;4660;Bintin;35080;Cintré;48.114373, -1.903277;false;Poteau;Grand public;6-4660
2417;2025-09-01;;Oui;2417;Betton Centre;35024;Betton;48.181847, -1.638395;true;Abri simple;Grand public;6-2417
2073;2022-10-24;;Oui;2073;Victoire;35051;Cesson-Sévigné;48.145075, -1.608438;true;Poteau;Grand public;6-2073
4662;2022-10-03;;Oui;4662;Chêne Lierru;35080;Cintré;48.107023, -1.894886;false;Poteau;Grand public;6-4662
2423;2025-09-01;;Oui;2423;Cour Neuve;35024;Betton;48.175413, -1.622935;false;Poteau;Grand public;6-2423
2079;2022-10-24;;Oui;2079;Verger;35051;Cesson-Sévigné;48.128789, -1.606166;false;Abri simple;Grand public;6-2079
4701;2024-09-02;;Oui;4701;Point du Jour;35139;Laillé;47.978582, -1.713057;true;Abri simple;Grand public;6-4701
2425;2025-09-01;;Oui;2425;Tihouït;35024;Betton;48.163665, -1.62518;true;Abri simple;Grand public;6-2425
2084;2022-10-24;;Oui;2084;Verger;35051;Cesson-Sévigné;48.129024, -1.604791;false;Poteau;Grand public;6-2084
4702;2021-09-02;;Oui;4702;Orée du Bois;35139;Laillé;47.975508, -1.717006;true;Abri simple;Grand public;6-4702
2426;2025-09-01;;Oui;2426;Tihouït;35024;Betton;48.163864, -1.624946;true;Poteau;Grand public;6-2426
2085;2024-09-02;;Oui;2085;Champelé;35051;Cesson-Sévigné;48.115989, -1.584164;true;Abri simple;Grand public;6-2085
4707;2025-07-07;;Oui;4707;Châtaigneraie;35139;Laillé;47.97928, -1.724484;true;Poteau;Grand public;6-4707
2438;2022-10-24;;Oui;2438;Mézières;35024;Betton;48.18499, -1.65024;false;Poteau;Grand public;6-2438
2101;2022-10-24;;Oui;2101;Village Collectivités;35051;Cesson-Sévigné;48.131743, -1.597919;true;Abri double;Grand public;6-2101
4730;2022-09-26;;Oui;4730;La Gicquelais;35139;Laillé;47.939553, -1.710619;false;Poteau;Grand public;6-4730
2456;2022-10-24;;Oui;2456;Pont Brand;35024;Betton;48.178787, -1.660937;true;Abri simple;Grand public;6-2456
2102;2023-09-04;;Oui;2102;Erbonière;35051;Cesson-Sévigné;48.106162, -1.625343;true;Abri simple;Grand public;6-2102
4740;2024-09-02;;Oui;4740;Le Nid;35139;Laillé;47.98519, -1.718862;false;Abri simple;Grand public;6-4740
2462;2022-08-29;;Oui;2462;Basse Robinais;35024;Betton;48.193848, -1.625124;true;Abri simple;Grand public;6-2462
2110;2002-01-01;;Oui;2110;Touche sur Roche;35051;Cesson-Sévigné;48.097628, -1.586757;false;Poteau;Grand public;6-2110
4741;2024-09-02;;Oui;4741;Le Nid;35139;Laillé;47.985177, -1.719023;false;Poteau;Grand public;6-4741
2464;2002-01-01;;Oui;2464;Betton Gare;35024;Betton;48.181757, -1.634588;false;Abri simple;Grand public;6-2464
2132;2024-02-12;;Oui;2132;Cesson - Viasilva;35051;Cesson-Sévigné;48.132413, -1.619598;true;Abri simple;Grand public;6-2132
4759;2020-09-01;;Oui;4759;Couais;35139;Laillé;47.944867, -1.728573;false;Poteau;Grand public;6-4759
2467;2025-09-01;;Oui;2467;La Haute Plesse;35024;Betton;48.179901, -1.62836;true;Poteau;Grand public;6-2467
2135;2023-04-17;;Oui;2135;Cesson - Viasilva;35051;Cesson-Sévigné;48.132889, -1.620573;true;Abri simple;Grand public;6-2135
4762;2024-09-02;;Oui;4762;Le Plessix Mandon;35139;Laillé;47.946054, -1.679936;false;;Grand public;6-4762
2510;2002-01-01;;Oui;2510;Plessix Saucourt;35240;Le Rheu;48.103897, -1.750302;false;Abri simple;Grand public;6-2510
2138;2023-04-17;;Oui;2138;Cesson - Viasilva;35051;Cesson-Sévigné;48.132243, -1.619819;true;Abri simple;Grand public;6-2138
4766;2022-09-01;;Oui;4766;L'Oie;35139;Laillé;47.940225, -1.716699;false;Abri simple;Grand public;6-4766
2525;2002-01-01;;Oui;2525;Haut Plessis;35240;Le Rheu;48.07853, -1.771357;false;Poteau;Grand public;6-2525
2143;2024-07-08;;Oui;2143;Monniais;35051;Cesson-Sévigné;48.109695, -1.608879;true;Abri simple;Grand public;6-2143
4906;2021-09-02;;Oui;4906;Le Rhé;35144;Langan;48.24926, -1.86779;false;Poteau;Grand public;6-4906
2537;2023-09-04;;Oui;2537;Gaston Bardet;35240;Le Rheu;48.102401, -1.787353;true;Abri simple;Grand public;6-2537
2146;2022-10-24;;Oui;2146;Stade Belliard;35051;Cesson-Sévigné;48.118847, -1.599477;true;Abri simple;Grand public;6-2146
2539;2024-09-02;;Oui;2539;Acquêts;35240;Le Rheu;48.096467, -1.798157;true;Poteau;Grand public;6-2539
2149;2022-10-24;;Oui;2149;Dézerseul;35051;Cesson-Sévigné;48.122835, -1.591469;true;Abri simple;Grand public;6-2149
4956;2014-01-02;;Oui;4956;Miniac Ecole;35180;Miniac-sous-Bécherel;48.284109, -1.934853;false;Poteau;Grand public;6-4956
2541;2024-09-02;;Oui;2541;Egalité;35240;Le Rheu;48.094413, -1.795916;true;Poteau;Grand public;6-2541
2150;2024-07-08;;Oui;2150;Les Lacs;35051;Cesson-Sévigné;48.125198, -1.613054;true;Abri simple;Grand public;6-2150
6005;2024-09-02;;Oui;6005;Mettrie Templiers;35245;Romillé;48.212414, -1.890827;true;Poteau;Grand public;6-6005
2548;2024-09-02;;Oui;2548;Clos Joury;35240;Le Rheu;48.100453, -1.801441;true;Abri double;Grand public;6-2548
2155;2024-02-12;;Oui;2155;Bouriande;35051;Cesson-Sévigné;48.127731, -1.620931;true;Poteau;Grand public;6-2155
6012;2022-11-21;;Oui;6012;Romillé Pigeon Blanc;35245;Romillé;48.207787, -1.83572;false;Poteau;Grand public;6-6012
2605;2022-10-24;;Oui;2605;Fosse Gauchère;35352;Vern-sur-Seiche;48.04941, -1.609843;true;Poteau;Grand public;6-2605
2156;2024-02-26;;Oui;2156;Gaudais;35051;Cesson-Sévigné;48.127218, -1.614108;true;Abri simple;Grand public;6-2156
6021;2002-01-01;;Oui;6021;Romillé Collège;35245;Romillé;48.218528, -1.895741;false;Non matérialisé;Grand public;6-6021
2611;2022-10-24;;Oui;2611;Hallerais;35352;Vern-sur-Seiche;48.072403, -1.628708;true;Abri simple;Grand public;6-2611
2159;2024-07-08;;Oui;2159;Pierrins;35051;Cesson-Sévigné;48.130092, -1.614392;true;Abri;Grand public;6-2159
6025;2025-09-01;;Oui;6025;La Couplais;35245;Romillé;48.233964, -1.875467;false;Poteau;Grand public;6-6025
2615;2022-10-24;;Oui;2615;Bretonnière;35352;Vern-sur-Seiche;48.058916, -1.616691;true;Poteau;Grand public;6-2615
2160;2024-07-08;;Oui;2160;Pierrins;35051;Cesson-Sévigné;48.13076, -1.614675;true;Poteau;Grand public;6-2160
8010;2021-01-04;;Oui;8010;star't Le Rheu;35240;Le Rheu;48.099381, -1.795996;false;Non matérialisé;Grand public;6-8010
2621;2022-10-24;2026-01-04;Oui;2621;Vern La Touche;35352;Vern-sur-Seiche;48.040697, -1.60235;false;Poteau;Grand public;6-2621
2161;2025-01-01;;Oui;2161;Rigourdière;35051;Cesson-Sévigné;48.114365, -1.593011;true;Poteau;Grand public;6-2161
2622;2002-01-01;;Oui;2622;Champ Martin;35352;Vern-sur-Seiche;48.059932, -1.613107;false;Poteau;Grand public;6-2622
2163;2023-09-04;;Oui;2163;Petite Monniais;35051;Cesson-Sévigné;48.103708, -1.60418;true;Poteau;Grand public;6-2163
2630;2014-01-01;;Oui;2630;Maillardière;35352;Vern-sur-Seiche;48.045211, -1.598757;true;Abri simple;Grand public;6-2630
2164;2024-09-02;;Oui;2164;Chêne Morand;35051;Cesson-Sévigné;48.103826, -1.621442;true;Abri;Grand public;6-2164
2634;2022-10-24;;Oui;2634;Vern Eglise;35352;Vern-sur-Seiche;48.046994, -1.602716;true;Poteau;Grand public;6-2634
2166;2024-09-02;;Oui;2166;Montoul;35051;Cesson-Sévigné;48.097394, -1.574385;false;Poteau;Grand public;6-2166
9086;2002-01-01;;Oui;9086;Hôtel Dieu Ev;35238;Rennes;48.117533, -1.677247;false;;Grand public;6-9086
2637;2022-10-24;;Oui;2637;Solidor;35352;Vern-sur-Seiche;48.049622, -1.615173;true;Abri simple;Grand public;6-2637
2213;2022-10-24;;Oui;2213;Jean Marin;35281;Saint-Jacques-de-la-Lande;48.082476, -1.715442;true;Abri simple;Grand public;6-2213
9112;2021-08-30;;Oui;9112;Pont de Nantes Ev;35238;Rennes;48.101668, -1.684228;false;;Grand public;6-9112
2647;2021-09-02;2026-01-04;Oui;2647;Vern Gare;35352;Vern-sur-Seiche;48.046846, -1.595867;false;Poteau provisoire;Grand public;6-2647
2214;2022-10-24;;Oui;2214;Médiathèque;35281;Saint-Jacques-de-la-Lande;48.079898, -1.715534;true;Abri double;Grand public;6-2214
9113;2002-01-01;;Oui;9113;Pont de Nantes Ev;35238;Rennes;48.102039, -1.683343;false;;Grand public;6-9113
2704;2023-01-03;;Oui;2704;Janais;35206;Noyal-Châtillon-sur-Seiche;48.059246, -1.7013;false;Abri simple;Grand public;6-2704
2215;2022-10-24;;Oui;2215;Collège Jean Moulin;35281;Saint-Jacques-de-la-Lande;48.076891, -1.71591;true;Abri simple;Grand public;6-2215
9115;2002-01-01;;Oui;9115;Gares;35238;Rennes;48.104251, -1.671228;false;;Grand public;6-9115
2705;2021-02-22;;Oui;2705;Bray;35206;Noyal-Châtillon-sur-Seiche;48.029055, -1.659784;false;Poteau;Grand public;6-2705
2228;2017-04-18;;Oui;2228;Pigeon Blanc;35281;Saint-Jacques-de-la-Lande;48.089781, -1.693143;true;Abri simple;Grand public;6-2228
9146;2021-08-30;;Oui;9146;TNB Ev;35238;Rennes;48.107688, -1.67366;false;;Grand public;6-9146
2712;2022-12-09;;Oui;2712;Mail Lancé;35206;Noyal-Châtillon-sur-Seiche;48.064004, -1.663849;false;Abri simple;Grand public;6-2712
2229;2022-10-24;;Oui;2229;Croix Verte;35281;Saint-Jacques-de-la-Lande;48.089432, -1.697947;true;Abri simple;Grand public;6-2229
2730;2022-10-24;;Oui;2730;Croix de Pierre;35206;Noyal-Châtillon-sur-Seiche;48.046117, -1.66477;true;Poteau;Grand public;6-2730
2233;2022-10-24;;Oui;2233;Abbé Grimault;35281;Saint-Jacques-de-la-Lande;48.067416, -1.717317;true;Abri simple;Grand public;6-2233
2773;2024-09-02;;Oui;2773;Ise;35206;Noyal-Châtillon-sur-Seiche;48.032135, -1.661331;true;Abri simple;Grand public;6-2773
2238;2022-10-24;;Oui;2238;Centre Météo;35281;Saint-Jacques-de-la-Lande;48.065027, -1.724475;true;Abri simple;Grand public;6-2238
2816;2024-09-02;;Oui;2816;La Plesse;35278;Saint-Grégoire;48.138245, -1.686342;true;Abri simple;Grand public;6-2816
2243;2022-10-24;;Oui;2243;Aire Libre;35281;Saint-Jacques-de-la-Lande;48.067363, -1.721863;true;Poteau;Grand public;6-2243
2836;2024-09-02;;Oui;2836;Uttenreuth;35278;Saint-Grégoire;48.157005, -1.687266;true;Poteau;Grand public;6-2836
2248;2002-01-01;;Oui;2248;Bellevue;35281;Saint-Jacques-de-la-Lande;48.079341, -1.733111;false;Poteau;Grand public;6-2248
2851;2002-01-01;;Oui;2851;Edonia;35278;Saint-Grégoire;48.148065, -1.696845;true;Poteau;Grand public;6-2851
2252;2022-10-24;;Oui;2252;Maffeys;35281;Saint-Jacques-de-la-Lande;48.08671, -1.710051;false;Poteau;Grand public;6-2252
2856;2022-10-24;;Oui;2856;Kerguelen;35278;Saint-Grégoire;48.151431, -1.697106;true;Abri simple;Grand public;6-2856
2253;2020-06-25;;Oui;2253;Reuzerais;35281;Saint-Jacques-de-la-Lande;48.086649, -1.723089;false;Poteau;Grand public;6-2253
2860;2024-09-02;;Oui;2860;Robiquette;35278;Saint-Grégoire;48.136854, -1.697284;true;Abri simple;Grand public;6-2860
2255;2017-02-06;;Oui;2255;Bellevue;35281;Saint-Jacques-de-la-Lande;48.078745, -1.732518;false;Poteau;Grand public;6-2255
2865;2022-10-24;;Oui;2865;Maison Blanche;35278;Saint-Grégoire;48.147289, -1.657589;true;Abri simple;Grand public;6-2865
2257;2016-08-29;;Oui;2257;Pressoirs;35281;Saint-Jacques-de-la-Lande;48.087068, -1.694605;true;Abri simple;Grand public;6-2257
2906;2002-01-01;;Oui;2906;Croix aux Potiers;35066;Chartres-de-Bretagne;48.045933, -1.71008;true;Abri simple;Grand public;6-2906
2266;2025-01-01;;Oui;2266;Parc Expo;35047;Bruz;48.056515, -1.732068;false;Non matérialisé;Grand public;6-2266
2908;2022-10-24;;Oui;2908;Callouët;35066;Chartres-de-Bretagne;48.041394, -1.71253;true;Abri simple;Grand public;6-2908
2276;2023-09-04;;Oui;2276;Haie des Cognets;35281;Saint-Jacques-de-la-Lande;48.081991, -1.733693;true;Abri simple;Grand public;6-2276
2916;2022-10-24;;Oui;2916;Auditoire;35066;Chartres-de-Bretagne;48.041683, -1.702487;false;Abri simple;Grand public;6-2916
2282;2025-09-01;;Oui;2282;Saint-Jacques - Gaîté;35281;Saint-Jacques-de-la-Lande;48.092031, -1.702462;true;Abri simple;Grand public;6-2282
2919;2022-10-24;;Oui;2919;Chartres Centre;35066;Chartres-de-Bretagne;48.042233, -1.707317;true;Abri simple;Grand public;6-2919
2288;2022-10-24;;Oui;2288;Jules Vallès;35281;Saint-Jacques-de-la-Lande;48.063186, -1.728352;true;Poteau;Grand public;6-2288
2924;2025-09-01;;Oui;2924;Argoat;35066;Chartres-de-Bretagne;48.03556, -1.706247;true;Poteau;Grand public;6-2924
2289;2022-10-24;;Oui;2289;Jules Vallès;35281;Saint-Jacques-de-la-Lande;48.063351, -1.727696;true;Abri simple;Grand public;6-2289
2928;2025-09-01;;Oui;2928;Constant Mérel;35066;Chartres-de-Bretagne;48.031446, -1.70875;true;Abri simple;Grand public;6-2928
2291;2022-10-24;;Oui;2291;Germaine Tillion;35281;Saint-Jacques-de-la-Lande;48.094478, -1.706118;true;Abri simple;Grand public;6-2291
2930;2025-09-01;;Oui;2930;Constant Mérel;35066;Chartres-de-Bretagne;48.031184, -1.709296;true;Poteau;Grand public;6-2930
2301;2018-07-09;;Oui;2301;Bruz Centre;35047;Bruz;48.024197, -1.744583;true;Poteau;Grand public;6-2301
3008;2025-09-01;;Oui;3008;Loges;35055;Chantepie;48.090337, -1.624139;true;Poteau;Grand public;6-3008
2303;2022-10-24;;Oui;2303;Haut Launay;35047;Bruz;48.024696, -1.757386;true;Abri simple;Grand public;6-2303
3009;2024-07-08;;Oui;3009;Chantepie Mairie;35055;Chantepie;48.088344, -1.619074;true;Abri simple;Grand public;6-3009
2309;2024-09-02;;Oui;2309;Ker Lann;35047;Bruz;48.044595, -1.746508;true;Abri simple;Grand public;6-2309
3016;2016-08-29;;Oui;3016;Cucé;35055;Chantepie;48.093561, -1.607497;true;Abri simple;Grand public;6-3016
2311;2024-09-02;;Oui;2311;Coeur de Campus;35047;Bruz;48.047279, -1.741962;true;Abri double;Grand public;6-2311
3018;2024-07-08;;Oui;3018;Rocade Sud;35055;Chantepie;48.085562, -1.627119;true;Abri simple;Grand public;6-3018
2317;2024-09-02;;Oui;2317;Coeur de Campus;35047;Bruz;48.04741, -1.742091;true;Abri simple;Grand public;6-2317
3021;2024-07-08;;Oui;3021;Rocade Sud;35055;Chantepie;48.085938, -1.626794;true;Abri simple;Grand public;6-3021
2323;2022-10-24;;Oui;2323;Rabine;35047;Bruz;48.025631, -1.76081;true;Abri simple;Grand public;6-2323
3022;2016-08-29;;Oui;3022;Hallouvry;35055;Chantepie;48.091114, -1.615216;true;Poteau;Grand public;6-3022
2327;2025-09-01;;Oui;2327;Pont-Réan;35047;Bruz;48.005424, -1.774866;true;Abri simple;Grand public;6-2327
3027;2023-09-04;;Oui;3027;Touche Annette;35055;Chantepie;48.085774, -1.608186;true;Abri double;Grand public;6-3027
2328;2002-01-01;;Oui;2328;Doublé;35047;Bruz;48.034874, -1.724827;true;Abri simple;Grand public;6-2328
3042;2021-09-02;;Oui;3042;La Planche;35055;Chantepie;48.077776, -1.605567;false;Poteau;Grand public;6-3042
2359;2002-01-01;;Oui;2359;Doublé;35047;Bruz;48.035797, -1.723223;true;Abri simple;Grand public;6-2359
3043;2023-09-04;;Oui;3043;Rosa Parks;35055;Chantepie;48.085675, -1.603693;false;Abri simple;Grand public;6-3043
2365;2024-09-02;;Oui;2365;Brossolette;35047;Bruz;48.020489, -1.743438;false;Non matérialisé;Grand public;6-2365
3109;2022-10-24;;Oui;3109;Pacé Cimetière;35210;Pacé;48.148081, -1.769869;true;Abri simple;Grand public;6-3109
2368;2024-09-02;;Oui;2368;DGA-MI;35047;Bruz;47.987286, -1.742612;false;Poteau;Grand public;6-2368
3111;2022-09-01;;Oui;3111;Le Ponant;35210;Pacé;48.142749, -1.770135;true;Abri simple;Grand public;6-3111
2375;2022-10-24;;Oui;2375;Châteliers;35047;Bruz;48.024279, -1.752825;true;Abri simple;Grand public;6-2375
3124;2002-01-01;;Oui;3124;Chapitre;35210;Pacé;48.175339, -1.789979;false;Poteau;Grand public;6-3124
2377;2022-10-24;;Oui;2377;Corbières;35047;Bruz;48.035149, -1.757444;true;Abri simple;Grand public;6-2377
3133;2002-01-01;;Oui;3133;Ouessant;35210;Pacé;48.157394, -1.765655;true;Poteau;Grand public;6-3133
2383;2024-09-02;;Oui;2383;Bois de Carcé;35047;Bruz;48.024676, -1.727085;false;Poteau;Grand public;6-2383
3145;2002-01-01;;Oui;3145;Touche Champagne;35210;Pacé;48.179958, -1.80163;false;Poteau;Grand public;6-3145
2406;2025-09-01;;Oui;2406;Betton Centre;35024;Betton;48.181126, -1.637876;true;Abri simple;Grand public;6-2406
3170;2017-01-02;;Oui;3170;Beausoleil;35210;Pacé;48.152547, -1.763733;true;Abri simple;Grand public;6-3170
2412;2025-09-01;;Oui;2412;Betton Vallée;35024;Betton;48.162621, -1.647112;true;Abri simple;Grand public;6-2412
3176;2022-09-01;;Oui;3176;Pacé Cimetière;35210;Pacé;48.147787, -1.768493;true;Abri simple;Grand public;6-3176
2419;2025-09-01;;Oui;2419;Trégor;35024;Betton;48.183196, -1.646383;false;Poteau;Grand public;6-2419
3218;2024-09-02;;Oui;3218;Groupe Scolaire;35208;Orgères;47.997211, -1.668717;true;Poteau;Grand public;6-3218
2420;2025-09-01;;Oui;2420;Brocéliande;35024;Betton;48.180564, -1.652229;false;Abri simple;Grand public;6-2420
3222;2002-01-01;;Oui;3222;Belle Etoile;35208;Orgères;47.976836, -1.674649;false;Poteau + Abri communal;Grand public;6-3222
2421;2025-09-01;;Oui;2421;Omblais;35024;Betton;48.179172, -1.651248;true;Poteau;Grand public;6-2421
3239;2016-08-29;;Oui;3239;Blés d'Or;35208;Orgères;47.99191, -1.67231;false;Poteau;Grand public;6-3239
2422;2002-01-01;;Oui;2422;Petite Hublais;35024;Betton;48.182197, -1.616094;true;Abri simple;Grand public;6-2422
3244;2002-01-01;;Oui;3244;Violais;35208;Orgères;47.972839, -1.648581;false;Poteau;Grand public;6-3244
2424;2025-09-01;;Oui;2424;Champ Giron;35334;Thorigné-Fouillard;48.170871, -1.62221;false;Abri simple;Grand public;6-2424
3257;2024-09-02;;Oui;3257;Haye Longue;35208;Orgères;48.005037, -1.665643;true;Poteau;Grand public;6-3257
2459;2021-07-07;;Oui;2459;Betton La Gaudière;35024;Betton;48.185181, -1.693657;false;Poteau BreizhGo;Grand public;6-2459
3262;2020-09-01;;Oui;3262;La Barre;35208;Orgères;47.989893, -1.652489;false;Poteau;Grand public;6-3262
2461;2025-09-01;;Oui;2461;La Haute Plesse;35024;Betton;48.180116, -1.627785;true;Abri simple;Grand public;6-2461
3304;2022-10-24;;Oui;3304;Anne de Bretagne;35334;Thorigné-Fouillard;48.155636, -1.580834;true;Abri simple;Grand public;6-3304
3313;2022-10-24;;Oui;3313;Bocage;35334;Thorigné-Fouillard;48.15915, -1.579789;true;Abri simple;Grand public;6-3313
2501;2002-01-01;;Oui;2501;Noë Diolé;35240;Le Rheu;48.102439, -1.83226;false;Poteau;Grand public;6-2501
3402;2022-10-24;;Oui;3402;Langlois;35204;Nouvoitou;48.040949, -1.549602;true;Poteau;Grand public;6-3402
2502;2024-09-02;;Oui;2502;Lycée Monod;35240;Le Rheu;48.100496, -1.806534;true;Abri simple;Grand public;6-2502
3406;2022-10-24;;Oui;3406;Eclosel;35204;Nouvoitou;48.044445, -1.561461;false;Poteau;Grand public;6-3406
2504;2025-09-01;;Oui;2504;L'Autre Lieu;35240;Le Rheu;48.098931, -1.796894;true;Abri simple;Grand public;6-2504
3407;2022-10-24;;Oui;3407;Grée Barel;35204;Nouvoitou;48.042358, -1.549723;false;Poteau;Grand public;6-3407
2505;2002-01-01;;Oui;2505;Bouleaux;35240;Le Rheu;48.101542, -1.794441;true;Abri double;Grand public;6-2505
3427;2022-10-24;;Oui;3427;Chêne Centenaire;35204;Nouvoitou;48.039914, -1.540916;true;Abri simple;Grand public;6-3427
2509;2018-09-03;;Oui;2509;Pont d'Avoine;35240;Le Rheu;48.096139, -1.764573;true;Abri simple;Grand public;6-2509
3428;2022-10-24;;Oui;3428;Chêne Centenaire;35204;Nouvoitou;48.039959, -1.541545;true;Poteau;Grand public;6-3428
2512;2023-12-26;;Oui;2512;Pont d'Avoine;35240;Le Rheu;48.096139, -1.765111;true;Abri simple;Grand public;6-2512
3501;2024-09-02;;Oui;3501;Fougerolle;35189;Montgermont;48.157203, -1.723303;false;Poteau;Grand public;6-3501
2522;2018-09-03;;Oui;2522;Mahomat;35240;Le Rheu;48.093989, -1.773922;true;Abri simple;Grand public;6-2522
3507;2022-05-26;;Oui;3507;Vizeule;35189;Montgermont;48.148967, -1.704031;true;Abri simple;Grand public;6-3507
2524;2018-09-03;;Oui;2524;Gerhoui;35240;Le Rheu;48.091374, -1.785719;true;Poteau;Grand public;6-2524
3508;2024-09-02;;Oui;3508;Vizeule;35189;Montgermont;48.149017, -1.703874;true;Poteau;Grand public;6-3508
2526;2019-09-02;;Oui;2526;Moigné;35240;Le Rheu;48.080439, -1.774454;true;Abri double;Grand public;6-2526
3519;2020-09-01;;Oui;3519;Thébaudière;35189;Montgermont;48.146698, -1.719564;false;Poteau;Grand public;6-3519
2534;2002-01-01;;Oui;2534;Collège Brassens;35240;Le Rheu;48.098948, -1.800305;false;Non matérialisé;Grand public;6-2534
3606;2002-01-01;;Oui;3606;Le Reuvre;35216;Parthenay-de-Bretagne;48.186255, -1.816444;true;Poteau;Grand public;6-3606
2602;2022-10-24;2026-01-04;Oui;2602;Bel Air;35352;Vern-sur-Seiche;48.043434, -1.601651;true;Abri double;Grand public;6-2602
3611;2002-01-01;;Oui;3611;Le Reuvre;35216;Parthenay-de-Bretagne;48.186685, -1.81675;true;Poteau;Grand public;6-3611
2604;2022-10-24;;Oui;2604;Croix Rouge;35352;Vern-sur-Seiche;48.049563, -1.606171;false;Abri simple;Grand public;6-2604
3614;2019-09-02;;Oui;3614;Clos des Tilleuls;35216;Parthenay-de-Bretagne;48.191827, -1.827837;true;Poteau;Grand public;6-3614
2606;2022-10-24;;Oui;2606;Solidor;35352;Vern-sur-Seiche;48.050743, -1.614953;true;Abri simple;Grand public;6-2606
3715;2025-01-20;;Oui;3715;Clos des Cerisiers;35275;Saint-Gilles;48.153723, -1.833994;true;Abri double;Grand public;6-3715
2612;2022-10-24;;Oui;2612;Hallerais;35352;Vern-sur-Seiche;48.07227, -1.628689;true;Abri simple;Grand public;6-2612
3718;2019-09-02;;Oui;3718;Saint-Hubert;35275;Saint-Gilles;48.141985, -1.828761;false;Poteau + Abri communal;Grand public;6-3718
2613;2022-10-24;;Oui;2613;Garenne;35352;Vern-sur-Seiche;48.067316, -1.625284;true;Poteau;Grand public;6-2613
3739;2002-01-01;;Oui;3739;Rue de Rennes Cimetière;35275;Saint-Gilles;48.155398, -1.82634;false;;Grand public;6-3739
2619;2025-09-01;2026-01-04;Oui;2619;La Poste;35352;Vern-sur-Seiche;48.044587, -1.603865;true;Abri simple;Grand public;6-2619
3752;2018-09-03;;Oui;3752;Trois Marches;35353;Vezin-le-Coquet;48.104708, -1.738951;true;Abri simple;Grand public;6-3752
3755;2015-07-02;;Oui;3755;Vallée;35353;Vezin-le-Coquet;48.120208, -1.765392;true;Abri simple;Grand public;6-3755
2633;2002-01-01;;Oui;2633;Maillardière;35352;Vern-sur-Seiche;48.045208, -1.598577;true;Poteau;Grand public;6-2633
3763;2022-10-24;;Oui;3763;Lion d'Or;35353;Vezin-le-Coquet;48.119281, -1.761396;true;Abri simple;Grand public;6-3763
3771;2022-10-24;;Oui;3771;Champs Bleus;35353;Vezin-le-Coquet;48.119172, -1.750061;true;Abri simple;Grand public;6-3771
2652;2025-09-01;;Oui;2652;Bois de Soeuvres;35352;Vern-sur-Seiche;48.06298, -1.616444;false;Poteau;Grand public;6-2652
3802;2021-09-02;;Oui;3802;Bourgbarré Mairie;35032;Bourgbarré;47.994715, -1.613872;true;Abri double;Grand public;6-3802
2701;2023-01-03;;Oui;2701;Janais;35206;Noyal-Châtillon-sur-Seiche;48.059092, -1.700963;false;Abri double;Grand public;6-2701
3804;2002-01-01;;Oui;3804;La Basse Erable;35032;Bourgbarré;47.995164, -1.6244;true;Abri simple;Grand public;6-3804
2706;2022-10-03;;Oui;2706;Molène;35206;Noyal-Châtillon-sur-Seiche;48.038439, -1.670748;true;Abri simple;Grand public;6-2706
3816;2022-10-24;;Oui;3816;Launay Garnier;35250;Saint-Armel;48.000824, -1.594455;true;Abri simple;Grand public;6-3816
2708;2025-09-01;;Oui;2708;Centre;35206;Noyal-Châtillon-sur-Seiche;48.042395, -1.665522;true;Abri simple;Grand public;6-2708
3817;2002-01-01;;Oui;3817;Launay Garnier;35032;Bourgbarré;48.000864, -1.594689;true;Poteau;Grand public;6-3817
2710;2002-01-01;;Oui;2710;Petite Saudrais;35206;Noyal-Châtillon-sur-Seiche;48.04716, -1.66123;true;Abri simple;Grand public;6-2710
3819;2002-01-01;;Oui;3819;Abords Lauriais;35032;Bourgbarré;47.968734, -1.639334;false;Poteau;Grand public;6-3819
2720;2023-11-10;;Oui;2720;Louis Texier;35206;Noyal-Châtillon-sur-Seiche;48.044378, -1.660829;false;Abri simple;Grand public;6-2720
3828;2023-09-04;;Oui;3828;Pont du Gué;35032;Bourgbarré;47.997446, -1.613091;false;Poteau + Abri communal;Grand public;6-3828
2731;2022-10-24;;Oui;2731;Centre;35206;Noyal-Châtillon-sur-Seiche;48.042873, -1.666081;true;Poteau;Grand public;6-2731
3839;2024-09-02;;Oui;3839;Salle de Sports;35032;Bourgbarré;47.991044, -1.616887;true;Poteau;Grand public;6-3839
2732;2022-10-24;;Oui;2732;Pont;35206;Noyal-Châtillon-sur-Seiche;48.038619, -1.666778;true;Poteau;Grand public;6-2732
3855;2018-09-03;;Oui;3855;Gretay;35196;Mordelles;48.077689, -1.837382;true;Abri double;Grand public;6-3855
2751;2018-09-03;;Oui;2751;Monts Gaultier;35206;Noyal-Châtillon-sur-Seiche;48.039338, -1.680002;true;Poteau;Grand public;6-2751
3856;2018-09-03;;Oui;3856;Croix Ignon;35196;Mordelles;48.081326, -1.826599;false;Abri simple;Grand public;6-3856
2755;2022-09-01;;Oui;2755;Abords Rouvray;35206;Noyal-Châtillon-sur-Seiche;48.059702, -1.663418;false;Poteau;Grand public;6-2755
3858;2018-09-03;;Oui;3858;Vivier des Bois;35196;Mordelles;48.088242, -1.798652;false;Abri simple;Grand public;6-3858
2757;2025-09-01;;Oui;2757;Boisardière;35206;Noyal-Châtillon-sur-Seiche;48.042026, -1.630343;false;Poteau;Grand public;6-2757
3880;2023-09-04;;Oui;3880;Morvan Lebesque;35196;Mordelles;48.071465, -1.841111;false;Non matérialisé;Grand public;6-3880
2759;2022-09-01;;Oui;2759;Horizon;35206;Noyal-Châtillon-sur-Seiche;48.041679, -1.663416;false;Poteau;Grand public;6-2759
3882;2023-10-09;;Oui;3882;La Prie;35196;Mordelles;48.095306, -1.852034;false;Poteau;Grand public;6-3882
2763;2022-09-01;;Oui;2763;Launay Hyon;35206;Noyal-Châtillon-sur-Seiche;48.067167, -1.659257;false;Poteau;Grand public;6-2763
3905;2021-09-02;;Oui;3905;Pont-Péan Mairie;35363;Pont-Péan;48.010772, -1.706723;true;Abri simple;Grand public;6-3905
2765;2025-09-01;;Oui;2765;Lotissement du Moulin;35206;Noyal-Châtillon-sur-Seiche;48.041899, -1.656314;false;Abri simple;Grand public;6-2765
3908;2021-09-02;;Oui;3908;Renaissance;35363;Pont-Péan;48.019941, -1.706972;true;Abri simple;Grand public;6-3908
2774;2022-10-03;;Oui;2774;Ise;35206;Noyal-Châtillon-sur-Seiche;48.03231, -1.661334;true;Abri simple;Grand public;6-2774
3910;2024-09-02;;Oui;3910;Fontaine Blanche;35363;Pont-Péan;48.016996, -1.705211;true;Poteau;Grand public;6-3910
2777;2024-09-02;;Oui;2777;Hil Boëdrier;35206;Noyal-Châtillon-sur-Seiche;48.076025, -1.671465;false;Poteau;Grand public;6-2777
3921;2016-08-29;2026-01-04;Oui;3921;Le Louvrel;35363;Pont-Péan;48.019867, -1.694083;false;Poteau;Grand public;6-3921
2804;2024-09-02;;Oui;2804;Ricoquais;35278;Saint-Grégoire;48.159105, -1.676666;true;Abri double;Grand public;6-2804
3927;2024-09-02;;Oui;3927;Touche Audienne;35363;Pont-Péan;48.001953, -1.713365;false;Poteau;Grand public;6-3927
2808;2024-09-02;;Oui;2808;Uttenreuth;35278;Saint-Grégoire;48.15682, -1.687365;true;Abri double;Grand public;6-2808
3954;2025-09-01;;Oui;3954;Terrain des Sports;35315;Saint-Sulpice-la-Forêt;48.214734, -1.586538;true;Poteau;Grand public;6-3954
2810;2022-10-24;;Oui;2810;Paul-Emile Victor;35278;Saint-Grégoire;48.153797, -1.691987;true;Abri simple;Grand public;6-2810
3955;2025-09-01;;Oui;3955;Tronchay;35315;Saint-Sulpice-la-Forêt;48.211672, -1.590819;true;Abri simple;Grand public;6-3955
2819;2024-09-02;;Oui;2819;Forge;35278;Saint-Grégoire;48.151535, -1.68583;true;Abri simple;Grand public;6-2819
3956;2017-04-24;;Oui;3956;Oliverie;35315;Saint-Sulpice-la-Forêt;48.197885, -1.599136;true;Abri simple;Grand public;6-3956
2821;2022-10-24;;Oui;2821;Paul-Emile Victor;35278;Saint-Grégoire;48.153628, -1.692091;true;Abri simple;Grand public;6-2821
3958;2022-10-24;;Oui;3958;Lande Saint-Denis;35315;Saint-Sulpice-la-Forêt;48.203194, -1.594996;false;Poteau;Grand public;6-3958
2825;2024-09-02;;Oui;2825;Camus;35278;Saint-Grégoire;48.159118, -1.68075;true;Poteau;Grand public;6-2825
3961;2025-09-01;;Oui;3961;Bourg;35315;Saint-Sulpice-la-Forêt;48.217733, -1.58137;true;Poteau;Grand public;6-3961
2833;2022-10-24;;Oui;2833;Jean-Paul II;35278;Saint-Grégoire;48.160123, -1.677216;true;Abri simple;Grand public;6-2833
4006;2022-10-24;;Oui;4006;Pont d'Ohin;35001;Acigné;48.137267, -1.549835;true;Abri simple;Grand public;6-4006
2837;2024-01-08;;Oui;2837;La Brosse;35278;Saint-Grégoire;48.176979, -1.721974;true;Poteau;Grand public;6-2837
4010;2022-10-24;;Oui;4010;Lande;35001;Acigné;48.134528, -1.542035;true;Poteau;Grand public;6-4010
2847;2022-10-24;;Oui;2847;Forge;35278;Saint-Grégoire;48.151729, -1.684146;true;Abri simple;Grand public;6-2847
4011;2022-10-24;;Oui;4011;Foyer;35001;Acigné;48.133863, -1.537602;false;Poteau;Grand public;6-4011
2848;2022-10-24;;Oui;2848;Forge;35278;Saint-Grégoire;48.151909, -1.684413;true;Abri simple;Grand public;6-2848
4012;2022-10-24;;Oui;4012;Acigné Mairie;35001;Acigné;48.134136, -1.534854;true;Poteau;Grand public;6-4012
2859;2022-10-24;;Oui;2859;Edonia;35278;Saint-Grégoire;48.148451, -1.697168;true;Poteau;Grand public;6-2859
4018;2022-10-24;;Oui;4018;Lande;35001;Acigné;48.134, -1.540414;true;Abri simple;Grand public;6-4018
2861;2002-01-01;;Oui;2861;Belle Ecuelle;35278;Saint-Grégoire;48.176073, -1.694192;false;Abri simple;Grand public;6-2861
4053;2002-01-01;;Oui;4053;Métairie;35059;La Chapelle-des-Fougeretz;48.179505, -1.729357;true;Abri double;Grand public;6-4053
2866;2022-10-24;;Oui;2866;Maison Blanche;35278;Saint-Grégoire;48.147152, -1.657265;true;Poteau;Grand public;6-2866
4055;2002-01-01;;Oui;4055;Viennais;35059;La Chapelle-des-Fougeretz;48.174084, -1.735227;true;Abri double;Grand public;6-4055
2903;2002-01-01;;Oui;2903;Chaussairie;35066;Chartres-de-Bretagne;48.033365, -1.711644;true;Abri simple;Grand public;6-2903
4058;2024-09-02;;Oui;4058;Viennais;35059;La Chapelle-des-Fougeretz;48.173983, -1.735156;true;Poteau;Grand public;6-4058
2905;2002-01-01;;Oui;2905;Callouët;35066;Chartres-de-Bretagne;48.042337, -1.712038;true;Abri simple;Grand public;6-2905
4074;2018-09-03;;Oui;4074;Besneraie;35059;La Chapelle-des-Fougeretz;48.183677, -1.72516;true;Poteau;Grand public;6-4074
2909;2022-10-24;;Oui;2909;Taillebois;35066;Chartres-de-Bretagne;48.036718, -1.712532;true;Poteau;Grand public;6-2909
4105;2002-01-01;;Oui;4105;Chêne Hervé;35088;Corps-Nuds;47.982145, -1.588238;true;Abri simple;Grand public;6-4105
2921;2022-10-24;;Oui;2921;Collège Pôle Sud;35066;Chartres-de-Bretagne;48.041296, -1.698217;true;Abri simple;Grand public;6-2921
4110;2022-10-24;;Oui;4110;Place de Kildare;35088;Corps-Nuds;47.977676, -1.584477;true;Poteau;Grand public;6-4110
2926;2002-01-01;;Oui;2926;Collège Pôle Sud;35066;Chartres-de-Bretagne;48.041722, -1.696073;true;Abri double;Grand public;6-2926
4114;2024-09-02;;Oui;4114;Grands Sillons;35088;Corps-Nuds;47.987816, -1.590412;true;Poteau;Grand public;6-4114
2944;2021-09-02;;Oui;2944;Ferme des Peupliers;35066;Chartres-de-Bretagne;48.029136, -1.707961;true;Abri simple;Grand public;6-2944
4152;2002-01-01;;Oui;4152;Mainguère;35039;Brécé;48.109031, -1.478452;true;Abri simple;Grand public;6-4152
3001;2023-09-04;;Oui;3001;Gériatrie;35055;Chantepie;48.085029, -1.610354;true;Abri simple;Grand public;6-3001
4162;2002-01-01;;Oui;4162;Turbanière;35039;Brécé;48.108415, -1.50786;true;Abri auvent;Grand public;6-4162
3002;2023-09-04;;Oui;3002;Deux Ruisseaux;35055;Chantepie;48.085759, -1.614094;true;Abri double;Grand public;6-3002
4202;2023-09-04;;Oui;4202;Calvaire;35076;Chavagne;48.05205, -1.790571;true;Abri simple;Grand public;6-4202
3012;2016-08-29;;Oui;3012;Bourgogne;35055;Chantepie;48.089003, -1.612653;true;Abri simple;Grand public;6-3012
4204;2023-09-04;;Oui;4204;Avenir;35076;Chavagne;48.054003, -1.783728;true;Abri double;Grand public;6-4204
3014;2002-01-01;;Oui;3014;Breillou;35055;Chantepie;48.098129, -1.622911;true;Abri auvent;Grand public;6-3014
4209;2024-09-02;;Oui;4209;Avenir;35076;Chavagne;48.054085, -1.783863;true;Poteau;Grand public;6-4209
3015;2002-01-01;;Oui;3015;Breillou;35055;Chantepie;48.098257, -1.622956;true;Abri simple;Grand public;6-3015
4252;2002-01-01;;Oui;4252;Rochers;35065;La Chapelle-Thouarault;48.123028, -1.860702;true;Abri simple;Grand public;6-4252
3023;2016-08-29;;Oui;3023;EDEFS;35055;Chantepie;48.092543, -1.613073;true;Abri auvent;Grand public;6-3023
4254;2002-01-01;;Oui;4254;Grippière;35065;La Chapelle-Thouarault;48.121223, -1.837527;true;Abri simple;Grand public;6-4254
3034;2024-07-08;;Oui;3034;Breillou;35055;Chantepie;48.098535, -1.621341;true;Poteau;Grand public;6-3034
4255;2002-01-01;;Oui;4255;Grippière;35065;La Chapelle-Thouarault;48.121438, -1.837728;false;Poteau;Grand public;6-4255
3038;2024-07-08;;Oui;3038;Chantepie Eglise;35055;Chantepie;48.08751, -1.616791;true;Poteau;Grand public;6-3038
4259;2021-09-02;;Oui;4259;Cherterie;35065;La Chapelle-Thouarault;48.133132, -1.855794;false;Poteau;Grand public;6-4259
3040;2016-08-29;;Oui;3040;Maubusson;35055;Chantepie;48.069593, -1.569788;false;Poteau BreizhGo + abri communal;Grand public;6-3040
4262;2020-09-07;;Oui;4262;Cherterie;35065;La Chapelle-Thouarault;48.13295, -1.855567;false;Poteau;Grand public;6-4262
3108;2022-10-24;;Oui;3108;Duchesse Anne;35210;Pacé;48.150845, -1.771949;true;Abri simple;Grand public;6-3108
4303;2022-10-24;;Oui;4303;L'Hermitage Gare;35131;L'Hermitage;48.123897, -1.817746;true;Abri simple;Grand public;6-4303
3112;2002-01-01;;Oui;3112;Opéra;35210;Pacé;48.141059, -1.767294;true;Poteau;Grand public;6-3112
4307;2024-09-02;;Oui;4307;Clairefontaine;35131;L'Hermitage;48.123508, -1.807451;true;Poteau;Grand public;6-4307
3117;2022-10-24;;Oui;3117;Renan;35210;Pacé;48.151279, -1.777614;true;Poteau;Grand public;6-3117
4310;2022-10-24;;Oui;4310;L'Hermitage Gare;35131;L'Hermitage;48.12366, -1.818009;true;Poteau;Grand public;6-4310
3122;2022-10-24;;Oui;3122;Pie Neuve;35210;Pacé;48.151116, -1.792181;true;Poteau;Grand public;6-3122
4316;2002-01-01;;Oui;4316;Noë Biche;35131;L'Hermitage;48.122797, -1.801176;true;Abri simple;Grand public;6-4316
3126;2002-01-01;;Oui;3126;Ouessant;35210;Pacé;48.157265, -1.765799;true;Abri simple;Grand public;6-3126
4319;2025-09-11;;Oui;4319;ESAT La Hautière;35131;L'Hermitage;48.120063, -1.821812;false;Poteau;Grand public;6-4319
3135;2022-09-01;;Oui;3135;Nominoë;35210;Pacé;48.141746, -1.771036;true;Abri simple;Grand public;6-3135
4320;2020-09-01;;Oui;4320;Frétillé;35131;L'Hermitage;48.131564, -1.826675;false;Poteau;Grand public;6-4320
3137;2002-01-01;;Oui;3137;Rive Ouest;35210;Pacé;48.140193, -1.763514;true;Poteau;Grand public;6-3137
4321;2020-09-01;;Oui;4321;Frétillé;35131;L'Hermitage;48.131692, -1.826381;false;Poteau;Grand public;6-4321
3142;2019-01-18;;Oui;3142;Haute Rabine;35210;Pacé;48.167784, -1.787327;true;Poteau;Grand public;6-3142
4323;2024-09-02;;Oui;4323;Verdais;35131;L'Hermitage;48.130526, -1.83374;false;Abri simple;Grand public;6-4323
3143;2019-01-18;;Oui;3143;Haute Rabine;35210;Pacé;48.168725, -1.787511;true;Poteau;Grand public;6-3143
4327;2021-09-02;;Oui;4327;Lemordant;35131;L'Hermitage;48.127335, -1.812869;false;Abri simple;Grand public;6-4327
3144;2002-01-01;;Oui;3144;Opéra;35210;Pacé;48.141044, -1.766311;true;Abri simple;Grand public;6-3144
4351;2024-09-02;;Oui;4351;Parc d'Activités;35266;Saint-Erblon;48.01727, -1.660332;true;Abri simple;Grand public;6-4351
3171;2017-01-02;;Oui;3171;Baiersdorf;35210;Pacé;48.151609, -1.759964;true;Poteau;Grand public;6-3171
4362;2024-11-12;;Oui;4362;Alexandre Gilois;35266;Saint-Erblon;48.016318, -1.650817;true;Abri simple;Grand public;6-4362
3172;2017-01-02;;Oui;3172;Baiersdorf;35210;Pacé;48.151187, -1.759507;true;Abri simple;Grand public;6-3172
4366;2021-09-02;;Oui;4366;Champ du Puit;35266;Saint-Erblon;48.021627, -1.659021;false;Poteau;Grand public;6-4366
3174;2022-10-24;;Oui;3174;Teillais;35210;Pacé;48.148327, -1.763863;true;Abri simple;Grand public;6-3174
4374;2021-09-02;;Oui;4374;Pont de l'Ise;35266;Saint-Erblon;48.020286, -1.646869;false;Poteau;Grand public;6-4374
3175;2022-09-01;;Oui;3175;Pacé Cimetière;35210;Pacé;48.147593, -1.768731;true;Poteau;Grand public;6-3175
4384;2025-09-22;;Oui;4384;Simone Marchand;35266;Saint-Erblon;48.020639, -1.652925;true;Abri double;Grand public;6-4384
3178;2018-09-03;;Oui;3178;La Foucherais;35210;Pacé;48.179545, -1.77501;false;Poteau;Grand public;6-3178
4386;2025-09-01;;Oui;4386;Bon Espoir;35266;Saint-Erblon;48.033969, -1.618042;false;Poteau;Grand public;6-4386
3179;2021-09-02;;Oui;3179;La Hyptais;35210;Pacé;48.170341, -1.767277;false;Poteau;Grand public;6-3179
4387;2025-09-01;;Oui;4387;Bon Espoir;35266;Saint-Erblon;48.0339, -1.617884;false;Poteau;Grand public;6-4387
3201;2002-01-01;;Oui;3201;Fort Joual;35208;Orgères;47.969813, -1.646017;false;Abri simple;Grand public;6-3201
4407;2002-01-01;;Oui;4407;Monbusson;35351;Le Verger;48.069416, -1.943188;false;Poteau;Grand public;6-4407
3206;2023-09-04;;Oui;3206;Frogerais;35208;Orgères;47.97539, -1.652321;false;Poteau;Grand public;6-3206
4504;2022-10-24;;Oui;4504;Flume;35120;Gévezé;48.218225, -1.783112;true;Abri simple;Grand public;6-4504
3207;2023-09-04;;Oui;3207;Fort Joual;35208;Orgères;47.969615, -1.645771;false;Poteau;Grand public;6-3207
4505;2024-09-02;;Oui;4505;Gévezé Mairie;35120;Gévezé;48.221004, -1.78821;true;Poteau;Grand public;6-4505
3213;2019-09-02;;Oui;3213;Plardière;35208;Orgères;48.009526, -1.665902;true;Abri simple;Grand public;6-3213
4513;2022-09-01;;Oui;4513;Beauvais;35120;Gévezé;48.217426, -1.791037;false;Poteau;Grand public;6-4513
3219;2024-09-02;;Oui;3219;Coteau;35208;Orgères;47.99493, -1.670946;false;Poteau;Grand public;6-3219
4533;2016-09-01;;Oui;4533;Gévezé Clairville;35120;Gévezé;48.222453, -1.784546;false;Poteau;Grand public;6-4533
3220;2024-09-02;;Oui;3220;Surcouf;35208;Orgères;47.992208, -1.667731;true;Poteau;Grand public;6-3220
3225;2020-09-01;;Oui;3225;ZA L'Hermitière;35208;Orgères;47.962608, -1.684894;false;Poteau;Grand public;6-3225
4554;2002-01-01;2026-01-04;Oui;4554;Lande du Jardin;35250;Saint-Armel;48.014771, -1.598458;true;Poteau;Grand public;6-4554
3230;2002-01-01;;Oui;3230;Belle Etoile;35208;Orgères;47.976695, -1.674772;false;Poteau;Grand public;6-3230
4602;2022-10-24;;Oui;4602;Fonderies;35079;Chevaigné;48.214293, -1.628846;true;Poteau;Grand public;6-4602
3245;2002-01-01;;Oui;3245;L'Hermitière Village;35208;Orgères;47.964349, -1.681718;false;Abri simple;Grand public;6-3245
4607;2022-10-24;;Oui;4607;Chevaigné Gare;35079;Chevaigné;48.207593, -1.63086;true;Abri double;Grand public;6-4607
3254;2002-01-01;;Oui;3254;Belle Etoile;35208;Orgères;47.976424, -1.674641;false;Poteau;Grand public;6-3254
4608;2022-10-24;;Oui;4608;Chevaigné Gare;35079;Chevaigné;48.207966, -1.63055;true;Poteau;Grand public;6-4608
3255;2002-01-01;;Oui;3255;Violais;35208;Orgères;47.972819, -1.64871;false;Poteau;Grand public;6-3255
4672;2022-10-24;;Oui;4672;Chêne Vert;35080;Cintré;48.105053, -1.872359;true;Abri simple;Grand public;6-4672
3256;2002-01-01;;Oui;3256;Clos Vezins;35208;Orgères;47.97809, -1.659888;false;Poteau;Grand public;6-3256
4703;2024-09-02;;Oui;4703;Orée du Bois;35139;Laillé;47.975579, -1.717067;true;Abri simple;Grand public;6-4703
3260;2019-09-02;;Oui;3260;Ormes Blanches;35208;Orgères;47.992847, -1.66291;true;Abri simple;Grand public;6-3260
4706;2025-07-07;;Oui;4706;Châtaigneraie;35139;Laillé;47.979194, -1.724213;true;Abri double;Grand public;6-4706
3301;2022-10-24;;Oui;3301;Landelles;35334;Thorigné-Fouillard;48.155222, -1.573113;true;Abri double;Grand public;6-3301
4708;2025-07-07;;Oui;4708;Gingouillère;35139;Laillé;47.980101, -1.730834;true;Abri simple;Grand public;6-4708
3323;2022-10-24;;Oui;3323;Curien;35334;Thorigné-Fouillard;48.149296, -1.576731;true;Poteau;Grand public;6-3323
4710;2024-09-02;;Oui;4710;Bout de Lande;35139;Laillé;47.979836, -1.693264;false;Poteau;Grand public;6-4710
3328;2022-10-24;;Oui;3328;Landelles;35334;Thorigné-Fouillard;48.154772, -1.573264;true;Poteau;Grand public;6-3328
4711;2022-09-01;;Oui;4711;Estuaires;35139;Laillé;47.975394, -1.691403;false;Abri simple;Grand public;6-4711
3401;2022-10-24;;Oui;3401;Parc des Sports;35204;Nouvoitou;48.04136, -1.553313;true;Abri simple;Grand public;6-3401
4713;2025-09-01;;Oui;4713;Laillé Bellevue;35139;Laillé;47.995506, -1.711738;false;;Grand public;6-4713
3404;2022-10-24;;Oui;3404;Menault;35204;Nouvoitou;48.041344, -1.544723;true;Abri simple;Grand public;6-3404
4716;2020-09-01;;Oui;4716;Bossardière;35139;Laillé;47.94146, -1.696252;false;Poteau;Grand public;6-4716
3418;2018-09-03;;Oui;3418;La Tertronais;35204;Nouvoitou;48.021901, -1.547245;false;Poteau;Grand public;6-3418
4721;2022-09-01;;Oui;4721;Château d'Eau;35139;Laillé;47.974361, -1.697674;false;Poteau;Grand public;6-4721
3424;2018-09-03;;Oui;3424;Epron;35204;Nouvoitou;48.016703, -1.539707;false;Poteau + Abri communal;Grand public;6-3424
4722;2020-09-01;;Oui;4722;Château d'Eau;35139;Laillé;47.974648, -1.698567;true;Poteau;Grand public;6-4722
3516;2025-09-01;;Oui;3516;Décoparc;35189;Montgermont;48.155402, -1.707857;true;Poteau;Grand public;6-3516
4728;2023-01-30;;Oui;4728;La Feutelais;35139;Laillé;47.968922, -1.708618;false;Poteau;Grand public;6-4728
3518;2002-01-01;;Oui;3518;Boussardière;35189;Montgermont;48.143967, -1.708638;false;Poteau;Grand public;6-3518
4729;2022-09-26;;Oui;4729;La Gicquelais;35139;Laillé;47.939631, -1.710578;false;Poteau + Abri communal;Grand public;6-4729
3601;2021-09-20;;Oui;3601;La Renardière;35216;Parthenay-de-Bretagne;48.183471, -1.835694;false;Poteau;Grand public;6-3601
4747;2024-09-02;;Oui;4747;Martigné;35139;Laillé;48.001611, -1.723986;false;Poteau;Grand public;6-4747
3613;2019-09-02;;Oui;3613;La Noë;35216;Parthenay-de-Bretagne;48.191277, -1.824264;true;Poteau;Grand public;6-3613
4748;2020-09-01;;Oui;4748;Montheleu;35139;Laillé;47.954602, -1.686219;false;Poteau + Abri communal;Grand public;6-4748
3703;2002-01-01;;Oui;3703;La Houdinais;35275;Saint-Gilles;48.151757, -1.853556;false;Poteau;Grand public;6-3703
4749;2020-09-01;;Oui;4749;Montheleu;35139;Laillé;47.954628, -1.686146;false;Poteau;Grand public;6-4749
3709;2025-01-20;;Oui;3709;Fouaye;35275;Saint-Gilles;48.152869, -1.809006;false;Abri simple;Grand public;6-3709
4758;2020-09-01;;Oui;4758;Gripay;35139;Laillé;47.94704, -1.726359;false;Poteau + Abri communal;Grand public;6-4758
3711;2025-09-01;;Oui;3711;Vigne;35275;Saint-Gilles;48.154126, -1.819981;true;Poteau;Grand public;6-3711
4768;2022-09-01;;Oui;4768;Hamonais;35139;Laillé;47.97347, -1.691004;false;Poteau;Grand public;6-4768
3712;2025-09-01;;Oui;3712;Pont aux Moines;35275;Saint-Gilles;48.150708, -1.824843;true;Poteau;Grand public;6-3712
4769;2022-09-01;;Oui;4769;Hamonais;35139;Laillé;47.973466, -1.690867;false;Poteau;Grand public;6-4769
3716;2019-09-02;;Oui;3716;Résidence Janais;35275;Saint-Gilles;48.150683, -1.830394;false;Abri simple;Grand public;6-3716
3729;2019-09-02;;Oui;3729;Résidence Janais;35275;Saint-Gilles;48.151004, -1.830178;false;Poteau;Grand public;6-3729
4802;2024-09-02;;Oui;4802;Sévignière;35022;Bécherel;48.299554, -1.939597;false;Poteau;Grand public;6-4802
3735;2019-09-02;;Oui;3735;Pierre Blanche;35275;Saint-Gilles;48.137984, -1.869432;false;Poteau;Grand public;6-3735
4904;2016-08-29;;Oui;4904;Rouaudière;35144;Langan;48.23421, -1.843908;false;Poteau;Grand public;6-4904
3736;2020-01-10;;Oui;3736;Pierre Blanche;35275;Saint-Gilles;48.138545, -1.871078;false;Poteau;Grand public;6-3736
3737;2018-09-03;;Oui;3737;Etang de la Motte;35275;Saint-Gilles;48.153999, -1.871372;false;Non matérialisé;Grand public;6-3737
6002;2002-01-01;;Oui;6002;Frères Aubert;35245;Romillé;48.216719, -1.890937;true;Abri simple;Grand public;6-6002
3738;2002-01-01;;Oui;3738;Rue de Rennes Cimetière;35275;Saint-Gilles;48.155498, -1.82621;false;;Grand public;6-3738
6004;2022-10-24;;Oui;6004;Romillé Mairie;35245;Romillé;48.215664, -1.891915;true;Abri simple;Grand public;6-6004
3761;2025-09-01;;Oui;3761;Tertre;35353;Vezin-le-Coquet;48.118572, -1.743334;true;Poteau;Grand public;6-3761
6006;2022-10-24;;Oui;6006;Mettrie Templiers;35245;Romillé;48.212224, -1.890822;true;Abri auvent;Grand public;6-6006
3764;2022-10-24;;Oui;3764;Vallée;35353;Vezin-le-Coquet;48.120397, -1.765598;true;Poteau;Grand public;6-3764
6023;2024-09-02;;Oui;6023;La Houltais;35245;Romillé;48.218762, -1.886775;false;Poteau;Grand public;6-6023
3769;2002-01-01;;Oui;3769;Marais;35353;Vezin-le-Coquet;48.104129, -1.736043;true;Abri simple;Grand public;6-3769
8003;2021-01-04;;Oui;8003;star't Alphasis;35278;Saint-Grégoire;48.154932, -1.697349;false;Abri simple;Grand public;6-8003
3770;2015-07-02;;Oui;3770;Champs Bleus;35353;Vezin-le-Coquet;48.119043, -1.749836;true;Abri simple;Grand public;6-3770
8004;2021-01-04;;Oui;8004;star't Saint-Grégoire;35278;Saint-Grégoire;48.16018, -1.688851;false;Abri simple;Grand public;6-8004
3801;2024-09-02;;Oui;3801;Centre de Loisirs;35032;Bourgbarré;47.990099, -1.613979;true;Abri double;Grand public;6-3801
8006;2021-01-04;;Oui;8006;star't Cesson - Viasilva;35051;Cesson-Sévigné;48.135226, -1.623032;false;Abri simple;Grand public;6-8006
3810;2002-01-01;;Oui;3810;Moc Souris;35032;Bourgbarré;47.960018, -1.632441;false;Abri simple;Grand public;6-3810
3811;2017-09-04;;Oui;3811;Sept Fours;35032;Bourgbarré;47.95925, -1.637301;false;Poteau;Grand public;6-3811
3824;2022-09-01;;Oui;3824;Le Rocher;35032;Bourgbarré;48.001407, -1.608628;false;Abri simple;Grand public;6-3824
3854;2022-10-24;;Oui;3854;Mordelles Lilas;35196;Mordelles;48.075821, -1.842141;true;Abri simple;Grand public;6-3854
3863;2022-10-24;;Oui;3863;Mordelles Lilas;35196;Mordelles;48.075887, -1.842248;true;Abri simple;Grand public;6-3863
9038;2023-06-01;;Oui;9038;Liberté Ev;35238;Rennes;48.107537, -1.676726;false;;Grand public;6-9038
3879;2022-09-01;;Oui;3879;Ville Noublée;35196;Mordelles;48.086488, -1.854118;false;Poteau;Grand public;6-3879
9151;2019-05-26;;Oui;9151;Liberté Ev;35238;Rennes;48.107531, -1.678653;false;;Grand public;6-9151
3902;2021-09-02;;Oui;3902;Caliorne;35363;Pont-Péan;48.006505, -1.698598;true;Abri simple;Grand public;6-3902
9152;2022-10-24;;Oui;9152;Beaulieu - Université Ev;35238;Rennes;48.121699, -1.640951;false;;Grand public;6-9152
3906;2021-09-02;;Oui;3906;Rivaudière;35363;Pont-Péan;48.013675, -1.707553;true;Abri double;Grand public;6-3906
9244;2025-09-01;2025-12-19;Oui;9244;Villebois-Mareuil;35238;Rennes;48.100209, -1.65047;false;Poteau provisoire;Grand public;6-9244
3912;2024-09-02;;Oui;3912;Pont-Péan Mairie;35363;Pont-Péan;48.010596, -1.706717;true;Poteau;Grand public;6-3912
3915;2024-09-02;;Oui;3915;Caliorne;35363;Pont-Péan;48.006296, -1.698633;true;Poteau;Grand public;6-3915
4013;2023-11-13;;Oui;4013;Verdaudais;35001;Acigné;48.13723, -1.532835;true;Abri simple;Grand public;6-4013
4020;2022-10-24;;Oui;4020;Botrel;35001;Acigné;48.140192, -1.527234;true;Poteau;Grand public;6-4020
4051;2024-07-08;;Oui;4051;Bersandières;35059;La Chapelle-des-Fougeretz;48.17714, -1.726466;false;Abri provisoire;Grand public;6-4051
4059;2024-09-02;;Oui;4059;La Chapelle Centre;35059;La Chapelle-des-Fougeretz;48.176698, -1.732725;true;Poteau;Grand public;6-4059
4060;2024-09-02;;Oui;4060;Métairie;35059;La Chapelle-des-Fougeretz;48.179251, -1.729295;true;Poteau;Grand public;6-4060
4062;2024-01-08;;Oui;4062;La Brosse;35059;La Chapelle-des-Fougeretz;48.176735, -1.722081;true;Abri simple;Grand public;6-4062
4078;2023-09-04;;Oui;4078;Confortland;35059;La Chapelle-des-Fougeretz;48.188604, -1.727382;true;Poteau;Grand public;6-4078
4103;2002-01-01;;Oui;4103;Place de Kildare;35088;Corps-Nuds;47.977794, -1.585033;true;Abri simple;Grand public;6-4103
4108;2022-10-24;;Oui;4108;Chêne Hervé;35088;Corps-Nuds;47.981834, -1.588406;false;Poteau;Grand public;6-4108
4111;2002-01-01;;Oui;4111;Huberdières;35088;Corps-Nuds;47.982641, -1.580189;false;Poteau;Grand public;6-4111
4112;2019-09-02;;Oui;4112;Corps-Nuds Gare;35088;Corps-Nuds;47.98553, -1.576064;true;Abri simple;Grand public;6-4112
4113;2024-09-02;;Oui;4113;Grands Sillons;35088;Corps-Nuds;47.987922, -1.590183;true;Poteau;Grand public;6-4113
4154;2002-01-01;;Oui;4154;Provence;35039;Brécé;48.107487, -1.482946;true;Abri simple;Grand public;6-4154
4156;2022-10-24;;Oui;4156;Pâtis;35039;Brécé;48.109382, -1.502333;true;Abri simple;Grand public;6-4156
4157;2002-01-01;;Oui;4157;Pâtis;35039;Brécé;48.109264, -1.503211;true;Poteau;Grand public;6-4157
4301;2002-01-01;;Oui;4301;Hautière;35131;L'Hermitage;48.122931, -1.821611;false;Abri simple;Grand public;6-4301
4306;2002-01-01;;Oui;4306;Clairefontaine;35131;L'Hermitage;48.123182, -1.806166;true;Abri simple;Grand public;6-4306
4308;2024-09-02;;Oui;4308;Village;35131;L'Hermitage;48.125061, -1.813048;true;Poteau;Grand public;6-4308
4352;2024-11-12;;Oui;4352;Champ Mulon;35266;Saint-Erblon;48.018817, -1.657553;true;Abri simple;Grand public;6-4352
4354;2024-09-02;;Oui;4354;Paul Féval;35266;Saint-Erblon;48.017754, -1.654402;true;Poteau;Grand public;6-4354
4359;2025-09-01;;Oui;4359;Leuzières;35266;Saint-Erblon;48.023628, -1.655199;true;Abri provisoire;Grand public;6-4359
4363;2024-09-02;;Oui;4363;Alexandre Gilois;35266;Saint-Erblon;48.016323, -1.651341;true;Poteau;Grand public;6-4363
4367;2021-09-02;;Oui;4367;Douazel;35266;Saint-Erblon;48.020425, -1.632019;false;Poteau;Grand public;6-4367
4381;2024-11-12;;Oui;4381;Collège Saint-Paul;35266;Saint-Erblon;48.018026, -1.661279;true;Non matérialisé;Grand public;6-4381
4385;2025-09-22;;Oui;4385;Simone Marchand;35266;Saint-Erblon;48.020444, -1.652844;true;Poteau;Grand public;6-4385
4404;2002-01-01;;Oui;4404;Monbusson;35351;Le Verger;48.069144, -1.943388;false;Abri simple;Grand public;6-4404
4457;2024-09-02;;Oui;4457;Clayes Centre;35081;Clayes;48.176288, -1.85246;true;Poteau;Grand public;6-4457
4460;2002-01-01;;Oui;4460;La Cour aux Pages;35081;Clayes;48.178019, -1.852801;true;Abri simple;Grand public;6-4460
4506;2021-09-02;;Oui;4506;Beauvais;35120;Gévezé;48.217537, -1.79112;true;Abri simple;Grand public;6-4506
4525;2022-09-01;;Oui;4525;Vieux Moulin;35120;Gévezé;48.219983, -1.7875;false;Poteau;Grand public;6-4525
4609;2022-10-24;;Oui;4609;Chopinais;35079;Chevaigné;48.199144, -1.627525;false;Poteau;Grand public;6-4609
4653;2022-10-24;;Oui;4653;Saint-Melaine;35080;Cintré;48.103328, -1.869526;true;Abri double;Grand public;6-4653
4654;2022-10-24;;Oui;4654;Saint-Melaine;35080;Cintré;48.103471, -1.869413;true;Poteau;Grand public;6-4654
4657;2021-09-02;;Oui;4657;Belle Arrivée;35080;Cintré;48.102369, -1.894897;false;Poteau;Grand public;6-4657
4666;2021-09-02;;Oui;4666;Richeudais;35080;Cintré;48.096693, -1.886727;false;Poteau;Grand public;6-4666
4668;2002-01-01;;Oui;4668;Les Bordes;35080;Cintré;48.11265, -1.892139;false;Poteau;Grand public;6-4668
4670;2022-10-24;;Oui;4670;Chêne Vert;35080;Cintré;48.104952, -1.872684;true;Poteau;Grand public;6-4670
4671;2023-09-04;;Oui;4671;Clos de la Vallée;35080;Cintré;48.103846, -1.879138;true;Abri simple;Grand public;6-4671
4704;2024-09-02;;Oui;4704;Laillé Eglise;35139;Laillé;47.978084, -1.720466;true;Abri simple;Grand public;6-4704
4717;2020-09-01;;Oui;4717;Boulais Pochetière;35139;Laillé;47.95562, -1.701021;false;Poteau;Grand public;6-4717
4727;2023-01-30;;Oui;4727;La Feutelais;35139;Laillé;47.968975, -1.708507;false;Poteau;Grand public;6-4727
4746;2024-09-02;;Oui;4746;Martigné;35139;Laillé;48.001335, -1.724358;false;Abri simple;Grand public;6-4746
4752;2024-09-02;;Oui;4752;Rouesnais Nord;35139;Laillé;47.968624, -1.744424;false;Poteau;Grand public;6-4752
4763;2024-09-02;;Oui;4763;Le Plessix Mandon;35139;Laillé;47.945974, -1.679771;false;;Grand public;6-4763
4770;2024-09-02;;Oui;4770;Laillé Collège;35139;Laillé;47.982174, -1.715704;false;;Grand public;6-4770
4803;2022-10-24;;Oui;4803;Sévignière;35022;Bécherel;48.299796, -1.939198;false;Abri auvent;Grand public;6-4803
4804;2014-01-02;;Oui;4804;Bécherel Ecole;35022;Bécherel;48.295814, -1.945629;false;Non matérialisé;Grand public;6-4804
4805;2022-09-01;;Oui;4805;Bécherel Ecole;35022;Bécherel;48.296931, -1.943942;true;Poteau;Grand public;6-4805
4850;2022-10-24;;Oui;4850;Chapelle-Chaussée;35058;La Chapelle-Chaussée;48.271961, -1.856918;true;Abri simple;Grand public;6-4850
4901;2022-10-24;;Oui;4901;Langan Bourg;35144;Langan;48.245411, -1.854087;true;Abri simple;Grand public;6-4901
4905;2016-08-29;;Oui;4905;Rouaudière;35144;Langan;48.234302, -1.843947;false;Poteau;Grand public;6-4905
6003;2024-09-02;;Oui;6003;Romillé Mairie;35245;Romillé;48.214818, -1.892422;true;Poteau;Grand public;6-6003
6026;2025-09-01;;Oui;6026;La Couplais;35245;Romillé;48.233941, -1.875369;false;Poteau;Grand public;6-6026
9018;2002-01-01;;Oui;9018;République;35238;Rennes;48.110252, -1.680235;false;;Grand public;6-9018
9033;2022-09-20;;Oui;9033;Henri Fréville;35238;Rennes;48.088368, -1.674556;false;;Grand public;6-9033
9036;2022-10-28;;Oui;9036;République Jaurès;35238;Rennes;48.110053, -1.677744;true;;Grand public;6-9036
9098;2002-01-01;;Oui;9098;Anatole France Ev;35238;Rennes;48.118426, -1.688235;false;;Grand public;6-9098
9148;2002-01-01;;Oui;9148;Pasteur Ev;35047;Bruz;48.023056, -1.735734;false;;Grand public;6-9148
9149;2002-01-01;;Oui;9149;Pasteur Ev;35047;Bruz;48.022951, -1.735792;false;;Grand public;6-9149
9153;2019-10-15;;Oui;9153;Trois Croix;35238;Rennes;48.128105, -1.682941;false;;Grand public;6-9153
9154;2019-10-15;;Oui;9154;Trois Croix;35238;Rennes;48.127297, -1.683093;false;;Grand public;6-9154
9239;2024-07-08;;Oui;9239;Triangle;35238;Rennes;48.0865, -1.661641;true;Poteau provisoire;Grand public;6-9239
1008;2024-09-02;;Oui;1008;Painlevé;35238;Rennes;48.123195, -1.660232;true;Abri simple;Grand public;6-1008
1031;2024-09-02;;Oui;1031;Metz Volney;35238;Rennes;48.122002, -1.662166;true;Abri simple;Grand public;6-1031
1033;2024-09-02;;Oui;1033;Assomption;35238;Rennes;48.121263, -1.654975;true;Abri double;Grand public;6-1033
1038;2024-09-02;;Oui;1038;Bouzat;35238;Rennes;48.128218, -1.637089;true;Abri simple;Grand public;6-1038
1039;2024-09-02;;Oui;1039;Longs Champs;35238;Rennes;48.129013, -1.63236;true;Abri simple;Grand public;6-1039
1040;2024-09-02;;Oui;1040;Donelière;35238;Rennes;48.129874, -1.684309;true;Abri simple;Grand public;6-1040
1047;2024-09-02;;Oui;1047;La Touche;35238;Rennes;48.116099, -1.691294;true;Abri simple;Grand public;6-1047
1050;2024-11-18;;Oui;1050;Les Lices;35238;Rennes;48.111647, -1.686999;true;Abri simple;Grand public;6-1050
1063;2022-10-24;;Oui;1063;Monsieur Vincent;35238;Rennes;48.09272, -1.647465;true;Abri simple;Grand public;6-1063
1065;2019-09-02;;Oui;1065;La Poterie;35238;Rennes;48.08762, -1.643961;true;Abri simple;Grand public;6-1065
1067;2019-08-18;;Oui;1067;Bourgueil;35238;Rennes;48.089472, -1.635264;true;Abri simple;Grand public;6-1067
1068;2019-08-18;;Oui;1068;Gohier;35238;Rennes;48.092067, -1.636471;true;Abri simple;Grand public;6-1068
1070;2019-08-18;;Oui;1070;CARSAT;35238;Rennes;48.094512, -1.637884;true;Abri simple;Grand public;6-1070
1072;2022-10-24;;Oui;1072;CARSAT;35238;Rennes;48.094902, -1.637996;true;Abri simple;Grand public;6-1072
1080;2015-08-31;;Oui;1080;Calmette;35238;Rennes;48.095962, -1.651567;false;Abri auvent;Grand public;6-1080
1088;2025-01-06;;Oui;1088;Liberté;35238;Rennes;48.107381, -1.674952;false;Abri simple;Grand public;6-1088
1090;2025-09-01;;Oui;1090;République;35238;Rennes;48.109526, -1.677947;true;Abri simple;Grand public;6-1090
1093;2024-09-02;;Oui;1093;Horizons;35238;Rennes;48.111743, -1.689677;true;Abri simple;Grand public;6-1093
1100;2024-09-02;;Oui;1100;Cimetière Nord;35238;Rennes;48.124557, -1.681716;true;Abri auvent;Grand public;6-1100
1102;2024-09-02;;Oui;1102;Donelière;35238;Rennes;48.131161, -1.684497;true;Abri auvent;Grand public;6-1102
1105;2022-10-24;;Oui;1105;Héronière;35238;Rennes;48.1355, -1.655711;true;Abri simple;Grand public;6-1105
1106;2022-10-24;;Oui;1106;Gayeulles Piscine;35238;Rennes;48.134244, -1.652208;true;Abri simple;Grand public;6-1106
1107;2022-10-24;;Oui;1107;Le Blizz;35238;Rennes;48.130831, -1.652111;true;Abri double;Grand public;6-1107
1117;2022-10-24;;Oui;1117;Châteaudun;35238;Rennes;48.112528, -1.666797;true;Poteau;Grand public;6-1117
1120;2024-07-08;;Oui;1120;République;35238;Rennes;48.109952, -1.677941;true;Abri simple;Grand public;6-1120
1121;2025-09-01;;Oui;1121;Charles de Gaulle;35238;Rennes;48.106049, -1.677802;true;Abri simple;Grand public;6-1121
1134;2021-11-08;;Oui;1134;Canada;35238;Rennes;48.085244, -1.682269;true;Abri double;Grand public;6-1134
1135;2015-08-31;;Oui;1135;Suède;35238;Rennes;48.088105, -1.682159;true;Abri simple;Grand public;6-1135
1136;2015-08-31;;Oui;1136;Champs Manceaux;35238;Rennes;48.091103, -1.682008;true;Abri double;Grand public;6-1136
1141;2023-02-27;;Oui;1141;Ginguené;35238;Rennes;48.099786, -1.67576;true;Poteau;Grand public;6-1141
1143;2025-01-01;;Oui;1143;Charles de Gaulle;35238;Rennes;48.106104, -1.677568;true;Abri simple;Grand public;6-1143
1148;2023-08-01;;Oui;1148;Oberthur;35238;Rennes;48.11342, -1.661245;true;Abri simple;Grand public;6-1148
1151;2023-08-01;;Oui;1151;Vitré Danton;35238;Rennes;48.118741, -1.651562;true;Abri auvent;Grand public;6-1151
1177;2022-10-24;;Oui;1177;Beaulieu - Université;35238;Rennes;48.122314, -1.639598;true;Abri double;Grand public;6-1177
1184;2022-10-24;;Oui;1184;Dinan;35238;Rennes;48.117225, -1.681512;true;Abri auvent;Grand public;6-1184
1186;2024-11-18;;Oui;1186;Anatole France;35238;Rennes;48.118577, -1.688197;true;Abri simple;Grand public;6-1186
1192;2022-10-24;;Oui;1192;La Salle;35238;Rennes;48.114999, -1.701423;true;Abri simple;Grand public;6-1192
1196;2022-10-24;;Oui;1196;Dinan;35238;Rennes;48.117184, -1.682271;true;Abri simple;Grand public;6-1196
1219;2024-07-08;;Oui;1219;Papeteries;35238;Rennes;48.108278, -1.703774;true;Abri simple;Grand public;6-1219
1242;2025-01-02;;Oui;1242;République;35238;Rennes;48.109765, -1.679475;true;Abri double;Grand public;6-1242
1243;2023-09-04;;Oui;1243;Croix Saint-Hélier;35238;Rennes;48.10247, -1.661;true;Abri simple;Grand public;6-1243
1244;2002-01-01;;Oui;1244;Mouézy;35238;Rennes;48.102231, -1.655041;true;Abri simple;Grand public;6-1244
1245;2022-10-24;;Oui;1245;Serpette;35238;Rennes;48.103198, -1.652557;true;Abri simple;Grand public;6-1245
1268;2016-08-29;;Oui;1268;Boberil;35238;Rennes;48.083743, -1.693637;true;Poteau;Grand public;6-1268
1270;2022-10-24;;Oui;1270;Félix Eboué;35238;Rennes;48.08581, -1.694099;true;Abri double;Grand public;6-1270
1291;2022-10-24;;Oui;1291;IUT;35238;Rennes;48.125117, -1.633145;true;Abri simple;Grand public;6-1291
1292;2024-07-08;;Oui;1292;Beaulieu - Université;35238;Rennes;48.121975, -1.638438;true;Poteau;Grand public;6-1292
1308;2002-01-01;;Oui;1308;Université;35238;Rennes;48.118907, -1.704728;true;Abri simple;Grand public;6-1308
1322;2025-09-01;;Oui;1322;Sauvaie;35238;Rennes;48.094287, -1.634616;true;Abri simple;Grand public;6-1322
1328;2024-09-02;;Oui;1328;Lycée Mendès France;35238;Rennes;48.132964, -1.685248;true;Abri double;Grand public;6-1328
1329;2015-08-31;;Oui;1329;Lenoir;35238;Rennes;48.121567, -1.683258;true;Abri simple;Grand public;6-1329
1338;2015-08-31;;Oui;1338;Leray;35238;Rennes;48.095, -1.661617;true;Abri auvent;Grand public;6-1338
1339;2015-08-31;;Oui;1339;Langevin;35238;Rennes;48.094681, -1.6586;true;Abri simple;Grand public;6-1339
1340;2022-10-24;;Oui;1340;Gide;35238;Rennes;48.091976, -1.65849;true;Abri simple;Grand public;6-1340
1364;2015-08-31;;Oui;1364;Bigot de Préameneu;35238;Rennes;48.098037, -1.667119;true;Abri simple;Grand public;6-1364
1366;2015-08-31;;Oui;1366;Châtillon;35238;Rennes;48.097793, -1.670948;true;Abri simple;Grand public;6-1366
1370;2022-10-24;;Oui;1370;Lenoir;35238;Rennes;48.121959, -1.68349;true;Abri auvent;Grand public;6-1370
1373;2022-10-24;;Oui;1373;Hôtel de Région;35238;Rennes;48.135248, -1.65936;true;Poteau;Grand public;6-1373
1374;2022-10-24;;Oui;1374;Longs Prés;35238;Rennes;48.133147, -1.65694;true;Abri simple;Grand public;6-1374
1376;2024-07-08;;Oui;1376;Europe;35238;Rennes;48.128559, -1.657191;true;Abri simple;Grand public;6-1376
1377;2022-10-24;;Oui;1377;Trégain;35238;Rennes;48.126799, -1.658595;true;Abri double;Grand public;6-1377
1382;2024-07-08;;Oui;1382;Voltaire;35238;Rennes;48.10508, -1.698787;true;Abri simple;Grand public;6-1382
1385;2024-07-08;;Oui;1385;Cleunay;35238;Rennes;48.100868, -1.707067;true;Abri simple;Grand public;6-1385
1389;2024-07-08;;Oui;1389;Clinique La Sagesse;35238;Rennes;48.101243, -1.711797;true;Poteau;Grand public;6-1389
1392;2024-07-08;;Oui;1392;Montand;35238;Rennes;48.099889, -1.711166;true;Abri simple;Grand public;6-1392
1395;2024-07-08;;Oui;1395;Cleunay;35238;Rennes;48.100986, -1.706973;true;Abri double;Grand public;6-1395
1396;2024-07-08;;Oui;1396;Champion de Cicé;35238;Rennes;48.102203, -1.705012;true;Abri double;Grand public;6-1396
1417;2002-01-01;;Oui;1417;Les Arts;35238;Rennes;48.111176, -1.712895;true;Abri simple;Grand public;6-1417
1421;2002-01-01;;Oui;1421;Chambre Agriculture;35238;Rennes;48.114615, -1.715452;true;Abri auvent;Grand public;6-1421
1422;2015-07-02;;Oui;1422;Merlin;35238;Rennes;48.116267, -1.711298;true;Abri simple;Grand public;6-1422
1439;2002-01-01;;Oui;1439;Bourgeois;35238;Rennes;48.098248, -1.655114;true;Abri simple;Grand public;6-1439
1443;2022-10-24;;Oui;1443;Binquenais Collège;35238;Rennes;48.091616, -1.662477;true;Abri simple;Grand public;6-1443
1445;2023-08-01;;Oui;1445;Clemenceau;35238;Rennes;48.093128, -1.674662;true;Abri simple;Grand public;6-1445
1449;2022-10-24;;Oui;1449;Norvège;35238;Rennes;48.086859, -1.683109;true;Abri simple;Grand public;6-1449
1453;2016-08-29;;Oui;1453;Pigeon Blanc;35281;Saint-Jacques-de-la-Lande;48.089788, -1.692985;true;Abri simple;Grand public;6-1453
1463;2016-08-29;;Oui;1463;Binquenais Collège;35238;Rennes;48.091335, -1.663099;true;Abri simple;Grand public;6-1463
1465;2022-10-24;;Oui;1465;Triangle;35238;Rennes;48.086117, -1.661119;true;Abri simple;Grand public;6-1465
1468;2023-09-04;2025-11-02;Oui;1468;La Poterie;35238;Rennes;48.087387, -1.645337;true;Abri simple;Grand public;6-1468
1470;2024-05-02;;Oui;1470;Villebois-Mareuil;35238;Rennes;48.100844, -1.651034;true;Abri simple;Grand public;6-1470
1480;2022-10-24;;Oui;1480;ZA Saint-Sulpice;35238;Rennes;48.131992, -1.634905;true;Abri simple;Grand public;6-1480
1496;2025-09-01;;Oui;1496;The Land;35238;Rennes;48.132167, -1.709277;true;Abri double;Grand public;6-1496
1498;2022-10-24;;Oui;1498;Petit Champeaux;35238;Rennes;48.116645, -1.724009;true;Poteau;Grand public;6-1498
1506;2022-10-24;;Oui;1506;Berthault;35238;Rennes;48.106758, -1.730303;true;Abri simple;Grand public;6-1506
1517;2022-10-24;;Oui;1517;Berry;35238;Rennes;48.118565, -1.713574;true;Abri auvent;Grand public;6-1517
1518;2022-10-24;;Oui;1518;Bourbonnais;35238;Rennes;48.120586, -1.710601;true;Abri simple;Grand public;6-1518
1523;2024-07-08;;Oui;1523;Primauguet;35238;Rennes;48.114277, -1.649101;true;Abri simple;Grand public;6-1523
1527;2024-07-08;;Oui;1527;Primauguet;35238;Rennes;48.114569, -1.649988;true;Abri auvent;Grand public;6-1527
1534;2022-10-24;;Oui;1534;Henri Fréville;35238;Rennes;48.088589, -1.674399;true;Abri double;Grand public;6-1534
1537;2024-09-02;;Oui;1537;Léonard;35238;Rennes;48.131596, -1.69166;true;Abri simple;Grand public;6-1537
1540;2022-10-24;2025-11-02;Oui;1540;Pont de Bretagne;35238;Rennes;48.110001, -1.68519;true;Abri platine;Grand public;6-1540
1542;2022-10-24;;Oui;1542;Pont de Bretagne;35238;Rennes;48.109924, -1.685367;true;Poteau;Grand public;6-1542
1543;2022-10-24;;Oui;1543;Léonard;35238;Rennes;48.131322, -1.691874;true;Abri simple;Grand public;6-1543
1552;2023-08-01;;Oui;1552;Place Pasteur;35238;Rennes;48.110627, -1.673478;true;Abri auvent;Grand public;6-1552
1556;2022-10-24;;Oui;1556;République;35238;Rennes;48.109394, -1.677653;true;Abri auvent;Grand public;6-1556
1560;2022-10-24;;Oui;1560;Bourgeois;35238;Rennes;48.09776, -1.656739;true;Abri simple;Grand public;6-1560
1565;2020-11-23;;Oui;1565;Lycée Basch;35238;Rennes;48.12532, -1.692442;false;Abri simple;Grand public;6-1565
1571;2025-09-01;;Oui;1571;Coeur de Courrouze;35238;Rennes;48.09827, -1.699454;true;Abri simple;Grand public;6-1571
1573;2025-01-01;;Oui;1573;Mermoz;35238;Rennes;48.09706, -1.690258;true;Abri simple;Grand public;6-1573
1575;2025-09-01;;Oui;1575;Gares;35238;Rennes;48.103768, -1.671317;false;Non matérialisé;Grand public;6-1575
1586;2018-09-01;;Oui;1586;Beauregard;35238;Rennes;48.131507, -1.694506;true;;Grand public;6-1586
1588;2016-08-29;;Oui;1588;Jules Maniez;35238;Rennes;48.098153, -1.703651;true;Abri simple;Grand public;6-1588
1605;2025-01-02;;Oui;1605;Pont de Strasbourg;35238;Rennes;48.110143, -1.656484;true;Abri double;Grand public;6-1605
1609;2024-02-12;;Oui;1609;Tournebride;35238;Rennes;48.114205, -1.636509;true;Abri simple;Grand public;6-1609
1611;2024-07-08;;Oui;1611;Redon;35238;Rennes;48.105382, -1.688365;true;Abri simple;Grand public;6-1611
1615;2025-01-01;;Oui;1615;République;35238;Rennes;48.109803, -1.678283;true;Non matérialisé;Grand public;6-1615
1617;2022-10-24;;Oui;1617;Longs Champs Est;35238;Rennes;48.129097, -1.630137;true;Abri simple;Grand public;6-1617
1631;2014-09-01;;Oui;1631;ZA Saint-Sulpice;35238;Rennes;48.132369, -1.636204;true;Abri simple;Grand public;6-1631
1651;2023-08-01;;Oui;1651;Jacques Cartier;35238;Rennes;48.09711, -1.675159;false;Poteau;Grand public;6-1651
1658;2002-03-03;;Oui;1658;Italie;35238;Rennes;48.0865, -1.667379;true;Poteau;Grand public;6-1658
1677;2018-09-03;;Oui;1677;Mandela;35238;Rennes;48.134826, -1.698777;true;Abri simple;Grand public;6-1677
1682;2018-09-03;;Oui;1682;Normandie;35238;Rennes;48.123628, -1.709222;true;Abri simple;Grand public;6-1682
1683;2025-02-03;;Oui;1683;Turmel;35238;Rennes;48.121654, -1.651081;true;Abri simple;Grand public;6-1683
1703;2024-09-02;;Oui;1703;TNB;35238;Rennes;48.1085, -1.673787;true;Abri simple;Grand public;6-1703
1704;2024-09-02;;Oui;1704;Sévigné;35238;Rennes;48.115932, -1.674138;true;Abri simple;Grand public;6-1704
1708;2024-07-08;;Oui;1708;Gros-Chêne;35238;Rennes;48.125586, -1.664811;true;Abri simple;Grand public;6-1708
1709;2024-07-08;;Oui;1709;Gros-Chêne;35238;Rennes;48.125175, -1.663499;true;Abri simple;Grand public;6-1709
1710;2023-08-01;;Oui;1710;Joliot-Curie - Chateaubriand;35238;Rennes;48.124569, -1.651539;true;Abri double;Grand public;6-1710
1721;2024-07-08;;Oui;1721;Gares;35238;Rennes;48.104047, -1.673261;true;Abri simple;Grand public;6-1721
1724;2025-09-01;;Oui;1724;Les Gayeulles;35238;Rennes;48.129673, -1.656719;true;Abri simple;Grand public;6-1724
1727;2022-10-24;;Oui;1727;Alma Sud;35238;Rennes;48.08294, -1.682332;true;Abri simple;Grand public;6-1727
1736;2022-10-24;;Oui;1736;Leray;35238;Rennes;48.095662, -1.661936;true;Abri simple;Grand public;6-1736
1737;2022-10-24;;Oui;1737;Joliot-Curie;35238;Rennes;48.126475, -1.651929;true;Abri simple;Grand public;6-1737
1738;2022-10-24;;Oui;1738;Joliot-Curie;35238;Rennes;48.126064, -1.651999;true;Poteau;Grand public;6-1738
1741;2025-09-01;;Oui;1741;Olivier de Serres;35238;Rennes;48.128016, -1.686918;false;Abri simple;Grand public;6-1741
1754;2022-10-28;;Oui;1754;Monnaie;35238;Rennes;48.112402, -1.681581;true;Poteau;Grand public;6-1754
1755;2022-10-28;;Oui;1755;Place St-Sauveur;35238;Rennes;48.111773, -1.681074;true;Poteau;Grand public;6-1755
1758;2024-07-08;;Oui;1758;Durafour Leclerc;35238;Rennes;48.114701, -1.655552;true;Abri simple;Grand public;6-1758
1761;2024-07-08;;Oui;1761;Monnerville;35238;Rennes;48.107494, -1.649488;true;Abri simple;Grand public;6-1761
1763;2024-07-08;;Oui;1763;Semprún;35238;Rennes;48.109746, -1.645759;true;Abri simple;Grand public;6-1763
2010;2022-10-24;;Oui;2010;Mare Pavée;35051;Cesson-Sévigné;48.122708, -1.610892;true;Abri simple;Grand public;6-2010
2012;2022-10-24;;Oui;2012;Muguet;35051;Cesson-Sévigné;48.118353, -1.608488;true;Abri double;Grand public;6-2012
2017;2022-10-24;;Oui;2017;Champs Péans;35051;Cesson-Sévigné;48.11411, -1.630409;true;Abri simple;Grand public;6-2017
2020;2022-10-24;;Oui;2020;Taillis;35051;Cesson-Sévigné;48.114126, -1.621787;true;Abri simple;Grand public;6-2020
2021;2022-10-24;;Oui;2021;Hublais;35051;Cesson-Sévigné;48.114196, -1.613697;true;Abri simple;Grand public;6-2021
2023;2022-10-24;;Oui;2023;Vilaine;35051;Cesson-Sévigné;48.115515, -1.607203;true;Abri simple;Grand public;6-2023
2026;2022-10-24;;Oui;2026;Mare Pavée;35051;Cesson-Sévigné;48.122915, -1.610863;true;Abri simple;Grand public;6-2026
2027;2024-07-08;;Oui;2027;Fontenelle;35051;Cesson-Sévigné;48.123465, -1.608022;true;Poteau;Grand public;6-2027
2028;2024-07-08;;Oui;2028;La Coulée;35051;Cesson-Sévigné;48.123506, -1.604052;true;Poteau;Grand public;6-2028
2032;2024-07-08;;Oui;2032;Charmilles;35051;Cesson-Sévigné;48.106218, -1.621325;true;Abri simple;Grand public;6-2032
2035;2024-07-08;;Oui;2035;Forum;35051;Cesson-Sévigné;48.0997, -1.621009;true;Abri simple;Grand public;6-2035
2040;2024-07-08;;Oui;2040;Chalotais;35051;Cesson-Sévigné;48.116081, -1.600455;true;Abri double;Grand public;6-2040
2058;2024-10-07;;Oui;2058;Peupliers;35051;Cesson-Sévigné;48.112664, -1.607724;true;Abri simple;Grand public;6-2058
2075;2024-07-08;;Oui;2075;Mare Pavée;35051;Cesson-Sévigné;48.12335, -1.611247;true;Poteau;Grand public;6-2075
2114;2020-08-03;;Oui;2114;Château de Vaux;35051;Cesson-Sévigné;48.137455, -1.62224;true;Poteau;Grand public;6-2114
2122;2023-09-04;;Oui;2122;Buisson;35051;Cesson-Sévigné;48.104862, -1.630158;true;Abri simple;Grand public;6-2122
2130;2018-09-03;;Oui;2130;Château Monniais;35051;Cesson-Sévigné;48.108244, -1.600637;false;Poteau provisoire;Grand public;6-2130
2142;2023-04-17;;Oui;2142;Cesson - Viasilva;35051;Cesson-Sévigné;48.133035, -1.620304;true;Abri simple;Grand public;6-2142
2154;2024-02-12;;Oui;2154;Bouriande;35051;Cesson-Sévigné;48.127544, -1.621037;true;Abri simple;Grand public;6-2154
2157;2024-02-12;;Oui;2157;Gaudais;35051;Cesson-Sévigné;48.127134, -1.613989;true;Poteau;Grand public;6-2157
2165;2024-09-02;;Oui;2165;Chêne Morand;35051;Cesson-Sévigné;48.103792, -1.621297;true;Poteau;Grand public;6-2165
2167;2024-09-02;;Oui;2167;Montoul;35051;Cesson-Sévigné;48.097347, -1.574887;false;Poteau;Grand public;6-2167
2201;2022-10-24;;Oui;2201;Morinais;35281;Saint-Jacques-de-la-Lande;48.075502, -1.716273;true;Abri simple;Grand public;6-2201
2207;2022-10-24;;Oui;2207;Lilas;35281;Saint-Jacques-de-la-Lande;48.09409, -1.699573;true;Poteau;Grand public;6-2207
2210;2022-10-24;;Oui;2210;Lilas;35281;Saint-Jacques-de-la-Lande;48.094298, -1.698547;true;Abri simple;Grand public;6-2210
2219;2017-04-18;;Oui;2219;Pilate;35281;Saint-Jacques-de-la-Lande;48.094065, -1.690639;true;Abri simple;Grand public;6-2219
2223;2022-10-24;;Oui;2223;Abbé Grimault;35281;Saint-Jacques-de-la-Lande;48.067342, -1.716866;true;Abri simple;Grand public;6-2223
2226;2022-10-24;;Oui;2226;Rablais Allende;35281;Saint-Jacques-de-la-Lande;48.086645, -1.701446;true;Abri simple;Grand public;6-2226
2230;2022-10-24;;Oui;2230;Rablais Allende;35281;Saint-Jacques-de-la-Lande;48.086456, -1.701833;false;Poteau;Grand public;6-2230
2268;2002-01-01;;Oui;2268;Auriol;35281;Saint-Jacques-de-la-Lande;48.075166, -1.729377;false;Poteau;Grand public;6-2268
2271;2016-08-29;;Oui;2271;25 Fusillés;35281;Saint-Jacques-de-la-Lande;48.090523, -1.694932;true;Abri simple;Grand public;6-2271
2275;2023-09-04;;Oui;2275;Haie des Cognets;35281;Saint-Jacques-de-la-Lande;48.081786, -1.734401;false;Poteau;Grand public;6-2275
2279;2024-07-08;;Oui;2279;Saint-Jacques - Gaîté;35281;Saint-Jacques-de-la-Lande;48.091825, -1.703695;true;Abri simple;Grand public;6-2279
2281;2024-07-08;;Oui;2281;Saint-Jacques - Gaîté;35281;Saint-Jacques-de-la-Lande;48.092108, -1.7026;true;Abri simple;Grand public;6-2281
2285;2022-10-24;;Oui;2285;Saint-Jacques - Gaîté;35281;Saint-Jacques-de-la-Lande;48.091639, -1.702855;true;Abri simple;Grand public;6-2285
2304;2022-10-24;;Oui;2304;Rabine;35047;Bruz;48.02575, -1.760774;true;Abri simple;Grand public;6-2304
2313;2024-09-02;;Oui;2313;Lande du Pont;35047;Bruz;48.05274, -1.73827;true;Abri simple;Grand public;6-2313
2315;2024-09-02;;Oui;2315;Lande du Pont;35047;Bruz;48.052128, -1.73961;true;Poteau;Grand public;6-2315
2321;2022-10-24;;Oui;2321;Gavrinis;35047;Bruz;48.031203, -1.759604;true;Poteau;Grand public;6-2321
2330;2025-09-01;;Oui;2330;Rabine;35047;Bruz;48.023969, -1.761681;true;Abri simple;Grand public;6-2330
2331;2025-09-01;;Oui;2331;Noë;35047;Bruz;48.021394, -1.752276;true;Abri double;Grand public;6-2331
2335;2022-10-24;;Oui;2335;Bobinais;35047;Bruz;48.026311, -1.73451;true;Abri simple;Grand public;6-2335
2343;2025-09-01;;Oui;2343;Epalet;35047;Bruz;48.019568, -1.745544;true;Abri simple;Grand public;6-2343
2348;2022-10-24;;Oui;2348;Victor Hugo;35047;Bruz;48.023478, -1.743383;true;Abri simple;Grand public;6-2348
2350;2002-01-01;;Oui;2350;Mare de la Salle;35047;Bruz;48.029317, -1.719061;false;Poteau;Grand public;6-2350
2353;2022-10-24;;Oui;2353;Victor Hugo;35047;Bruz;48.023386, -1.743086;true;Abri simple;Grand public;6-2353
2367;2025-09-01;;Oui;2367;Anita Conti;35047;Bruz;48.033353, -1.733602;false;Non matérialisé;Grand public;6-2367
2379;2018-09-03;;Oui;2379;DGA-MI Nord;35047;Bruz;47.994352, -1.740199;true;Poteau;Grand public;6-2379
2401;2025-09-01;;Oui;2401;Champ Devant;35024;Betton;48.17708, -1.651214;true;Abri double;Grand public;6-2401
2403;2025-09-01;;Oui;2403;Brocéliande;35024;Betton;48.180744, -1.651931;false;Abri simple;Grand public;6-2403
2408;2025-09-01;;Oui;2408;Marronniers;35024;Betton;48.176138, -1.637347;true;Abri simple;Grand public;6-2408
2413;2025-09-01;;Oui;2413;Enseigne Abbaye;35024;Betton;48.171036, -1.641857;true;Poteau;Grand public;6-2413
2427;2025-09-01;;Oui;2427;Champ Giron;35334;Thorigné-Fouillard;48.17044, -1.621955;false;Poteau;Grand public;6-2427
2436;2025-09-01;;Oui;2436;Betton Rue de Rennes;35024;Betton;48.176914, -1.639283;true;Poteau;Grand public;6-2436
2511;2022-10-24;;Oui;2511;Plessix Saucourt;35240;Le Rheu;48.103638, -1.751185;false;Poteau;Grand public;6-2511
2521;2018-09-03;;Oui;2521;Gerhoui;35240;Le Rheu;48.091013, -1.786731;true;Abri simple;Grand public;6-2521
2529;2019-09-02;;Oui;2529;Moigné;35240;Le Rheu;48.080318, -1.774509;true;Poteau;Grand public;6-2529
2544;2024-09-02;;Oui;2544;Trémelière;35240;Le Rheu;48.10333, -1.803084;true;Poteau;Grand public;6-2544
2545;2024-09-02;;Oui;2545;Trémelière;35240;Le Rheu;48.103526, -1.802853;true;Abri simple;Grand public;6-2545
2549;2022-10-24;;Oui;2549;Lindon;35240;Le Rheu;48.105759, -1.79391;true;Poteau;Grand public;6-2549
2603;2025-09-01;2026-01-04;Oui;2603;La Poste;35352;Vern-sur-Seiche;48.044706, -1.603971;true;Abri simple;Grand public;6-2603
2614;2022-10-24;;Oui;2614;Val d'Orson;35352;Vern-sur-Seiche;48.063932, -1.622728;true;Abri simple;Grand public;6-2614
2628;2002-01-01;;Oui;2628;Vaugon;35352;Vern-sur-Seiche;48.031258, -1.599523;true;Poteau;Grand public;6-2628
2640;2002-01-01;;Oui;2640;Croix Malinge;35352;Vern-sur-Seiche;48.03838, -1.602287;true;Poteau;Grand public;6-2640
2713;2022-10-24;;Oui;2713;Petit Beaulieu;35206;Noyal-Châtillon-sur-Seiche;48.068474, -1.665745;true;Abri simple;Grand public;6-2713
2715;2022-10-24;;Oui;2715;Hil-Bintinais;35206;Noyal-Châtillon-sur-Seiche;48.078584, -1.661262;true;Abri simple;Grand public;6-2715
2721;2022-10-24;;Oui;2721;Centre;35206;Noyal-Châtillon-sur-Seiche;48.042429, -1.665741;true;Abri auvent;Grand public;6-2721
2723;2022-10-24;;Oui;2723;Molène;35206;Noyal-Châtillon-sur-Seiche;48.038388, -1.670527;true;Poteau;Grand public;6-2723
2729;2002-01-01;;Oui;2729;Croix de Pierre;35206;Noyal-Châtillon-sur-Seiche;48.04705, -1.664697;true;Poteau;Grand public;6-2729
2733;2025-09-01;;Oui;2733;Deux Rives;35206;Noyal-Châtillon-sur-Seiche;48.03408, -1.663288;true;Abri simple;Grand public;6-2733
2749;2019-01-07;;Oui;2749;Touche Tizon;35206;Noyal-Châtillon-sur-Seiche;48.055865, -1.701124;false;Abri simple;Grand public;6-2749
2754;2022-09-01;;Oui;2754;Abords Launay;35206;Noyal-Châtillon-sur-Seiche;48.052963, -1.687059;false;Poteau;Grand public;6-2754
2761;2022-09-01;;Oui;2761;Lande de Pinçon;35206;Noyal-Châtillon-sur-Seiche;48.04483, -1.673538;false;Poteau;Grand public;6-2761
2762;2002-01-01;;Oui;2762;Lande de Pinçon;35206;Noyal-Châtillon-sur-Seiche;48.044688, -1.673572;false;Poteau;Grand public;6-2762
2801;2015-08-31;;Oui;2801;Grand Quartier;35278;Saint-Grégoire;48.13572, -1.693165;true;Abri simple;Grand public;6-2801
2803;2022-10-24;;Oui;2803;La Plesse;35278;Saint-Grégoire;48.137571, -1.687363;true;Abri simple;Grand public;6-2803
2806;2024-09-02;;Oui;2806;Vivier Louis;35278;Saint-Grégoire;48.159012, -1.685601;true;Abri simple;Grand public;6-2806
2817;2024-09-02;;Oui;2817;CHP Saint-Grégoire;35278;Saint-Grégoire;48.142924, -1.686672;true;Abri simple;Grand public;6-2817
2820;2022-10-24;;Oui;2820;Cité des Jardins;35278;Saint-Grégoire;48.151473, -1.691312;true;Abri simple;Grand public;6-2820
2829;2025-09-01;;Oui;2829;Maison Blanche;35278;Saint-Grégoire;48.149207, -1.656428;true;Poteau;Grand public;6-2829
2832;2022-10-24;;Oui;2832;Holywell;35278;Saint-Grégoire;48.154749, -1.678795;true;Poteau;Grand public;6-2832
2840;2002-01-01;;Oui;2840;MFR Rabinardières;35278;Saint-Grégoire;48.176664, -1.690277;true;Abri simple;Grand public;6-2840
2841;2022-09-01;;Oui;2841;Jean-Paul II;35278;Saint-Grégoire;48.16048, -1.676774;false;Abri double;Grand public;6-2841
2852;2002-01-01;;Oui;2852;Edonia;35278;Saint-Grégoire;48.147942, -1.696937;true;Abri simple;Grand public;6-2852
2854;2022-10-24;;Oui;2854;Grand Quartier;35278;Saint-Grégoire;48.134578, -1.69376;true;Abri simple;Grand public;6-2854
2857;2022-10-24;;Oui;2857;Kerguelen;35278;Saint-Grégoire;48.151097, -1.697282;true;Abri simple;Grand public;6-2857
2862;2002-01-01;;Oui;2862;Belle Ecuelle;35278;Saint-Grégoire;48.17568, -1.694505;false;Abri simple;Grand public;6-2862
2863;2022-10-24;;Oui;2863;Cerisaie;35278;Saint-Grégoire;48.137053, -1.690577;true;Abri simple;Grand public;6-2863
2864;2022-10-24;;Oui;2864;Cerisaie;35278;Saint-Grégoire;48.136939, -1.690355;true;Poteau;Grand public;6-2864
2901;2002-01-01;;Oui;2901;Croix aux Potiers;35066;Chartres-de-Bretagne;48.046737, -1.710606;true;Abri simple;Grand public;6-2901
2902;2002-01-01;;Oui;2902;Croix aux Potiers;35066;Chartres-de-Bretagne;48.04786, -1.713583;true;Abri simple;Grand public;6-2902
2904;2002-01-01;;Oui;2904;Taillebois;35066;Chartres-de-Bretagne;48.037017, -1.712365;true;Abri simple;Grand public;6-2904
2907;2022-10-24;;Oui;2907;Croix aux Potiers;35066;Chartres-de-Bretagne;48.045643, -1.710494;true;Abri simple;Grand public;6-2907
2911;2025-09-01;;Oui;2911;Parc de Loisirs;35066;Chartres-de-Bretagne;48.033279, -1.707242;true;Abri simple;Grand public;6-2911
2912;2025-09-01;;Oui;2912;Argoat;35066;Chartres-de-Bretagne;48.035456, -1.706247;true;Abri simple;Grand public;6-2912
2915;2022-10-24;;Oui;2915;Collège Pôle Sud;35066;Chartres-de-Bretagne;48.041401, -1.698468;true;Abri double;Grand public;6-2915
2945;2022-10-24;;Oui;2945;Ferme des Peupliers;35066;Chartres-de-Bretagne;48.028925, -1.707965;true;Poteau;Grand public;6-2945
3003;2016-08-29;;Oui;3003;Bourgogne;35055;Chantepie;48.089143, -1.612586;true;Poteau;Grand public;6-3003
3011;2016-08-29;;Oui;3011;Hallouvry;35055;Chantepie;48.09038, -1.61528;true;Abri simple;Grand public;6-3011
3019;2016-08-29;;Oui;3019;Val Blanc;35055;Chantepie;48.080437, -1.630929;false;Poteau;Grand public;6-3019
3025;2022-10-24;;Oui;3025;Martinière;35055;Chantepie;48.076714, -1.631789;false;Poteau;Grand public;6-3025
3026;2002-01-01;;Oui;3026;Chevallerais;35055;Chantepie;48.074549, -1.578737;false;Abri simple;Grand public;6-3026
3028;2023-09-04;;Oui;3028;Rosa Parks;35055;Chantepie;48.08553, -1.604044;true;Abri simple;Grand public;6-3028
3031;2017-09-04;;Oui;3031;Loges;35055;Chantepie;48.088497, -1.625021;true;Poteau;Grand public;6-3031
3032;2023-09-04;;Oui;3032;Gériatrie;35055;Chantepie;48.085215, -1.610799;true;Abri double;Grand public;6-3032
3036;2024-07-08;;Oui;3036;Landes;35055;Chantepie;48.092696, -1.617925;true;Poteau;Grand public;6-3036
3037;2025-09-01;;Oui;3037;Chantepie Eglise;35055;Chantepie;48.087394, -1.61655;true;Abri simple;Grand public;6-3037
3104;2024-09-02;;Oui;3104;Touche Milon;35210;Pacé;48.148458, -1.784707;true;Abri simple;Grand public;6-3104
3114;2022-09-01;;Oui;3114;Carré Dumaine;35210;Pacé;48.145819, -1.770556;true;Abri simple;Grand public;6-3114
3115;2022-10-24;;Oui;3115;Pacé Cimetière;35210;Pacé;48.148099, -1.769702;true;Poteau;Grand public;6-3115
3120;2022-10-24;;Oui;3120;Touche Milon;35210;Pacé;48.148588, -1.784903;true;Poteau;Grand public;6-3120
3123;2002-01-01;;Oui;3123;Chapitre;35210;Pacé;48.174105, -1.789359;false;Poteau;Grand public;6-3123
3134;2024-09-02;;Oui;3134;Nominoë;35210;Pacé;48.141626, -1.770444;true;Abri simple;Grand public;6-3134
3136;2022-10-24;;Oui;3136;Pont Amelin;35210;Pacé;48.154672, -1.784381;true;Abri simple;Grand public;6-3136
3139;2025-09-01;;Oui;3139;Rive Ouest;35210;Pacé;48.140369, -1.763411;true;Abri simple;Grand public;6-3139
3146;2002-01-01;;Oui;3146;Touche Champagne;35210;Pacé;48.180103, -1.80192;false;Poteau;Grand public;6-3146
3154;2002-01-01;;Oui;3154;Pré Hervy;35210;Pacé;48.135569, -1.789083;false;Poteau + Abri communal;Grand public;6-3154
3162;2017-11-06;;Oui;3162;Centre scolaire Pacé;35210;Pacé;48.152311, -1.771231;false;Non matérialisé;Grand public;6-3162
3168;2017-01-02;;Oui;3168;Champalaune;35210;Pacé;48.15451, -1.763933;true;Abri simple;Grand public;6-3168
3169;2017-01-02;;Oui;3169;Beausoleil;35210;Pacé;48.152642, -1.7636;true;Poteau;Grand public;6-3169
3210;2023-09-04;;Oui;3210;Coteau;35208;Orgères;47.994986, -1.670683;true;Abri simple;Grand public;6-3210
3212;2024-10-07;;Oui;3212;Levant;35208;Orgères;48.000434, -1.666945;true;Abri simple;Grand public;6-3212
3233;2002-01-01;;Oui;3233;Clos Vezins;35208;Orgères;47.978188, -1.659775;false;Poteau + Abri communal;Grand public;6-3233
3235;2002-01-01;;Oui;3235;La Rochelle;35208;Orgères;47.984828, -1.65309;false;Poteau;Grand public;6-3235
3251;2002-01-01;;Oui;3251;L'Hermitière Village;35208;Orgères;47.964046, -1.681099;false;Poteau;Grand public;6-3251
3261;2020-09-01;;Oui;3261;La Barre;35208;Orgères;47.989991, -1.652614;false;Poteau;Grand public;6-3261
3302;2022-10-24;;Oui;3302;Thorigné Mairie;35334;Thorigné-Fouillard;48.153029, -1.579424;true;Abri simple;Grand public;6-3302
3307;2022-10-24;;Oui;3307;Fouillard;35334;Thorigné-Fouillard;48.160395, -1.586031;true;Abri simple;Grand public;6-3307
3310;2022-10-24;;Oui;3310;Portail;35334;Thorigné-Fouillard;48.156466, -1.591834;false;Abri simple;Grand public;6-3310
3315;2022-10-24;;Oui;3315;Thorigné Mairie;35334;Thorigné-Fouillard;48.153617, -1.57979;true;Abri simple;Grand public;6-3315
3316;2024-09-02;;Oui;3316;Village Collectivités;35334;Thorigné-Fouillard;48.13242, -1.59619;true;Abri simple;Grand public;6-3316
3319;2024-08-02;;Oui;3319;Pâtis du Moulinet;35334;Thorigné-Fouillard;48.141636, -1.577303;true;Poteau;Grand public;6-3319
3321;2022-10-24;;Oui;3321;Fouillard;35334;Thorigné-Fouillard;48.160431, -1.587043;false;Poteau;Grand public;6-3321
3322;2022-10-24;;Oui;3322;Curien;35334;Thorigné-Fouillard;48.149315, -1.577696;true;Abri simple;Grand public;6-3322
3324;2022-10-24;;Oui;3324;ZA Bellevue;35334;Thorigné-Fouillard;48.153395, -1.590197;true;Poteau;Grand public;6-3324
3405;2022-10-24;;Oui;3405;Eclosel;35204;Nouvoitou;48.044573, -1.561697;false;Abri simple;Grand public;6-3405
3426;2025-09-01;;Oui;3426;La Croix de l'Epine;35204;Nouvoitou;48.029569, -1.563219;false;Poteau;Grand public;6-3426
3502;2019-10-07;;Oui;3502;Pierre Texier;35189;Montgermont;48.155635, -1.720599;true;Abri simple;Grand public;6-3502
3512;2024-09-02;;Oui;3512;Montgermont Mairie;35189;Montgermont;48.15561, -1.716712;true;Poteau;Grand public;6-3512
3513;2024-09-02;;Oui;3513;Pierre Texier;35189;Montgermont;48.155718, -1.720738;true;Poteau;Grand public;6-3513
3514;2002-01-01;;Oui;3514;Fougerolle;35189;Montgermont;48.157105, -1.723314;true;Abri simple;Grand public;6-3514
3521;2023-09-04;;Oui;3521;Marebaudière;35189;Montgermont;48.150505, -1.716513;true;;Grand public;6-3521
3602;2022-10-24;;Oui;3602;Parthenay Mairie;35216;Parthenay-de-Bretagne;48.192013, -1.831191;true;Abri double;Grand public;6-3602
3615;2019-09-02;;Oui;3615;Parthenay Mairie;35216;Parthenay-de-Bretagne;48.192105, -1.831457;true;Poteau;Grand public;6-3615
3617;2019-09-02;;Oui;3617;Parthenay Fontaine;35216;Parthenay-de-Bretagne;48.193705, -1.832189;true;Abri simple;Grand public;6-3617
3708;2025-09-01;2025-11-02;Oui;3708;Vigne;35275;Saint-Gilles;48.152823, -1.820638;true;Abri simple;Grand public;6-3708
3724;2025-09-01;;Oui;3724;Clos des Cerisiers;35275;Saint-Gilles;48.15386, -1.834184;true;Poteau;Grand public;6-3724
3725;2019-09-02;;Oui;3725;Saint-Hubert;35275;Saint-Gilles;48.141892, -1.828435;false;Poteau;Grand public;6-3725
3728;2002-01-01;;Oui;3728;Haute Fresnais;35275;Saint-Gilles;48.162194, -1.872155;false;Poteau;Grand public;6-3728
3751;2002-01-01;;Oui;3751;ZI Ouest;35353;Vezin-le-Coquet;48.107385, -1.739292;true;Abri simple;Grand public;6-3751
3753;2002-01-01;;Oui;3753;Trois Marches;35353;Vezin-le-Coquet;48.105904, -1.739983;true;Poteau;Grand public;6-3753
3754;2002-01-01;;Oui;3754;Haie de Terre;35353;Vezin-le-Coquet;48.12092, -1.772491;false;Abri simple;Grand public;6-3754
3759;2015-07-02;;Oui;3759;Champ Noël;35353;Vezin-le-Coquet;48.117626, -1.731583;false;Abri simple;Grand public;6-3759
3765;2022-10-24;;Oui;3765;Haie de Terre;35353;Vezin-le-Coquet;48.121014, -1.771779;false;Poteau;Grand public;6-3765
3767;2002-01-01;;Oui;3767;Fresnot;35353;Vezin-le-Coquet;48.122951, -1.755366;false;Abri double;Grand public;6-3767
3773;2018-09-03;;Oui;3773;Fresnot;35353;Vezin-le-Coquet;48.122972, -1.755514;false;Poteau;Grand public;6-3773
3805;2002-01-01;;Oui;3805;Perelle;35032;Bourgbarré;47.994567, -1.631614;false;Abri simple;Grand public;6-3805
3807;2024-09-02;;Oui;3807;La Basse Erable;35032;Bourgbarré;47.995092, -1.623591;true;Poteau;Grand public;6-3807
3822;2002-01-01;;Oui;3822;La Fretais;35032;Bourgbarré;47.990165, -1.623505;false;Poteau;Grand public;6-3822
3830;2022-09-01;;Oui;3830;Pont du Gué;35032;Bourgbarré;47.997475, -1.612934;false;Poteau;Grand public;6-3830
3832;2016-08-29;;Oui;3832;Bourgbarré Mairie;35032;Bourgbarré;47.994784, -1.615558;false;Poteau;Grand public;6-3832
3838;2019-09-02;;Oui;3838;Salle de Sports;35032;Bourgbarré;47.991215, -1.616566;true;Abri auvent;Grand public;6-3838
3857;2024-09-02;;Oui;3857;Grande Fontaine;35196;Mordelles;48.083969, -1.813551;false;Abri simple;Grand public;6-3857
3859;2022-10-24;;Oui;3859;Vivier des Bois;35196;Mordelles;48.088091, -1.799981;false;Abri simple;Grand public;6-3859
3862;2022-10-24;;Oui;3862;Gretay;35196;Mordelles;48.077826, -1.83739;true;Abri simple;Grand public;6-3862
3865;2022-10-24;;Oui;3865;Mordelles Eglise;35196;Mordelles;48.071836, -1.850339;true;Poteau;Grand public;6-3865
3877;2021-09-02;;Oui;3877;La Haute Barre;35196;Mordelles;48.079977, -1.865968;false;Poteau + Abri communal;Grand public;6-3877
3883;2023-10-09;;Oui;3883;La Prie;35196;Mordelles;48.095194, -1.852221;false;Poteau;Grand public;6-3883
3924;2017-09-04;;Oui;3924;Bois Esnault;35363;Pont-Péan;47.999971, -1.696793;false;Poteau;Grand public;6-3924
3926;2024-09-02;;Oui;3926;Touche Audienne;35363;Pont-Péan;48.001805, -1.714197;false;;Grand public;6-3926
3953;2025-09-01;;Oui;3953;Bourg;35315;Saint-Sulpice-la-Forêt;48.217909, -1.581451;true;Abri simple;Grand public;6-3953
3957;2022-10-24;;Oui;3957;Oliverie;35315;Saint-Sulpice-la-Forêt;48.197422, -1.599344;false;Poteau;Grand public;6-3957
3960;2025-09-01;;Oui;3960;Terrain des Sports;35315;Saint-Sulpice-la-Forêt;48.214629, -1.586899;true;Abri simple;Grand public;6-3960
4003;2022-10-24;;Oui;4003;Acigné Mairie;35001;Acigné;48.134242, -1.534801;true;Abri simple;Grand public;6-4003
4007;2022-10-24;;Oui;4007;Boulais;35001;Acigné;48.139114, -1.55889;true;Abri simple;Grand public;6-4007
4056;2002-01-01;;Oui;4056;Sénestrais;35059;La Chapelle-des-Fougeretz;48.170179, -1.736205;true;Abri simple;Grand public;6-4056
4057;2024-09-02;;Oui;4057;Sénestrais;35059;La Chapelle-des-Fougeretz;48.17043, -1.736206;true;Poteau;Grand public;6-4057
4064;2002-01-01;;Oui;4064;Izé;35059;La Chapelle-des-Fougeretz;48.172842, -1.723409;false;Abri simple;Grand public;6-4064
4067;2002-01-01;;Oui;4067;Quatre Vents;35059;La Chapelle-des-Fougeretz;48.168948, -1.742527;false;Poteau;Grand public;6-4067
4068;2016-08-29;;Oui;4068;Chêne aux Dames;35059;La Chapelle-des-Fougeretz;48.174763, -1.72454;false;Poteau + Abri communal;Grand public;6-4068
4069;2024-09-02;;Oui;4069;Besneraie;35059;La Chapelle-des-Fougeretz;48.182967, -1.726223;true;Abri simple;Grand public;6-4069
4071;2002-01-01;;Oui;4071;Forge Mallet;35059;La Chapelle-des-Fougeretz;48.173756, -1.752972;false;Poteau;Grand public;6-4071
4073;2017-09-04;;Oui;4073;Besneraie;35059;La Chapelle-des-Fougeretz;48.182446, -1.727324;true;Abri simple;Grand public;6-4073
4077;2024-09-02;;Oui;4077;Confortland;35059;La Chapelle-des-Fougeretz;48.188806, -1.727251;true;Poteau;Grand public;6-4077
4104;2002-01-01;;Oui;4104;Corps-Nuds Mairie;35088;Corps-Nuds;47.9795, -1.587883;true;Abri simple;Grand public;6-4104
4158;2022-10-24;;Oui;4158;Destiers;35039;Brécé;48.10754, -1.48594;true;Poteau;Grand public;6-4158
4160;2022-10-24;;Oui;4160;Saules;35039;Brécé;48.107286, -1.478403;true;Poteau;Grand public;6-4160
4201;2024-09-02;;Oui;4201;Croix Blanche;35076;Chavagne;48.051895, -1.797671;true;Abri double;Grand public;6-4201
4203;2024-09-02;;Oui;4203;Alfred de Musset;35076;Chavagne;48.055006, -1.790091;true;Poteau;Grand public;6-4203
4205;2023-09-04;;Oui;4205;Grippay;35076;Chavagne;48.057818, -1.776254;true;Abri simple;Grand public;6-4205
4206;2020-11-02;;Oui;4206;Mare Doux;35076;Chavagne;48.063274, -1.772305;false;Abri simple;Grand public;6-4206
4207;2020-11-02;;Oui;4207;Mare Doux;35076;Chavagne;48.063319, -1.772501;false;Poteau;Grand public;6-4207
4210;2023-09-04;;Oui;4210;Alfred de Musset;35076;Chavagne;48.054828, -1.790048;true;Abri simple;Grand public;6-4210
4212;2023-09-04;;Oui;4212;Croix Blanche;35076;Chavagne;48.052707, -1.797556;false;Poteau;Grand public;6-4212
4253;2018-09-24;;Oui;4253;Piardière;35065;La Chapelle-Thouarault;48.121874, -1.845756;true;Abri simple;Grand public;6-4253
4260;2019-09-02;;Oui;4260;Pont Harel;35065;La Chapelle-Thouarault;48.131389, -1.845055;false;Abri simple;Grand public;6-4260
4267;2022-10-24;;Oui;4267;Ville aux Archers;35065;La Chapelle-Thouarault;48.122584, -1.868173;true;Abri simple;Grand public;6-4267
4269;2018-09-03;;Oui;4269;Place de la Mairie;35065;La Chapelle-Thouarault;48.123092, -1.866104;true;Poteau;Grand public;6-4269
4270;2018-09-03;;Oui;4270;Ville aux Archers;35065;La Chapelle-Thouarault;48.122678, -1.868462;false;Poteau;Grand public;6-4270
4272;2025-09-01;;Oui;4272;Champ Rouget;35065;La Chapelle-Thouarault;48.131416, -1.849199;false;;Grand public;6-4272
4311;2002-01-01;;Oui;4311;Hautière;35131;L'Hermitage;48.122943, -1.821041;true;Poteau;Grand public;6-4311
4358;2025-08-09;;Oui;4358;Croix Faucheux;35266;Saint-Erblon;48.017737, -1.649398;true;Abri simple;Grand public;6-4358
4375;2021-09-02;;Oui;4375;Pont de l'Ise;35266;Saint-Erblon;48.020203, -1.647162;false;Poteau;Grand public;6-4375
4382;2019-09-02;;Oui;4382;Basses Noës;35266;Saint-Erblon;48.015778, -1.64774;true;Abri simple;Grand public;6-4382
4383;2019-09-02;;Oui;4383;Basses Noës;35266;Saint-Erblon;48.015156, -1.647574;true;Poteau;Grand public;6-4383
4401;2023-09-04;;Oui;4401;Le Verger Eglise;35351;Le Verger;48.069891, -1.932411;true;Abri simple;Grand public;6-4401
4402;2022-10-24;;Oui;4402;Bouvrais;35351;Le Verger;48.070252, -1.928973;true;Abri simple;Grand public;6-4402
4408;2023-09-04;;Oui;4408;Le Verger Eglise;35351;Le Verger;48.070019, -1.932296;true;Poteau;Grand public;6-4408
4453;2002-01-01;;Oui;4453;Clayes Centre;35081;Clayes;48.176019, -1.85261;true;Poteau;Grand public;6-4453
4458;2024-09-02;;Oui;4458;Croix Simon;35081;Clayes;48.182345, -1.853032;true;Poteau;Grand public;6-4458
4459;2024-09-02;;Oui;4459;La Cour aux Pages;35081;Clayes;48.178173, -1.852834;true;Abri simple;Grand public;6-4459
4502;2022-10-24;;Oui;4502;Gévezé Mairie;35120;Gévezé;48.220988, -1.788677;true;Abri double;Grand public;6-4502
4503;2024-09-02;;Oui;4503;Flume;35120;Gévezé;48.218709, -1.784091;true;Poteau;Grand public;6-4503
4507;2024-09-02;;Oui;4507;Cheval Blanc;35120;Gévezé;48.221774, -1.802355;true;Abri simple;Grand public;6-4507
4508;2022-10-24;;Oui;4508;Coualeuc;35120;Gévezé;48.224473, -1.801099;true;Abri simple;Grand public;6-4508
4509;2024-09-02;;Oui;4509;Coualeuc;35120;Gévezé;48.224554, -1.801207;true;Poteau;Grand public;6-4509
4511;2024-09-02;;Oui;4511;Prés Verts;35120;Gévezé;48.223962, -1.79376;true;Poteau;Grand public;6-4511
4514;2023-09-04;;Oui;4514;Brosse Halée;35120;Gévezé;48.187732, -1.788513;false;Poteau;Grand public;6-4514
4515;2023-09-04;;Oui;4515;Brosse Halée;35120;Gévezé;48.187914, -1.788333;false;Poteau;Grand public;6-4515
4520;2002-01-01;;Oui;4520;Huchetais;35120;Gévezé;48.239288, -1.792129;false;Poteau;Grand public;6-4520
4521;2002-01-01;;Oui;4521;Huchetais;35120;Gévezé;48.239339, -1.792114;false;Poteau;Grand public;6-4521
4524;2020-11-04;;Oui;4524;Vieux Moulin;35120;Gévezé;48.219957, -1.787827;true;Abri double;Grand public;6-4524
4529;2002-01-01;;Oui;4529;Lande de Villé;35120;Gévezé;48.23377, -1.787716;false;Poteau;Grand public;6-4529
4531;2015-09-02;;Oui;4531;Cheval Blanc;35120;Gévezé;48.22173, -1.802482;false;Poteau;Grand public;6-4531
4551;2002-01-01;2026-01-04;Oui;4551;Saint-Armel Eglise;35250;Saint-Armel;48.013474, -1.59115;true;Abri simple;Grand public;6-4551
4552;2022-10-24;2026-01-04;Oui;4552;Saint-Armel Gare;35250;Saint-Armel;48.013905, -1.594035;true;Poteau;Grand public;6-4552
4603;2022-10-24;;Oui;4603;Pommiers;35079;Chevaigné;48.210929, -1.626048;true;Poteau;Grand public;6-4603
4604;2022-10-24;;Oui;4604;Pommiers;35079;Chevaigné;48.209944, -1.625841;true;Abri simple;Grand public;6-4604
4606;2022-10-24;;Oui;4606;Chevaigné Mairie;35079;Chevaigné;48.211924, -1.630326;true;Abri double;Grand public;6-4606
4700;2020-09-01;;Oui;4700;Point du Jour;35139;Laillé;47.97845, -1.71347;true;Abri double;Grand public;6-4700
4712;2022-09-01;;Oui;4712;Estuaires;35139;Laillé;47.974816, -1.69136;false;Poteau;Grand public;6-4712
4742;2024-09-02;;Oui;4742;Les Vallées;35139;Laillé;47.974277, -1.74307;false;Poteau;Grand public;6-4742
4755;2020-09-01;;Oui;4755;ZA Le Rachat;35139;Laillé;47.973679, -1.714791;false;Abri simple;Grand public;6-4755
4764;2020-09-01;;Oui;4764;Laillé Collège;35139;Laillé;47.982123, -1.714846;true;Non matérialisé;Grand public;6-4764
4767;2022-09-01;;Oui;4767;L'Oie;35139;Laillé;47.940285, -1.716901;false;Poteau;Grand public;6-4767
4800;2024-09-02;;Oui;4800;Bécherel Centre;35022;Bécherel;48.296249, -1.94536;true;Poteau;Grand public;6-4800
4801;2025-09-01;;Oui;4801;Bécherel Centre;35022;Bécherel;48.29686, -1.94381;true;Poteau;Grand public;6-4801
4851;2024-09-02;;Oui;4851;Chapelle-Chaussée;35058;La Chapelle-Chaussée;48.272026, -1.856733;true;Poteau;Grand public;6-4851
4950;2024-09-02;;Oui;4950;Miniac Eglise;35180;Miniac-sous-Bécherel;48.28471, -1.930806;true;Abri simple;Grand public;6-4950
5032;2024-11-18;;Oui;5032;Pontchaillou;35238;Rennes;48.12146, -1.693584;false;Poteau;Grand public;6-5032
5038;2024-11-18;;Oui;5038;Villejean-Université;35238;Rennes;48.121434, -1.703084;true;Poteau;Grand public;6-5038
6000;2024-09-02;;Oui;6000;Romillé Collège;35245;Romillé;48.218682, -1.893394;true;Abri double;Grand public;6-6000
6024;2024-09-02;;Oui;6024;La Houltais;35245;Romillé;48.218908, -1.886713;false;Poteau;Grand public;6-6024
8001;2021-01-04;;Oui;8001;star't Le Rheu;35240;Le Rheu;48.099805, -1.79497;false;Abri bâti;Grand public;6-8001
8009;2024-07-01;;Oui;8009;star't Pacé;35210;Pacé;48.148497, -1.762143;false;Poteau;Grand public;6-8009
8011;2025-08-24;;Oui;8011;star't Montgermont;35189;Montgermont;48.155611, -1.707417;false;Poteau;Grand public;6-8011
9155;2023-04-15;;Oui;9155;Pilate;35238;Rennes;48.094399, -1.690288;false;;Grand public;6-9155
9156;2022-10-24;;Oui;9156;Pâtis Tatelin Ev;35238;Rennes;48.128911, -1.642714;false;;Grand public;6-9156
9159;2024-08-01;;Oui;9159;Stade Marbeuf;35238;Rennes;48.109673, -1.706853;true;Poteau;Grand public;6-9159
