id_ligne;id_arret;stop_name;day_type;first_passage;last_passage;avg_passage_per_day;early birds;morning commute;late morning;lunch time;afternoon;evening commute;evening;night;amplitude_horaire;amplitude_horaire_heures;avg_passage_per_hour
0001;2804;Ricoquais;weekday;0 days 05:18:00;1 days 01:02:00;99.4;6.0;21.0;12.0;12.0;19.0;20.0;5.0;4.4;0 days 19:44:00;19.733333333333334;5.037162162162162
0001;2804;Ricoquais;weekend;0 days 05:58:00;1 days 01:02:00;52.5;2.0;7.0;5.5;6.5;12.0;11.0;5.0;4.5;0 days 19:04:00;19.066666666666666;2.7534965034965033
0001;2805;Camus;weekday;0 days 05:19:00;1 days 01:02:21;99.4;6.0;21.0;12.0;12.0;19.0;20.0;5.0;4.4;0 days 19:43:21;19.7225;5.039929015084295
0001;2805;Camus;weekend;0 days 05:59:00;1 days 01:02:21;52.5;2.0;7.0;5.5;6.5;12.0;11.0;5.0;4.5;0 days 19:03:21;19.055833333333332;2.755061879564438
0001;2806;Vivier Louis;weekday;0 days 05:20:00;1 days 01:03:00;99.4;6.0;21.0;12.0;12.0;19.0;19.0;6.0;4.4;0 days 19:43:00;19.716666666666665;5.041420118343196
0001;2806;Vivier Louis;weekend;0 days 06:00:00;1 days 01:03:00;52.5;2.0;7.0;5.5;6.5;12.0;11.0;5.0;4.5;0 days 19:03:00;19.05;2.7559055118110236
0001;2808;Uttenreuth;weekday;0 days 05:21:00;1 days 01:04:00;99.4;6.0;20.0;12.0;12.0;20.0;19.0;6.0;4.4;0 days 19:43:00;19.716666666666665;5.041420118343196
0001;2808;Uttenreuth;weekend;0 days 06:01:00;1 days 01:04:00;52.5;2.0;7.0;5.5;6.5;12.0;11.0;5.0;4.5;0 days 19:03:00;19.05;2.7559055118110236
0001;2809;Discalceat;weekday;0 days 05:21:51;1 days 01:04:14;99.4;5.5;20.5;12.0;12.0;20.0;19.0;6.0;4.4;0 days 19:42:23;19.70638888888889;5.044049448148514
0001;2809;Discalceat;weekend;0 days 06:01:51;1 days 01:04:14;52.5;2.0;7.0;5.5;6.0;12.0;11.5;5.0;4.5;0 days 19:02:23;19.039722222222224;2.7573931692514186
0001;2812;Forge;weekday;0 days 05:23:00;1 days 01:05:00;99.4;5.0;21.0;12.0;12.0;19.0;20.0;6.0;4.4;0 days 19:42:00;19.7;5.0456852791878175
0001;2812;Forge;weekend;0 days 06:03:00;1 days 01:05:00;52.5;2.0;7.0;5.5;6.0;12.0;11.5;5.0;4.5;0 days 19:02:00;19.033333333333335;2.7583187390542903
0001;2813;Haut Trait;weekday;0 days 05:23:43;1 days 01:06:00;99.4;5.0;21.0;12.0;12.0;19.0;20.0;6.0;4.4;0 days 19:42:17;19.704722222222223;5.0444760844129295
0001;2813;Haut Trait;weekend;0 days 06:03:43;1 days 01:06:00;52.5;2.0;7.0;5.5;6.0;12.0;11.5;5.0;4.5;0 days 19:02:17;19.038055555555555;2.7576345623531817
0001;2814;CHP Saint-Grégoire;weekday;0 days 06:00:50;1 days 01:51:00;100.9;3.0;20.5;12.0;12.0;17.0;23.0;8.0;5.4;0 days 19:50:10;19.836111111111112;5.0866825374597395
0001;2814;CHP Saint-Grégoire;weekend;0 days 06:40:50;1 days 01:51:00;52.5;1.0;6.0;5.5;5.5;12.0;11.75;5.75;5.5;0 days 19:10:10;19.169444444444444;2.7387335168816116
0001;2815;La Plesse;weekday;0 days 05:26:00;1 days 01:08:04;99.4;5.0;21.0;12.0;12.0;19.0;20.0;6.0;4.4;0 days 19:42:04;19.70111111111111;5.045400710619819
0001;2815;La Plesse;weekend;0 days 06:06:00;1 days 01:08:04;52.5;2.0;6.5;6.0;6.0;12.0;11.0;5.5;4.5;0 days 19:02:04;19.034444444444443;2.758157725760318
0001;2816;La Plesse;weekday;0 days 05:59:00;1 days 01:49:26;100.9;3.0;20.5;12.0;12.0;17.5;23.5;7.0;5.4;0 days 19:50:26;19.840555555555557;5.085543079550864
0001;2816;La Plesse;weekend;0 days 06:39:00;1 days 01:49:26;52.5;1.0;6.0;5.5;5.5;12.0;12.0;5.5;5.5;0 days 19:10:26;19.17388888888889;2.7380986874511053
0001;2817;CHP Saint-Grégoire;weekday;0 days 05:24:43;1 days 01:07:00;99.4;5.0;21.0;12.0;12.0;19.0;20.0;6.0;4.4;0 days 19:42:17;19.704722222222223;5.0444760844129295
0001;2817;CHP Saint-Grégoire;weekend;0 days 06:04:43;1 days 01:07:00;52.5;2.0;7.0;5.5;6.0;12.0;11.0;5.5;4.5;0 days 19:02:17;19.038055555555555;2.7576345623531817
0001;2818;Haut Trait;weekday;0 days 06:01:56;1 days 01:52:00;100.9;3.0;20.0;12.0;11.5;18.0;23.0;8.0;5.4;0 days 19:50:04;19.834444444444443;5.087109965828246
0001;2818;Haut Trait;weekend;0 days 06:41:56;1 days 01:52:00;52.5;1.0;6.0;5.25;5.75;11.75;11.75;6.0;5.5;0 days 19:10:04;19.16777777777778;2.73897165381717
0001;2819;Forge;weekday;0 days 06:03:00;1 days 01:53:09;100.9;3.0;19.5;12.0;12.0;18.0;23.0;8.0;5.4;0 days 19:50:09;19.835833333333333;5.086753770533126
0001;2819;Forge;weekend;0 days 06:43:00;1 days 01:53:09;52.5;1.0;6.0;5.0;6.0;11.5;12.0;6.0;5.5;0 days 19:10:09;19.169166666666666;2.7387732034951964
0001;2822;Discalceat;weekday;0 days 06:04:00;1 days 01:54:00;100.9;3.0;19.5;12.0;12.0;18.0;23.0;8.0;5.4;0 days 19:50:00;19.833333333333332;5.087394957983194
0001;2822;Discalceat;weekend;0 days 06:44:00;1 days 01:54:00;52.5;1.0;6.0;5.0;5.5;12.0;12.0;6.0;5.5;0 days 19:10:00;19.166666666666668;2.7391304347826084
0001;2824;Vivier Louis;weekday;0 days 06:05:00;1 days 01:56:00;100.9;3.0;19.5;12.0;12.0;18.0;23.0;8.0;5.4;0 days 19:51:00;19.85;5.083123425692695
0001;2824;Vivier Louis;weekend;0 days 06:45:00;1 days 01:56:00;52.5;1.0;5.5;5.5;5.5;12.0;12.0;6.0;5.5;0 days 19:11:00;19.183333333333334;2.736750651607298
0001;2825;Camus;weekday;0 days 06:06:00;1 days 01:57:00;100.9;3.0;19.5;12.0;12.0;18.0;23.0;8.0;5.4;0 days 19:51:00;19.85;5.083123425692695
0001;2825;Camus;weekend;0 days 06:46:00;1 days 01:57:00;52.5;1.0;5.0;6.0;5.5;12.0;12.0;6.0;5.5;0 days 19:11:00;19.183333333333334;2.736750651607298
0001;2836;Uttenreuth;weekday;0 days 06:04:38;1 days 01:55:00;100.9;3.0;19.5;12.0;12.0;18.0;23.0;8.0;5.4;0 days 19:50:22;19.839444444444446;5.085827896166447
0001;2836;Uttenreuth;weekend;0 days 06:44:38;1 days 01:55:00;52.5;1.0;5.75;5.25;5.5;12.0;12.0;6.0;5.5;0 days 19:10:22;19.172777777777778;2.73825736721625
0001;2842;Nobel;weekday;0 days 05:16:53;1 days 01:01:00;99.4;6.0;21.0;12.0;12.0;19.5;19.5;5.0;4.4;0 days 19:44:07;19.735277777777778;5.036665869072586
0001;2842;Nobel;weekend;0 days 05:56:53;1 days 01:01:00;52.5;2.0;7.0;5.5;6.5;12.25;10.75;5.0;4.5;0 days 19:04:07;19.06861111111111;2.7532157268343846
0001;2843;Nobel;weekday;0 days 06:07:58;1 days 01:59:00;100.9;3.0;19.5;12.0;12.0;17.0;24.0;8.0;5.4;0 days 19:51:02;19.850555555555555;5.082981164814867
0001;2843;Nobel;weekend;0 days 06:47:58;1 days 01:59:00;52.5;1.0;5.0;6.0;5.5;12.0;12.0;6.0;5.5;0 days 19:11:02;19.183888888888887;2.7366713967159946
0001;2844;Champ Daguet;weekday;0 days 05:16:00;1 days 02:00:00;200.3;8.0;41.5;24.0;24.0;37.0;43.0;13.0;9.8;0 days 20:44:00;20.733333333333334;9.660771704180064
0001;2844;Champ Daguet;weekend;0 days 05:56:00;1 days 02:00:00;105.0;3.0;12.0;11.5;12.0;24.5;22.5;11.0;10.0;0 days 20:04:00;20.066666666666666;5.232558139534884
0001;2846;Ricoquais;weekday;0 days 06:07:00;1 days 01:58:00;100.9;3.0;19.5;12.0;12.0;17.5;23.5;8.0;5.4;0 days 19:51:00;19.85;5.083123425692695
0001;2846;Ricoquais;weekend;0 days 06:47:00;1 days 01:58:00;52.5;1.0;5.0;6.0;5.5;12.0;12.0;6.0;5.5;0 days 19:11:00;19.183333333333334;2.736750651607298
0001;3001;Gériatrie;weekday;0 days 06:05:00;1 days 01:55:00;105.4;3.0;18.5;12.0;12.1;18.0;28.4;8.0;5.4;0 days 19:50:00;19.833333333333332;5.314285714285715
0001;3001;Gériatrie;weekend;0 days 06:45:00;1 days 01:55:00;52.5;1.0;5.0;6.0;5.5;11.5;12.5;6.0;5.5;0 days 19:10:00;19.166666666666668;2.7391304347826084
0001;3002;Deux Ruisseaux;weekday;0 days 05:21:00;1 days 00:58:00;105.9;6.0;26.5;12.0;12.0;20.0;19.0;6.0;4.4;0 days 19:37:00;19.616666666666667;5.398470688190314
0001;3002;Deux Ruisseaux;weekend;0 days 06:01:00;1 days 00:58:00;52.5;2.0;7.5;5.5;6.0;12.0;11.0;5.0;4.5;0 days 18:57:00;18.95;2.770448548812665
0001;3006;Chantepie Mairie;weekday;0 days 05:22:40;1 days 00:59:23;105.9;6.0;26.5;12.0;12.0;19.0;20.0;6.0;4.4;0 days 19:36:43;19.611944444444443;5.399770547993712
0001;3006;Chantepie Mairie;weekend;0 days 06:02:40;1 days 00:59:23;52.5;2.0;7.25;5.5;6.25;12.0;11.0;5.0;4.5;0 days 18:56:43;18.94527777777778;2.771139099453103
0001;3007;Loges;weekday;0 days 05:23:58;1 days 01:00:28;105.9;6.0;26.5;12.0;12.0;19.0;20.0;6.0;4.4;0 days 19:36:30;19.608333333333334;5.400764980875478
0001;3007;Loges;weekend;0 days 06:03:58;1 days 01:00:28;52.5;2.0;7.0;5.5;6.5;12.0;11.0;5.0;4.5;0 days 18:56:30;18.941666666666666;2.7716673999120105
0001;3008;Loges;weekday;0 days 06:01:36;1 days 01:52:00;105.4;3.0;19.5;12.0;12.1;17.0;28.4;8.0;5.4;0 days 19:50:24;19.84;5.3125
0001;3008;Loges;weekend;0 days 06:41:36;1 days 01:52:00;52.5;1.0;5.25;5.75;5.5;12.0;12.0;6.0;5.5;0 days 19:10:24;19.173333333333332;2.7381780250347707
0001;3009;Chantepie Mairie;weekday;0 days 06:03:00;1 days 01:53:00;105.4;3.0;19.5;12.0;12.1;17.0;28.4;8.0;5.4;0 days 19:50:00;19.833333333333332;5.314285714285715
0001;3009;Chantepie Mairie;weekend;0 days 06:43:00;1 days 01:53:00;52.5;1.0;5.0;6.0;5.5;12.0;12.0;6.0;5.5;0 days 19:10:00;19.166666666666668;2.7391304347826084
0001;3013;Deux Ruisseaux;weekday;0 days 06:04:00;1 days 01:54:00;105.4;3.0;19.5;12.0;12.1;17.0;28.4;8.0;5.4;0 days 19:50:00;19.833333333333332;5.314285714285715
0001;3013;Deux Ruisseaux;weekend;0 days 06:44:00;1 days 01:54:00;52.5;1.0;5.0;6.0;5.5;11.5;12.5;6.0;5.5;0 days 19:10:00;19.166666666666668;2.7391304347826084
0001;3027;Touche Annette;weekday;0 days 05:19:00;1 days 00:57:00;105.9;6.0;26.5;12.0;12.0;20.0;19.0;6.0;4.4;0 days 19:38:00;19.633333333333333;5.393887945670628
0001;3027;Touche Annette;weekend;0 days 05:59:00;1 days 00:57:00;52.5;2.0;7.5;5.5;6.0;12.0;11.0;5.0;4.5;0 days 18:58:00;18.966666666666665;2.7680140597539546
0001;3028;Rosa Parks;weekday;0 days 05:18:00;1 days 01:56:00;211.3;10.0;44.0;24.0;24.1;37.0;48.4;14.0;9.8;0 days 20:38:00;20.633333333333333;10.240710823909533
0001;3028;Rosa Parks;weekend;0 days 05:58:00;1 days 01:56:00;105.0;3.0;12.5;11.5;11.5;23.5;23.0;11.5;10.0;0 days 19:58:00;19.966666666666665;5.258764607679466
0001;3029;Touche Annette;weekday;0 days 06:06:00;1 days 01:55:25;105.4;3.0;18.5;12.0;12.1;18.0;28.4;8.0;5.4;0 days 19:49:25;19.823611111111113;5.31689203391018
0001;3029;Touche Annette;weekend;0 days 06:46:00;1 days 01:55:25;52.5;1.0;5.0;6.0;5.5;11.5;12.5;6.0;5.5;0 days 19:09:25;19.156944444444445;2.740520553904154
0001;3032;Gériatrie;weekday;0 days 05:20:00;1 days 00:57:26;105.9;6.0;26.5;12.0;12.0;20.0;19.0;6.0;4.4;0 days 19:37:26;19.62388888888889;5.39648387736036
0001;3032;Gériatrie;weekend;0 days 06:00:00;1 days 00:57:26;52.5;2.0;7.5;5.5;6.0;12.0;11.0;5.0;4.5;0 days 18:57:26;18.95722222222222;2.7693930779825924
0001;3037;Chantepie Eglise;weekday;0 days 05:21:53;1 days 00:59:00;105.9;6.0;26.5;12.0;12.0;19.0;20.0;6.0;4.4;0 days 19:37:07;19.61861111111111;5.39793563368117
0001;3037;Chantepie Eglise;weekend;0 days 06:01:53;1 days 00:59:00;52.5;2.0;7.5;5.5;6.0;12.0;11.0;5.0;4.5;0 days 18:57:07;18.951944444444443;2.7701643044542483
0001;3038;Chantepie Eglise;weekday;0 days 06:03:37;1 days 01:53:27;105.4;3.0;19.5;12.0;12.1;17.0;28.4;8.0;5.4;0 days 19:49:50;19.830555555555556;5.315030116262782
0001;3038;Chantepie Eglise;weekend;0 days 06:43:37;1 days 01:53:27;52.5;1.0;5.0;6.0;5.5;11.75;12.25;6.0;5.5;0 days 19:09:50;19.163888888888888;2.739527467748949
0002;2002;Cesson Hôpital Privé;weekday;0 days 05:26:34;1 days 00:58:00;85.4;5.0;17.0;10.0;9.0;17.0;16.0;7.0;4.4;0 days 19:31:26;19.523888888888887;4.374128560453007
0002;2002;Cesson Hôpital Privé;weekend;0 days 06:06:34;1 days 00:58:00;48.0;3.0;7.0;5.5;6.0;10.5;9.0;4.0;4.5;0 days 18:51:26;18.857222222222223;2.545443832307103
0002;2003;Cesson Hôpital Privé;weekday;0 days 06:01:00;1 days 01:51:00;85.4;3.0;15.0;11.0;9.0;15.0;18.0;8.0;6.4;0 days 19:50:00;19.833333333333332;4.305882352941177
0002;2003;Cesson Hôpital Privé;weekend;0 days 06:40:00;1 days 01:51:00;48.5;2.0;5.0;5.5;6.0;10.0;10.0;5.0;6.0;0 days 19:11:00;19.183333333333334;2.528236316246742
0002;2112;Chêne Germain;weekday;0 days 06:02:00;1 days 01:52:00;85.4;3.0;15.0;11.0;9.0;15.0;18.0;8.0;6.4;0 days 19:50:00;19.833333333333332;4.305882352941177
0002;2112;Chêne Germain;weekend;0 days 06:41:00;1 days 01:52:00;48.5;2.0;5.0;5.5;6.0;10.0;10.0;5.0;6.0;0 days 19:11:00;19.183333333333334;2.528236316246742
0002;2113;Chêne Germain;weekday;0 days 05:25:00;1 days 00:56:28;85.4;5.0;17.0;10.0;9.0;17.0;17.0;6.0;4.4;0 days 19:31:28;19.524444444444445;4.374004097427727
0002;2113;Chêne Germain;weekend;0 days 06:05:00;1 days 00:56:28;48.0;3.0;7.0;5.5;6.0;10.5;9.25;3.75;4.5;0 days 18:51:28;18.857777777777777;2.5453688427999057
0002;2131;Cesson - Viasilva;weekday;0 days 05:24:00;1 days 01:53:00;170.8;8.0;32.0;20.0;20.0;31.0;35.0;14.0;10.8;0 days 20:29:00;20.483333333333334;8.338486574450773
0002;2131;Cesson - Viasilva;weekend;0 days 06:04:00;1 days 01:53:00;96.5;4.0;12.5;11.0;12.0;20.5;19.5;8.5;10.5;0 days 19:49:00;19.816666666666666;4.869638351555929
0004;2046;Atalante;weekday;0 days 07:41:00;0 days 08:52:00;4.0;0.0;4.0;0.0;0.0;0.0;0.0;0.0;0.0;0 days 01:11:00;1.1833333333333333;3.380281690140845
0004;2121;Longs Champs Est;weekday;0 days 06:03:51;1 days 01:53:00;127.6;4.0;24.0;13.0;15.0;22.0;27.0;9.0;13.6;0 days 19:49:09;19.819166666666668;6.438212168355547
0004;2121;Longs Champs Est;weekend;0 days 05:54:00;1 days 01:53:00;71.5;3.0;7.0;7.0;7.0;14.5;14.75;8.25;11.5;0 days 19:59:00;19.983333333333334;3.5779816513761467
0004;2801;Grand Quartier;weekday;0 days 05:20:00;1 days 01:57:00;251.8;8.0;47.0;28.0;29.0;48.0;49.0;18.0;24.8;0 days 20:37:00;20.616666666666667;12.213419563459984
0004;2801;Grand Quartier;weekend;0 days 06:04:00;1 days 01:57:00;141.5;4.0;15.5;14.0;14.5;29.5;29.0;16.5;20.5;0 days 19:53:00;19.883333333333333;7.116512992455993
0005;1453;Pigeon Blanc;weekday;0 days 05:31:52;1 days 01:21:00;107.4;4.5;24.0;12.0;12.1;21.0;21.0;7.0;5.8;0 days 19:49:08;19.81888888888889;5.419072714021416
0005;1453;Pigeon Blanc;weekend;0 days 06:13:00;1 days 01:21:00;57.5;2.0;7.5;5.5;6.5;13.5;12.5;5.0;6.0;0 days 19:08:00;19.133333333333333;3.005226480836237
0005;2216;Pressoirs;weekday;0 days 05:53:44;1 days 01:46:00;105.8;3.0;21.0;12.0;12.0;19.0;24.0;8.0;6.8;0 days 19:52:16;19.871111111111112;5.324312234399462
0005;2216;Pressoirs;weekend;0 days 06:35:44;1 days 01:46:00;57.5;1.0;6.5;5.5;6.0;13.5;13.0;5.5;7.0;0 days 19:10:16;19.17111111111111;2.9993045090993395
0005;2218;Saint-Yves;weekday;0 days 05:52:00;1 days 01:44:00;105.8;3.0;21.0;12.0;12.0;19.0;25.0;7.0;6.8;0 days 19:52:00;19.866666666666667;5.325503355704698
0005;2218;Saint-Yves;weekend;0 days 06:34:00;1 days 01:44:00;57.5;1.0;6.5;5.5;6.0;13.5;13.0;5.5;7.0;0 days 19:10:00;19.166666666666668;3.0
0005;2219;Pilate;weekday;0 days 05:51:30;1 days 01:43:20;105.8;3.0;21.0;12.0;12.0;20.0;24.0;7.0;6.8;0 days 19:51:50;19.863888888888887;5.326248077192002
0005;2219;Pilate;weekend;0 days 06:33:00;1 days 01:43:20;57.5;1.0;7.0;5.0;6.0;13.5;13.5;5.0;7.0;0 days 19:10:20;19.17222222222222;2.9991306867574616
0005;2228;Pigeon Blanc;weekday;0 days 05:52:52;1 days 01:45:00;105.8;3.0;21.0;12.0;12.0;19.0;24.0;8.0;6.8;0 days 19:52:08;19.86888888888889;5.3249077284420085
0005;2228;Pigeon Blanc;weekend;0 days 06:34:52;1 days 01:45:00;57.5;1.0;6.5;5.5;6.0;13.5;13.0;5.5;7.0;0 days 19:10:08;19.16888888888889;2.9996522142360305
0005;2257;Pressoirs;weekday;0 days 05:30:50;1 days 01:20:00;107.4;5.0;23.5;12.0;12.1;21.0;21.0;7.0;5.8;0 days 19:49:10;19.819444444444443;5.418920812894184
0005;2257;Pressoirs;weekend;0 days 06:12:00;1 days 01:20:00;57.5;2.0;7.5;5.5;6.5;13.5;12.5;5.0;6.0;0 days 19:08:00;19.133333333333333;3.005226480836237
0006;2007;Bourgchevreuil;weekday;0 days 05:17:50;1 days 01:06:00;84.0;4.0;17.5;10.0;10.1;16.0;17.0;6.0;3.4;0 days 19:48:10;19.802777777777777;4.241829148548184
0006;2007;Bourgchevreuil;weekend;0 days 05:25:50;1 days 01:06:00;47.0;3.0;7.5;5.5;5.5;9.5;10.0;4.0;3.5;0 days 19:40:10;19.669444444444444;2.3894930094619404
0006;2008;La Coulée;weekday;0 days 05:18:36;1 days 01:07:00;84.0;4.0;17.5;10.0;10.1;16.0;17.0;6.0;3.4;0 days 19:48:24;19.80666666666667;4.240996297542915
0006;2008;La Coulée;weekend;0 days 05:26:36;1 days 01:07:00;47.0;3.0;7.5;5.5;5.5;9.5;9.75;4.25;3.5;0 days 19:40:24;19.673333333333332;2.389020670958997
0006;2009;Fontenelle;weekday;0 days 05:19:00;1 days 01:07:21;84.0;4.0;17.5;10.0;10.1;16.0;17.0;6.0;3.4;0 days 19:48:21;19.805833333333332;4.241174738082215
0006;2009;Fontenelle;weekend;0 days 05:27:00;1 days 01:07:21;47.0;3.0;7.5;5.5;5.5;9.5;9.5;4.5;3.5;0 days 19:40:21;19.6725;2.3891218706315924
0006;2010;Mare Pavée;weekday;0 days 05:20:00;1 days 01:08:04;84.0;4.0;17.5;10.0;10.1;16.0;17.0;6.0;3.4;0 days 19:48:04;19.801111111111112;4.242186184838112
0006;2010;Mare Pavée;weekend;0 days 05:28:00;1 days 01:08:04;47.0;3.0;7.5;5.5;5.5;9.5;9.5;4.5;3.5;0 days 19:40:04;19.66777777777778;2.3896954974295235
0006;2011;Maison d'Accueil;weekday;0 days 05:20:33;1 days 01:09:00;84.0;4.0;17.5;10.0;10.1;16.0;17.0;6.0;3.4;0 days 19:48:27;19.8075;4.240817872018175
0006;2011;Maison d'Accueil;weekend;0 days 05:28:33;1 days 01:09:00;47.0;3.0;7.5;5.5;5.5;9.5;9.5;4.5;3.5;0 days 19:40:27;19.674166666666668;2.3889194798593754
0006;2012;Muguet;weekday;0 days 05:21:00;1 days 01:09:22;84.0;4.0;17.5;10.0;10.1;16.0;17.0;6.0;3.4;0 days 19:48:22;19.80611111111111;4.241115256234047
0006;2012;Muguet;weekend;0 days 05:29:00;1 days 01:09:22;47.0;3.0;7.5;5.5;5.5;9.5;9.5;4.5;3.5;0 days 19:40:22;19.672777777777778;2.389088136454774
0006;2013;Vilaine;weekday;0 days 05:22:00;1 days 01:10:00;84.0;4.0;17.5;10.0;10.1;16.0;17.0;6.0;3.4;0 days 19:48:00;19.8;4.242424242424242
0006;2013;Vilaine;weekend;0 days 05:30:00;1 days 01:10:00;47.0;3.0;7.5;5.5;5.5;9.5;9.5;4.5;3.5;0 days 19:40:00;19.666666666666668;2.389830508474576
0006;2014;Sports et Nature;weekday;0 days 05:22:57;1 days 01:11:00;84.0;4.0;17.5;10.0;10.1;15.0;17.5;6.5;3.4;0 days 19:48:03;19.800833333333333;4.242245696729936
0006;2014;Sports et Nature;weekend;0 days 05:30:48;1 days 01:11:00;47.0;3.0;7.5;5.5;5.5;9.5;9.5;4.5;3.5;0 days 19:40:12;19.67;2.3894255210981186
0006;2015;Hublais;weekday;0 days 05:24:00;1 days 01:12:24;84.0;4.0;17.5;10.0;10.1;15.0;17.0;7.0;3.4;0 days 19:48:24;19.80666666666667;4.240996297542915
0006;2015;Hublais;weekend;0 days 05:32:00;1 days 01:12:24;47.0;3.0;7.5;5.5;5.25;9.75;9.5;4.5;3.5;0 days 19:40:24;19.673333333333332;2.389020670958997
0006;2016;Taillis;weekday;0 days 05:25:40;1 days 01:14:00;84.0;4.0;17.5;10.0;10.1;15.0;17.0;7.0;3.4;0 days 19:48:20;19.805555555555557;4.241234221598877
0006;2016;Taillis;weekend;0 days 05:33:00;1 days 01:14:00;47.0;3.0;7.0;5.5;5.0;10.5;9.5;4.5;3.5;0 days 19:41:00;19.683333333333334;2.3878069432684166
0006;2017;Champs Péans;weekday;0 days 05:27:00;1 days 01:15:28;84.0;4.0;16.5;11.0;10.1;15.0;17.0;6.0;4.4;0 days 19:48:28;19.807777777777776;4.240758400179503
0006;2017;Champs Péans;weekend;0 days 05:34:41;1 days 01:15:28;47.0;3.0;6.5;5.5;5.5;10.0;10.0;3.5;4.5;0 days 19:40:47;19.67972222222222;2.38824509153528
0006;2019;Champs Péans;weekday;0 days 05:56:38;1 days 01:47:00;85.4;3.0;15.0;10.0;10.0;15.0;19.0;8.0;5.4;0 days 19:50:22;19.839444444444446;4.304556019153762
0006;2019;Champs Péans;weekend;0 days 06:34:38;1 days 01:47:00;46.0;2.0;5.0;5.5;5.5;9.5;9.75;4.25;5.5;0 days 19:12:22;19.20611111111111;2.395071013277024
0006;2020;Taillis;weekday;0 days 05:58:00;1 days 01:48:00;85.4;3.0;15.0;10.0;10.0;15.0;19.0;8.0;5.4;0 days 19:50:00;19.833333333333332;4.305882352941177
0006;2020;Taillis;weekend;0 days 06:36:00;1 days 01:48:00;46.0;2.0;5.0;5.5;5.5;9.5;9.5;4.5;5.5;0 days 19:12:00;19.2;2.3958333333333335
0006;2021;Hublais;weekday;0 days 05:59:36;1 days 01:50:00;85.4;3.0;15.0;10.0;10.0;15.0;19.0;8.0;5.4;0 days 19:50:24;19.84;4.304435483870968
0006;2021;Hublais;weekend;0 days 06:37:36;1 days 01:50:00;46.0;2.0;5.0;5.5;5.5;9.5;9.5;4.5;5.5;0 days 19:12:24;19.206666666666667;2.395001735508504
0006;2022;Sports et Nature;weekday;0 days 06:00:30;1 days 01:51:00;85.4;3.0;15.0;10.0;10.0;15.0;19.0;8.0;5.4;0 days 19:50:30;19.841666666666665;4.30407391852163
0006;2022;Sports et Nature;weekend;0 days 06:38:30;1 days 01:51:00;46.0;2.0;5.0;5.5;5.5;9.5;9.5;4.5;5.5;0 days 19:12:30;19.208333333333332;2.3947939262472886
0006;2023;Vilaine;weekday;0 days 06:00:58;1 days 01:51:00;85.4;3.0;14.5;10.5;10.0;15.0;19.0;8.0;5.4;0 days 19:50:02;19.83388888888889;4.305761743368533
0006;2023;Vilaine;weekend;0 days 06:38:58;1 days 01:51:00;46.0;2.0;5.0;5.5;5.5;9.5;9.5;4.5;5.5;0 days 19:12:02;19.200555555555557;2.3957640114580014
0006;2024;Muguet;weekday;0 days 06:02:00;1 days 01:52:00;85.4;3.0;14.0;11.0;10.0;15.0;19.0;8.0;5.4;0 days 19:50:00;19.833333333333332;4.305882352941177
0006;2024;Muguet;weekend;0 days 06:40:00;1 days 01:52:00;46.0;1.0;5.5;5.5;5.5;9.5;9.5;4.5;5.5;0 days 19:12:00;19.2;2.3958333333333335
0006;2025;Maison d'Accueil;weekday;0 days 06:02:49;1 days 01:53:00;85.4;2.5;14.5;11.0;10.0;14.0;20.0;8.0;5.4;0 days 19:50:11;19.836388888888887;4.305219083894639
0006;2025;Maison d'Accueil;weekend;0 days 06:40:49;1 days 01:53:00;46.0;1.0;5.5;5.5;5.5;8.5;10.5;4.5;5.5;0 days 19:12:11;19.203055555555554;2.3954521126556827
0006;2026;Mare Pavée;weekday;0 days 06:03:00;1 days 01:53:17;85.4;2.0;15.0;11.0;10.0;14.0;19.5;8.5;5.4;0 days 19:50:17;19.838055555555556;4.3048573868966775
0006;2026;Mare Pavée;weekend;0 days 06:41:00;1 days 01:53:17;46.0;1.0;5.25;5.5;5.5;8.75;10.5;4.5;5.5;0 days 19:12:17;19.204722222222223;2.395244225233956
0006;2027;Fontenelle;weekday;0 days 06:03:51;1 days 01:54:00;85.4;2.0;15.0;11.0;10.0;14.0;19.0;8.5;5.9;0 days 19:50:09;19.835833333333333;4.305339663067681
0006;2027;Fontenelle;weekend;0 days 06:41:51;1 days 01:54:00;46.0;1.0;5.0;5.5;5.5;9.0;10.5;4.5;5.5;0 days 19:12:09;19.2025;2.3955214164822287
0006;2028;La Coulée;weekday;0 days 06:04:35;1 days 01:55:00;85.4;2.0;15.0;10.0;10.0;15.0;19.0;8.0;6.4;0 days 19:50:25;19.84027777777778;4.3043752187609385
0006;2028;La Coulée;weekend;0 days 06:42:35;1 days 01:55:00;46.0;1.0;5.0;5.5;5.5;9.0;10.5;4.5;5.5;0 days 19:12:25;19.206944444444446;2.394967098127124
0006;2029;Bourgchevreuil;weekday;0 days 06:05:00;1 days 01:55:16;85.4;2.0;15.0;10.0;10.0;15.0;19.0;8.0;6.4;0 days 19:50:16;19.837777777777777;4.30491766550913
0006;2029;Bourgchevreuil;weekend;0 days 06:43:00;1 days 01:55:16;46.0;1.0;5.0;5.5;5.5;9.0;10.5;4.5;5.5;0 days 19:12:16;19.204444444444444;2.395278870631798
0006;2039;Bordage;weekday;0 days 05:14:56;1 days 01:03:00;83.9;5.0;17.5;10.0;10.0;16.0;16.0;6.0;3.4;0 days 19:48:04;19.801111111111112;4.237135963189496
0006;2039;Bordage;weekend;0 days 05:22:56;1 days 01:03:00;47.0;4.0;7.0;5.5;5.75;9.5;9.75;4.0;3.5;0 days 19:40:04;19.66777777777778;2.3896954974295235
0006;2040;Chalotais;weekday;0 days 05:15:31;1 days 01:04:00;83.9;5.0;17.5;10.0;10.0;15.5;16.5;6.0;3.4;0 days 19:48:29;19.808055555555555;4.235650478901682
0006;2040;Chalotais;weekend;0 days 05:23:31;1 days 01:04:00;47.0;4.0;7.0;5.5;5.5;9.5;10.0;4.0;3.5;0 days 19:40:29;19.674722222222222;2.3888520238885205
0006;2041;Cesson Collège;weekday;0 days 06:06:00;1 days 01:56:00;85.4;2.0;15.0;10.0;10.0;15.0;19.0;8.0;6.4;0 days 19:50:00;19.833333333333332;4.305882352941177
0006;2041;Cesson Collège;weekend;0 days 06:44:00;1 days 01:56:00;46.0;1.0;5.0;5.5;5.5;9.0;10.5;4.5;5.5;0 days 19:12:00;19.2;2.3958333333333335
0006;2050;Cesson Collège;weekday;0 days 05:17:00;1 days 01:05:00;84.0;4.0;17.5;11.0;10.1;15.0;17.0;6.0;3.4;0 days 19:48:00;19.8;4.242424242424242
0006;2050;Cesson Collège;weekend;0 days 05:25:00;1 days 01:05:00;47.0;3.0;7.5;5.5;5.5;9.5;10.0;4.0;3.5;0 days 19:40:00;19.666666666666668;2.389830508474576
0006;2051;Chalotais;weekday;0 days 06:07:30;1 days 01:58:00;85.4;2.0;15.0;10.0;10.0;15.0;19.0;8.0;6.4;0 days 19:50:30;19.841666666666665;4.30407391852163
0006;2051;Chalotais;weekend;0 days 06:45:30;1 days 01:58:00;46.0;1.0;5.0;5.5;5.5;9.0;10.5;4.5;5.5;0 days 19:12:30;19.208333333333332;2.3947939262472886
0006;2086;Bordage;weekday;0 days 06:08:00;1 days 01:58:09;85.4;2.0;15.0;10.0;10.0;15.0;19.0;8.0;6.4;0 days 19:50:09;19.835833333333333;4.305339663067681
0006;2086;Bordage;weekend;0 days 06:46:00;1 days 01:58:09;46.0;1.0;5.0;5.5;5.5;9.0;10.0;5.0;5.5;0 days 19:12:09;19.2025;2.3955214164822287
0006;2089;Rigourdière;weekday;0 days 05:12:00;1 days 02:00:00;169.3;7.0;31.5;21.0;20.0;31.0;35.0;14.0;9.8;0 days 20:48:00;20.8;8.139423076923077
0006;2089;Rigourdière;weekend;0 days 05:20:00;1 days 02:00:00;93.0;5.0;12.0;11.0;11.5;18.5;20.0;8.5;9.0;0 days 20:40:00;20.666666666666668;4.5
0006;2201;Morinais;weekday;0 days 05:21:00;1 days 01:05:25;84.4;4.0;17.0;10.0;10.0;16.0;17.0;6.0;4.4;0 days 19:44:25;19.740277777777777;4.275522409062127
0006;2201;Morinais;weekend;0 days 06:03:00;1 days 01:05:25;46.0;2.0;6.5;5.5;5.5;10.0;9.5;3.5;4.5;0 days 19:02:25;19.040277777777778;2.415931140126924
0006;2202;Collège Jean Moulin;weekday;0 days 05:22:00;1 days 01:06:00;84.4;4.0;17.0;10.0;10.0;16.0;17.0;6.0;4.4;0 days 19:44:00;19.733333333333334;4.277027027027027
0006;2202;Collège Jean Moulin;weekend;0 days 06:04:00;1 days 01:06:00;46.0;2.0;6.5;5.5;5.5;9.5;10.0;3.5;4.5;0 days 19:02:00;19.033333333333335;2.4168126094570925
0006;2203;Médiathèque;weekday;0 days 06:01:54;1 days 01:51:00;83.4;2.0;16.0;10.0;10.0;14.0;19.0;8.0;4.4;0 days 19:49:06;19.81833333333333;4.208224707762174
0006;2203;Médiathèque;weekend;0 days 05:59:47;1 days 01:51:00;47.5;2.0;6.5;5.5;5.5;9.0;10.0;5.5;4.5;0 days 19:51:13;19.85361111111111;2.3925118576245574
0006;2204;Jean Marin;weekday;0 days 05:23:45;1 days 01:07:24;84.4;4.0;17.0;10.0;10.0;16.0;17.0;6.0;4.4;0 days 19:43:39;19.7275;4.278291724749716
0006;2204;Jean Marin;weekend;0 days 06:05:00;1 days 01:07:24;46.0;2.0;6.5;5.5;5.5;9.5;10.0;3.5;4.5;0 days 19:02:24;19.04;2.415966386554622
0006;2206;Maltière;weekday;0 days 05:27:00;1 days 01:10:00;84.4;4.0;17.0;10.0;10.0;15.0;17.0;7.0;4.4;0 days 19:43:00;19.716666666666665;4.280642434488589
0006;2206;Maltière;weekend;0 days 06:08:00;1 days 01:10:00;46.0;2.0;6.5;5.5;5.5;9.5;10.0;3.5;4.5;0 days 19:02:00;19.033333333333335;2.4168126094570925
0006;2211;Maltière;weekday;0 days 05:58:00;1 days 01:48:00;83.4;3.0;15.0;10.0;10.0;15.0;18.0;8.0;4.4;0 days 19:50:00;19.833333333333332;4.205042016806723
0006;2211;Maltière;weekend;0 days 05:56:44;1 days 01:48:00;47.5;2.0;6.5;5.5;5.5;9.5;9.5;5.5;4.5;0 days 19:51:16;19.854444444444443;2.392411438804634
0006;2213;Jean Marin;weekday;0 days 06:01:00;1 days 01:50:00;83.4;2.0;16.0;10.0;10.0;15.0;18.0;8.0;4.4;0 days 19:49:00;19.816666666666666;4.208578637510513
0006;2213;Jean Marin;weekend;0 days 05:59:00;1 days 01:50:00;47.5;2.0;6.5;5.5;5.5;9.0;10.0;5.5;4.5;0 days 19:51:00;19.85;2.392947103274559
0006;2214;Médiathèque;weekday;0 days 05:22:50;1 days 01:07:00;84.4;4.0;17.0;10.0;10.0;16.0;17.0;6.0;4.4;0 days 19:44:10;19.73611111111111;4.276425052779733
0006;2214;Médiathèque;weekend;0 days 06:04:40;1 days 01:07:00;46.0;2.0;6.5;5.5;5.5;9.5;10.0;3.5;4.5;0 days 19:02:20;19.038888888888888;2.4161073825503356
0006;2215;Collège Jean Moulin;weekday;0 days 06:02:38;1 days 01:51:26;83.4;2.0;16.0;10.0;10.0;14.0;19.0;8.0;4.4;0 days 19:48:48;19.813333333333333;4.209286675639301
0006;2215;Collège Jean Moulin;weekend;0 days 06:00:00;1 days 01:51:26;47.5;2.0;6.5;5.5;5.5;9.0;10.0;5.5;4.5;0 days 19:51:26;19.857222222222223;2.3920767702766974
0006;2223;Abbé Grimault;weekday;0 days 05:17:00;1 days 01:02:00;84.4;5.0;17.0;10.0;10.0;16.0;16.0;6.0;4.4;0 days 19:45:00;19.75;4.273417721518988
0006;2223;Abbé Grimault;weekend;0 days 05:59:00;1 days 01:02:00;46.0;3.0;6.5;5.5;5.5;10.0;9.0;3.5;4.5;0 days 19:03:00;19.05;2.4146981627296586
0006;2224;Morinais;weekday;0 days 06:03:00;1 days 01:52:00;83.4;2.0;16.0;10.0;10.0;14.0;19.0;8.0;4.4;0 days 19:49:00;19.816666666666666;4.208578637510513
0006;2224;Morinais;weekend;0 days 06:00:55;1 days 01:52:00;47.5;2.0;6.5;5.5;5.5;9.0;10.0;5.5;4.5;0 days 19:51:05;19.851388888888888;2.3927796823619953
0006;2233;Abbé Grimault;weekday;0 days 06:06:31;1 days 01:55:00;83.4;2.0;15.0;10.0;10.0;15.0;19.0;7.0;5.4;0 days 19:48:29;19.808055555555555;4.210408223365915
0006;2233;Abbé Grimault;weekend;0 days 06:03:50;1 days 01:55:00;47.5;2.0;6.5;5.5;5.5;9.0;9.5;5.0;5.5;0 days 19:51:10;19.852777777777778;2.392612284874773
0006;2237;Aire Libre;weekday;0 days 05:16:00;1 days 01:01:01;84.4;5.0;17.0;10.0;10.0;16.0;16.0;6.0;4.4;0 days 19:45:01;19.75027777777778;4.273357618036314
0006;2237;Aire Libre;weekend;0 days 05:58:00;1 days 01:01:01;46.0;3.0;6.5;5.5;5.5;10.0;9.0;3.5;4.5;0 days 19:03:01;19.05027777777778;2.4146629532961024
0006;2243;Aire Libre;weekday;0 days 06:07:00;1 days 01:56:00;83.4;2.0;15.0;10.0;10.0;15.0;19.0;7.0;5.4;0 days 19:49:00;19.816666666666666;4.208578637510513
0006;2243;Aire Libre;weekend;0 days 06:04:39;1 days 01:56:00;47.5;2.0;6.5;5.5;5.5;9.0;9.5;5.0;5.5;0 days 19:51:21;19.855833333333333;2.3922440928358584
0006;2263;Jean Jaurès;weekday;0 days 05:24:32;1 days 01:08:01;84.4;4.0;17.0;10.0;10.0;16.0;17.0;6.0;4.4;0 days 19:43:29;19.724722222222223;4.278894224675746
0006;2263;Jean Jaurès;weekend;0 days 06:06:00;1 days 01:08:01;46.0;2.0;6.5;5.5;5.5;9.5;10.0;3.5;4.5;0 days 19:02:01;19.03361111111111;2.4167773383342332
0006;2264;Jean Jaurès;weekday;0 days 06:00:00;1 days 01:49:29;83.4;2.0;16.0;10.0;10.0;15.0;18.0;8.0;4.4;0 days 19:49:29;19.82472222222222;4.206868528352647
0006;2264;Jean Jaurès;weekend;0 days 05:58:00;1 days 01:49:29;47.5;2.0;6.5;5.5;5.5;9.0;10.0;5.5;4.5;0 days 19:51:29;19.858055555555556;2.3919763879757725
0006;2277;Aéroport;weekday;0 days 05:15:00;1 days 01:57:00;167.8;7.0;32.0;20.0;20.0;31.0;34.0;14.0;9.8;0 days 20:42:00;20.7;8.106280193236715
0006;2277;Aéroport;weekend;0 days 05:57:00;1 days 01:57:00;93.5;5.0;13.0;10.5;11.0;19.5;18.5;8.5;10.0;0 days 20:00:00;20.0;4.675
0006;2278;Saint-Jacques - Gaîté;weekday;0 days 05:56:00;1 days 01:46:04;83.4;3.0;15.0;10.0;10.0;15.0;18.0;8.0;4.4;0 days 19:50:04;19.834444444444443;4.204806453419977
0006;2278;Saint-Jacques - Gaîté;weekend;0 days 05:55:00;1 days 01:46:04;47.5;2.0;7.0;5.0;5.5;9.5;9.5;5.5;4.5;0 days 19:51:04;19.851111111111113;2.3928131646703235
0006;2280;Saint-Jacques - Gaîté;weekday;0 days 05:29:00;1 days 01:12:27;84.4;4.0;17.0;10.0;10.0;15.0;17.0;7.0;4.4;0 days 19:43:27;19.724166666666665;4.279014745025139
0006;2280;Saint-Jacques - Gaîté;weekend;0 days 06:10:00;1 days 01:12:27;46.0;2.0;6.5;5.5;5.5;9.5;10.0;3.5;4.5;0 days 19:02:27;19.04083333333333;2.4158606503566897
0006;2290;Germaine Tillion;weekday;0 days 05:31:00;1 days 01:14:00;84.4;4.0;16.0;11.0;10.0;15.0;17.0;7.0;4.4;0 days 19:43:00;19.716666666666665;4.280642434488589
0006;2290;Germaine Tillion;weekend;0 days 06:12:00;1 days 01:14:00;46.0;2.0;6.5;5.5;5.5;9.5;10.0;3.5;4.5;0 days 19:02:00;19.033333333333335;2.4168126094570925
0006;2291;Germaine Tillion;weekday;0 days 05:55:00;1 days 01:45:00;83.4;3.0;15.0;10.0;10.0;15.0;18.0;8.0;4.4;0 days 19:50:00;19.833333333333332;4.205042016806723
0006;2291;Germaine Tillion;weekend;0 days 05:54:00;1 days 01:45:00;47.5;2.0;7.0;5.0;6.0;9.0;10.0;5.0;4.5;0 days 19:51:00;19.85;2.392947103274559
0007;2206;Maltière;weekday;0 days 05:31:00;1 days 00:01:16;70.0;3.0;9.5;8.5;7.5;14.5;19.0;5.0;3.0;0 days 18:30:16;18.504444444444445;3.782874984988591
0007;2206;Maltière;weekend;0 days 06:00:00;1 days 00:04:00;37.0;2.0;3.5;4.0;4.0;8.5;8.0;5.0;3.0;0 days 18:04:00;18.066666666666666;2.047970479704797
0007;2211;Maltière;weekday;0 days 05:47:00;1 days 01:46:08;67.4;3.0;19.0;8.0;8.0;11.0;9.0;4.0;5.4;0 days 19:59:08;19.985555555555557;3.372435647967977
0007;2211;Maltière;weekend;0 days 06:06:43;1 days 01:46:08;39.0;2.0;3.5;4.0;5.0;8.0;8.5;3.5;5.5;0 days 19:39:25;19.656944444444445;1.9840316540662757
0007;2223;Abbé Grimault;weekend;0 days 08:24:00;0 days 23:57:20;23.0;0.0;2.0;2.0;2.0;5.0;5.0;4.0;3.0;0 days 15:33:20;15.555555555555555;1.4785714285714286
0007;2233;Abbé Grimault;weekend;0 days 09:07:40;1 days 00:57:00;24.0;0.0;1.0;2.0;2.0;5.0;5.0;4.0;5.0;0 days 15:49:20;15.822222222222223;1.5168539325842696
0007;2236;Parc Expo;weekend;0 days 08:21:00;0 days 23:54:16;23.0;0.0;2.0;2.0;2.0;5.0;5.0;4.0;3.0;0 days 15:33:16;15.554444444444444;1.4786770483605973
0007;2237;Aire Libre;weekend;0 days 08:23:37;0 days 23:57:00;23.0;0.0;2.0;2.0;2.0;5.0;5.0;4.0;3.0;0 days 15:33:23;15.55638888888889;1.4784922236308768
0007;2238;Centre Météo;weekend;0 days 08:23:00;0 days 23:56:00;23.0;0.0;2.0;2.0;2.0;5.0;5.0;4.0;3.0;0 days 15:33:00;15.55;1.4790996784565915
0007;2239;Haut Bois;weekday;0 days 05:28:00;0 days 23:58:00;70.0;4.0;9.0;8.0;8.0;14.0;19.0;5.0;3.0;0 days 18:30:00;18.5;3.7837837837837838
0007;2239;Haut Bois;weekend;0 days 05:57:00;1 days 00:00:00;37.0;2.0;4.0;4.0;4.0;8.0;8.5;4.5;3.0;0 days 18:03:00;18.05;2.0498614958448753
0007;2240;St-Jacques Mairie;weekday;0 days 05:28:51;0 days 23:59:00;70.0;3.0;10.0;8.0;8.0;14.0;19.0;5.0;3.0;0 days 18:30:09;18.5025;3.783272530739089
0007;2240;St-Jacques Mairie;weekend;0 days 05:57:51;1 days 00:01:01;37.0;2.0;3.5;4.0;4.0;8.5;8.0;5.0;3.0;0 days 18:03:10;18.052777777777777;2.049546084012925
0007;2241;St-Jacques Mairie;weekday;0 days 05:49:00;1 days 01:48:10;67.4;3.0;19.0;8.0;8.0;11.0;9.0;4.0;5.4;0 days 19:59:10;19.98611111111111;3.37234190410007
0007;2241;St-Jacques Mairie;weekend;0 days 06:08:00;1 days 01:48:10;39.0;2.0;3.5;4.0;5.0;7.5;8.5;4.0;5.5;0 days 19:40:10;19.669444444444444;1.9827707950854399
0007;2242;Centre Météo;weekend;0 days 09:09:00;1 days 00:58:00;24.0;0.0;1.0;2.0;2.0;5.0;5.0;4.0;5.0;0 days 15:49:00;15.816666666666666;1.517386722866175
0007;2243;Aire Libre;weekend;0 days 09:08:00;1 days 00:57:21;24.0;0.0;1.0;2.0;2.0;5.0;5.0;4.0;5.0;0 days 15:49:21;15.8225;1.516827302891452
0007;2244;Parc Expo;weekend;0 days 09:10:44;1 days 01:00:00;24.0;0.0;1.0;2.0;2.0;5.0;5.0;4.0;5.0;0 days 15:49:16;15.821111111111112;1.5169604607065101
0007;2245;Haut Bois;weekday;0 days 05:50:00;1 days 01:49:00;67.4;3.0;18.0;8.0;8.0;12.0;9.0;4.0;5.4;0 days 19:59:00;19.983333333333334;3.3728106755629694
0007;2245;Haut Bois;weekend;0 days 06:09:00;1 days 01:49:00;39.0;2.0;3.5;4.0;4.0;8.5;8.0;4.5;5.5;0 days 19:40:00;19.666666666666668;1.983050847457627
0007;2278;Saint-Jacques - Gaîté;weekday;1 days 01:44:00;1 days 01:44:26;1.0;0.0;0.0;0.0;0.0;0.0;0.0;0.0;1.0;0 days 00:00:26;0.007222222222222222;138.46153846153848
0007;2278;Saint-Jacques - Gaîté;weekend;0 days 09:00:00;1 days 01:44:26;12.5;0.0;1.0;2.0;3.0;4.0;6.0;3.0;3.0;0 days 16:44:26;16.740555555555556;0.7466896757707496
0007;2281;Saint-Jacques - Gaîté;weekday;0 days 05:33:00;1 days 01:44:00;137.4;6.0;28.0;16.0;16.0;25.0;28.0;10.0;8.4;0 days 20:11:00;20.183333333333334;6.807597027250207
0007;2281;Saint-Jacques - Gaîté;weekend;0 days 06:02:00;1 days 01:44:00;76.0;4.0;7.0;8.0;9.0;16.0;17.0;8.0;9.0;0 days 19:42:00;19.7;3.8578680203045685
0007;2288;Jules Vallès;weekend;0 days 09:09:38;1 days 00:59:00;24.0;0.0;1.0;2.0;2.0;5.0;5.0;4.0;5.0;0 days 15:49:22;15.822777777777778;1.5168006741336328
0007;2289;Jules Vallès;weekend;0 days 08:22:00;0 days 23:55:26;23.0;0.0;2.0;2.0;2.0;5.0;5.0;4.0;3.0;0 days 15:33:26;15.557222222222222;1.4784130271756597
0007;2303;Haut Launay;weekday;0 days 05:11:00;0 days 23:41:12;58.2;4.0;10.0;8.0;8.2;12.0;9.0;4.0;3.0;0 days 18:30:12;18.503333333333334;3.1453792109529815
0007;2303;Haut Launay;weekend;0 days 05:41:00;0 days 23:41:12;37.0;3.0;3.5;4.0;4.5;8.5;8.0;4.0;3.0;0 days 18:00:12;18.003333333333334;2.055174967598593
0007;2304;Rabine;weekday;0 days 05:12:54;0 days 23:42:25;58.2;4.0;10.0;8.0;8.2;12.0;9.0;4.0;3.0;0 days 18:29:31;18.491944444444446;3.147316399032612
0007;2304;Rabine;weekend;0 days 05:42:00;0 days 23:42:25;37.0;3.0;3.5;4.0;4.5;8.5;8.0;4.0;3.0;0 days 18:00:25;18.006944444444443;2.0547628229849595
0007;2305;Vert Buisson;weekday;0 days 06:04:00;1 days 02:03:00;59.4;2.0;11.0;8.0;7.0;12.0;9.0;5.0;5.4;0 days 19:59:00;19.983333333333334;2.9724770642201834
0007;2305;Vert Buisson;weekend;0 days 06:22:52;1 days 02:03:00;39.0;2.0;3.5;4.0;4.0;8.0;8.5;4.5;5.5;0 days 19:40:08;19.66888888888889;1.982826799231725
0007;2307;Gavrinis;weekday;0 days 05:16:00;0 days 23:45:00;58.2;4.0;10.0;8.0;8.2;11.0;9.0;5.0;3.0;0 days 18:29:00;18.483333333333334;3.1487826871055002
0007;2307;Gavrinis;weekend;0 days 05:45:00;0 days 23:45:00;37.0;3.0;3.5;4.0;4.0;9.0;8.0;4.0;3.0;0 days 18:00:00;18.0;2.0555555555555554
0007;2308;Croix Madame;weekday;0 days 05:18:32;0 days 23:48:00;58.0;4.0;9.0;9.0;7.5;11.5;9.0;5.0;3.0;0 days 18:29:28;18.49111111111111;3.136642230501142
0007;2308;Croix Madame;weekend;0 days 05:47:32;0 days 23:48:00;37.0;3.0;3.5;4.0;4.0;9.0;8.0;4.0;3.0;0 days 18:00:28;18.00777777777778;2.054667736163386
0007;2309;Ker Lann;weekday;0 days 05:59:00;1 days 01:58:00;67.4;3.0;18.0;8.0;8.0;11.0;9.0;5.0;5.4;0 days 19:59:00;19.983333333333334;3.3728106755629694
0007;2309;Ker Lann;weekend;0 days 06:18:00;1 days 01:58:00;39.0;2.0;3.5;4.0;4.0;8.5;8.0;4.5;5.5;0 days 19:40:00;19.666666666666668;1.983050847457627
0007;2311;Coeur de Campus;weekday;0 days 05:21:00;0 days 23:51:00;70.0;4.0;9.0;8.0;8.0;15.0;18.0;5.0;3.0;0 days 18:30:00;18.5;3.7837837837837838
0007;2311;Coeur de Campus;weekend;0 days 05:50:00;0 days 23:51:00;37.0;3.0;3.5;4.0;4.0;8.0;9.0;4.0;3.0;0 days 18:01:00;18.016666666666666;2.053654024051804
0007;2312;Etangs;weekday;0 days 05:21:58;0 days 23:52:00;70.0;4.0;9.0;8.0;8.0;15.0;18.0;5.0;3.0;0 days 18:30:02;18.500555555555554;3.783670160055254
0007;2312;Etangs;weekend;0 days 05:50:58;0 days 23:52:00;37.0;3.0;3.5;4.0;4.0;8.0;9.0;4.0;3.0;0 days 18:01:02;18.017222222222223;2.0535907002559277
0007;2313;Lande du Pont;weekday;0 days 05:23:00;0 days 23:53:00;70.0;4.0;9.0;8.0;8.0;15.0;18.0;5.0;3.0;0 days 18:30:00;18.5;3.7837837837837838
0007;2313;Lande du Pont;weekend;0 days 05:52:00;0 days 23:53:00;37.0;3.0;3.5;4.0;4.0;8.0;9.0;4.0;3.0;0 days 18:01:00;18.016666666666666;2.053654024051804
0007;2315;Lande du Pont;weekday;0 days 05:56:00;1 days 01:55:00;67.4;3.0;18.0;8.0;8.0;11.0;9.0;5.0;5.4;0 days 19:59:00;19.983333333333334;3.3728106755629694
0007;2315;Lande du Pont;weekend;0 days 06:15:00;1 days 01:55:00;39.0;2.0;3.5;4.0;4.0;8.5;8.0;4.5;5.5;0 days 19:40:00;19.666666666666668;1.983050847457627
0007;2316;Etangs;weekday;0 days 05:56:55;1 days 01:56:00;67.4;3.0;18.0;8.0;8.0;11.0;9.0;5.0;5.4;0 days 19:59:05;19.98472222222222;3.3725762735422897
0007;2316;Etangs;weekend;0 days 06:15:55;1 days 01:56:00;39.0;2.0;3.5;4.0;4.0;8.5;8.0;4.5;5.5;0 days 19:40:05;19.668055555555554;1.982910811383377
0007;2317;Coeur de Campus;weekday;0 days 05:57:37;1 days 01:57:00;67.4;3.0;18.0;8.0;8.0;11.0;9.0;5.0;5.4;0 days 19:59:23;19.989722222222223;3.371732695968762
0007;2317;Coeur de Campus;weekend;0 days 06:16:37;1 days 01:57:00;39.0;2.0;3.5;4.0;4.0;8.5;8.0;4.5;5.5;0 days 19:40:23;19.673055555555557;1.9824068452338928
0007;2319;Ker Lann;weekday;0 days 05:20:00;0 days 23:49:00;70.0;4.0;9.0;8.0;8.0;15.0;18.0;5.0;3.0;0 days 18:29:00;18.483333333333334;3.787195671776375
0007;2319;Ker Lann;weekend;0 days 05:49:00;0 days 23:49:00;37.0;3.0;3.5;4.0;4.0;8.0;9.0;4.0;3.0;0 days 18:00:00;18.0;2.0555555555555554
0007;2320;Croix Madame;weekday;0 days 06:00:51;1 days 02:00:00;58.4;2.0;10.0;8.0;8.0;11.0;9.0;5.0;5.4;0 days 19:59:09;19.985833333333332;2.922069799441271
0007;2320;Croix Madame;weekend;0 days 06:19:51;1 days 02:00:00;39.0;2.0;3.5;4.0;4.0;8.5;8.0;4.5;5.5;0 days 19:40:09;19.669166666666666;1.9827987967631235
0007;2321;Gavrinis;weekday;0 days 06:03:00;1 days 02:02:00;59.4;2.0;11.0;8.0;8.0;11.0;9.0;5.0;5.4;0 days 19:59:00;19.983333333333334;2.9724770642201834
0007;2321;Gavrinis;weekend;0 days 06:22:00;1 days 02:02:00;39.0;2.0;3.5;4.0;4.0;8.5;8.0;4.5;5.5;0 days 19:40:00;19.666666666666668;1.983050847457627
0007;2322;Vert Buisson;weekday;0 days 05:15:00;0 days 23:44:10;58.2;4.0;10.0;8.0;8.2;12.0;8.0;5.0;3.0;0 days 18:29:10;18.48611111111111;3.1483095416979716
0007;2322;Vert Buisson;weekend;0 days 05:44:00;0 days 23:44:10;37.0;3.0;3.5;4.0;4.0;9.0;8.0;4.0;3.0;0 days 18:00:10;18.002777777777776;2.055238389137479
0007;2323;Rabine;weekday;0 days 06:06:00;1 days 02:05:00;59.4;2.0;10.0;8.0;8.0;12.0;9.0;5.0;5.4;0 days 19:59:00;19.983333333333334;2.9724770642201834
0007;2323;Rabine;weekend;0 days 06:24:35;1 days 02:05:00;39.0;1.5;3.25;4.0;4.0;8.5;8.5;4.5;5.5;0 days 19:40:25;19.67361111111111;1.9823508648076245
0007;2324;Haut Launay;weekday;0 days 06:07:39;1 days 02:06:00;59.4;2.0;10.0;8.0;8.0;12.0;9.0;5.0;5.4;0 days 19:58:21;19.9725;2.9740893728877205
0007;2324;Haut Launay;weekend;0 days 06:25:52;1 days 02:06:00;39.0;1.0;3.5;4.0;4.0;8.5;8.5;4.5;5.5;0 days 19:40:08;19.66888888888889;1.982826799231725
0007;2331;Noë;weekday;0 days 06:09:43;1 days 02:08:00;59.4;2.0;10.0;8.0;8.0;12.0;9.0;5.0;5.4;0 days 19:58:17;19.97138888888889;2.974254836780394
0007;2331;Noë;weekend;0 days 06:27:43;1 days 02:08:00;39.0;1.0;3.5;4.0;4.0;8.5;8.0;4.5;6.0;0 days 19:40:17;19.671388888888888;1.9825748054845589
0007;2332;Epalet;weekday;0 days 06:11:00;1 days 02:09:12;59.4;2.0;10.0;8.0;8.0;11.0;10.0;5.0;5.4;0 days 19:58:12;19.97;2.9744616925388083
0007;2332;Epalet;weekend;0 days 06:29:00;1 days 02:09:12;39.0;1.0;3.5;4.0;4.0;8.5;8.0;4.5;6.0;0 days 19:40:12;19.67;1.9827147941026944
0007;2334;Pasteur;weekday;0 days 21:20:00;1 days 02:14:00;7.4;0.0;0.0;0.0;0.0;0.0;0.0;1.0;6.4;0 days 04:54:00;4.9;1.510204081632653
0007;2334;Pasteur;weekend;0 days 09:33:00;1 days 02:14:00;16.0;0.0;1.0;2.0;2.0;5.0;5.0;2.0;6.5;0 days 16:41:00;16.683333333333334;0.959040959040959
0007;2335;Bobinais;weekday;0 days 21:21:00;1 days 02:15:02;7.4;0.0;0.0;0.0;0.0;0.0;0.0;1.0;6.4;0 days 04:54:02;4.900555555555556;1.5100328760911461
0007;2335;Bobinais;weekend;0 days 09:34:00;1 days 02:15:02;16.0;0.0;1.0;2.0;2.0;5.0;5.0;2.0;6.5;0 days 16:41:02;16.683888888888887;0.9590090240085246
0007;2336;Champ Niguel;weekday;0 days 21:22:00;1 days 02:16:14;7.4;0.0;0.0;0.0;0.0;0.0;0.0;1.0;6.4;0 days 04:54:14;4.903888888888889;1.5090064574600657
0007;2336;Champ Niguel;weekend;0 days 09:35:00;1 days 02:16:14;16.0;0.0;1.0;2.0;2.0;4.0;6.0;2.0;6.5;0 days 16:41:14;16.68722222222222;0.9588174584678897
0007;2337;Lavoisier;weekday;0 days 21:23:00;1 days 02:17:00;7.4;0.0;0.0;0.0;0.0;0.0;0.0;1.0;6.4;0 days 04:54:00;4.9;1.510204081632653
0007;2337;Lavoisier;weekend;0 days 09:36:00;1 days 02:17:00;16.0;0.0;1.0;2.0;2.0;4.0;6.0;2.0;6.5;0 days 16:41:00;16.683333333333334;0.959040959040959
0007;2338;Lavoisier;weekday;0 days 04:59:00;0 days 23:29:00;6.0;1.0;0.0;0.0;0.0;0.0;0.0;1.0;4.0;0 days 18:30:00;18.5;0.32432432432432434
0007;2338;Lavoisier;weekend;0 days 05:29:00;0 days 23:29:00;14.0;1.0;3.0;2.0;2.0;5.0;5.0;2.0;3.0;0 days 18:00:00;18.0;0.7777777777777778
0007;2339;Champ Niguel;weekday;0 days 05:00:42;0 days 23:31:00;6.0;2.0;0.0;0.0;0.0;0.0;0.0;1.0;3.0;0 days 18:30:18;18.505;0.3242366927857336
0007;2339;Champ Niguel;weekend;0 days 05:30:42;0 days 23:31:00;14.0;1.0;3.0;2.0;2.0;5.0;5.0;2.0;3.0;0 days 18:00:18;18.005;0.7775617883921133
0007;2340;Bobinais;weekday;0 days 05:01:00;0 days 23:31:27;6.0;2.0;0.0;0.0;0.0;0.0;0.0;1.0;3.0;0 days 18:30:27;18.5075;0.32419289477238955
0007;2340;Bobinais;weekend;0 days 05:31:00;0 days 23:31:27;14.0;1.0;3.0;2.0;2.0;5.0;5.0;2.0;3.0;0 days 18:00:27;18.0075;0.7774538386783285
0007;2341;Pasteur;weekday;0 days 05:02:30;0 days 23:33:00;6.0;2.0;0.0;0.0;0.0;0.0;0.0;1.0;3.0;0 days 18:30:30;18.508333333333333;0.32417829806393517
0007;2341;Pasteur;weekend;0 days 05:32:30;0 days 23:33:00;14.0;1.0;3.0;2.0;2.0;5.0;5.0;2.0;3.0;0 days 18:00:30;18.008333333333333;0.7774178621008793
0007;2343;Epalet;weekday;0 days 05:07:43;0 days 23:38:00;58.2;4.0;10.0;8.0;8.2;12.0;9.0;4.0;3.0;0 days 18:30:17;18.504722222222224;3.1451431316330667
0007;2343;Epalet;weekend;0 days 05:37:43;0 days 23:38:00;37.0;3.0;4.0;4.0;4.5;8.0;8.5;3.5;3.0;0 days 18:00:17;18.004722222222224;2.055016430874616
0007;2344;Noë;weekday;0 days 05:09:00;0 days 23:39:16;58.2;4.0;10.0;8.0;8.2;12.0;9.0;4.0;3.0;0 days 18:30:16;18.504444444444445;3.145190344661943
0007;2344;Noë;weekend;0 days 05:39:00;0 days 23:39:16;37.0;3.0;4.0;4.0;4.5;8.0;8.5;3.5;3.0;0 days 18:00:16;18.004444444444445;2.055048136262651
0007;2348;Victor Hugo;weekday;0 days 06:13:00;1 days 02:11:13;59.4;2.0;10.0;8.0;8.0;11.0;10.0;5.0;5.4;0 days 19:58:13;19.970277777777778;2.9744203190853074
0007;2348;Victor Hugo;weekend;0 days 06:31:00;1 days 02:11:13;39.0;1.0;3.5;4.0;4.0;8.5;8.0;4.5;6.0;0 days 19:40:13;19.670277777777777;1.9826867947975655
0007;2353;Victor Hugo;weekday;0 days 05:05:34;0 days 23:36:00;58.2;4.0;10.0;8.0;8.2;12.0;9.0;4.0;3.0;0 days 18:30:26;18.50722222222222;3.1447182781496714
0007;2353;Victor Hugo;weekend;0 days 05:35:34;0 days 23:36:00;37.0;3.0;4.0;4.0;4.5;8.0;8.5;3.5;3.0;0 days 18:00:26;18.00722222222222;2.0547311263999015
0007;2361;Bruz Centre;weekday;0 days 05:05:00;1 days 02:12:00;117.6;6.0;20.0;16.0;16.2;23.0;19.0;9.0;8.4;0 days 21:07:00;21.116666666666667;5.569060773480663
0007;2361;Bruz Centre;weekend;0 days 05:35:00;1 days 02:12:00;76.0;4.0;7.5;8.0;8.5;16.5;16.5;8.0;9.0;0 days 20:37:00;20.616666666666667;3.6863379143088117
0007;2374;Châteliers;weekday;0 days 06:09:00;1 days 02:07:00;59.4;2.0;10.0;8.0;8.0;12.0;9.0;5.0;5.4;0 days 19:58:00;19.966666666666665;2.974958263772955
0007;2374;Châteliers;weekend;0 days 06:27:00;1 days 02:07:00;39.0;1.0;3.5;4.0;4.0;8.5;8.0;4.5;6.0;0 days 19:40:00;19.666666666666668;1.983050847457627
0007;2375;Châteliers;weekday;0 days 05:10:00;0 days 23:40:00;58.2;4.0;10.0;8.0;8.2;12.0;9.0;4.0;3.0;0 days 18:30:00;18.5;3.1459459459459462
0007;2375;Châteliers;weekend;0 days 05:40:00;0 days 23:40:00;37.0;3.0;3.5;4.0;4.5;8.5;8.0;4.0;3.0;0 days 18:00:00;18.0;2.0555555555555554
0007;2376;Corbières;weekday;0 days 05:17:00;0 days 23:46:05;58.2;4.0;10.0;8.0;8.2;11.0;9.0;5.0;3.0;0 days 18:29:05;18.48472222222222;3.1485460966263434
0007;2376;Corbières;weekend;0 days 05:46:00;0 days 23:46:05;37.0;3.0;3.5;4.0;4.0;9.0;8.0;4.0;3.0;0 days 18:00:05;18.00138888888889;2.0553969601111026
0007;2377;Corbières;weekday;0 days 06:01:55;1 days 02:01:00;59.4;2.0;11.0;8.0;8.0;11.0;9.0;5.0;5.4;0 days 19:59:05;19.98472222222222;2.972270484397804
0007;2377;Corbières;weekend;0 days 06:20:55;1 days 02:01:00;39.0;2.0;3.5;4.0;4.0;8.5;8.0;4.5;5.5;0 days 19:40:05;19.668055555555554;1.982910811383377
0011;2032;Charmilles;weekday;0 days 06:20:45;1 days 00:50:00;74.0;2.0;17.0;8.0;8.0;15.0;17.0;4.0;3.0;0 days 18:29:15;18.4875;4.002704530087897
0011;2033;Bas Village;weekday;0 days 05:45:58;1 days 00:14:00;73.0;4.5;14.5;9.0;8.0;17.0;15.0;2.0;3.0;0 days 18:28:02;18.467222222222222;3.9529496705875276
0011;2034;Forum;weekday;0 days 06:23:00;1 days 00:52:00;74.0;2.0;16.0;9.0;7.0;16.0;17.0;4.0;3.0;0 days 18:29:00;18.483333333333334;4.003606853020739
0011;2035;Forum;weekday;0 days 05:45:00;1 days 00:13:00;73.0;5.0;14.0;9.0;8.0;17.0;15.0;2.0;3.0;0 days 18:28:00;18.466666666666665;3.953068592057762
0011;2036;Bas Village;weekday;0 days 06:22:00;1 days 00:51:08;74.0;2.0;17.0;8.0;8.0;15.0;17.0;4.0;3.0;0 days 18:29:08;18.485555555555557;4.003125563503035
0011;2037;Erbonière;weekday;0 days 06:19:51;1 days 01:51:00;74.4;2.5;16.5;8.0;8.0;15.0;17.0;4.0;3.4;0 days 19:31:09;19.519166666666667;3.8116381334585667
0011;2037;Erbonière;weekend;1 days 00:15:34;1 days 01:51:00;2.0;0.0;0.0;0.0;0.0;0.0;0.0;0.0;2.0;0 days 01:35:26;1.5905555555555555;1.2574222843171499
0011;2061;Charmilles;weekday;0 days 05:47:00;1 days 00:15:20;73.0;4.0;15.0;8.0;9.0;17.0;15.0;2.0;3.0;0 days 18:28:20;18.47222222222222;3.9518796992481207
0011;2062;Rond Point de Bray;weekday;1 days 00:17:00;1 days 01:52:19;2.0;0.0;0.0;0.0;0.0;0.0;0.0;0.0;2.0;0 days 01:35:19;1.5886111111111112;1.2589613568805735
0011;2062;Rond Point de Bray;weekend;1 days 00:17:00;1 days 01:52:19;2.0;0.0;0.0;0.0;0.0;0.0;0.0;0.0;2.0;0 days 01:35:19;1.5886111111111112;1.2589613568805735
0011;2063;Monniais;weekday;1 days 00:18:00;1 days 01:53:00;2.0;0.0;0.0;0.0;0.0;0.0;0.0;0.0;2.0;0 days 01:35:00;1.5833333333333333;1.2631578947368423
0011;2063;Monniais;weekend;1 days 00:18:00;1 days 01:53:00;2.0;0.0;0.0;0.0;0.0;0.0;0.0;0.0;2.0;0 days 01:35:00;1.5833333333333333;1.2631578947368423
0011;2064;Peupliers;weekday;1 days 00:19:00;1 days 01:54:20;2.0;0.0;0.0;0.0;0.0;0.0;0.0;0.0;2.0;0 days 01:35:20;1.5888888888888888;1.2587412587412588
0011;2064;Peupliers;weekend;1 days 00:19:00;1 days 01:54:20;2.0;0.0;0.0;0.0;0.0;0.0;0.0;0.0;2.0;0 days 01:35:20;1.5888888888888888;1.2587412587412588
0011;2065;Cesson Gare;weekday;1 days 00:20:00;1 days 01:55:22;2.0;0.0;0.0;0.0;0.0;0.0;0.0;0.0;2.0;0 days 01:35:22;1.5894444444444444;1.258301293254107
0011;2065;Cesson Gare;weekend;1 days 00:20:00;1 days 01:55:22;2.0;0.0;0.0;0.0;0.0;0.0;0.0;0.0;2.0;0 days 01:35:22;1.5894444444444444;1.258301293254107
0011;2086;Bordage;weekday;1 days 00:21:00;1 days 01:56:00;2.0;0.0;0.0;0.0;0.0;0.0;0.0;0.0;2.0;0 days 01:35:00;1.5833333333333333;1.2631578947368423
0011;2086;Bordage;weekend;1 days 00:21:00;1 days 01:56:00;2.0;0.0;0.0;0.0;0.0;0.0;0.0;0.0;2.0;0 days 01:35:00;1.5833333333333333;1.2631578947368423
0011;2102;Erbonière;weekday;0 days 05:48:00;1 days 00:16:10;73.0;4.0;15.0;8.0;9.0;16.0;16.0;2.0;3.0;0 days 18:28:10;18.469444444444445;3.9524740562490597
0011;2122;Buisson;weekday;0 days 05:49:00;1 days 00:17:02;73.0;4.0;15.0;8.0;9.0;16.0;16.0;2.0;3.0;0 days 18:28:02;18.467222222222222;3.9529496705875276
0011;2123;Buisson;weekday;0 days 06:18:58;1 days 01:50:00;74.4;3.0;16.0;8.0;8.0;15.5;16.5;4.0;3.4;0 days 19:31:02;19.517222222222223;3.8120178759500156
0011;2123;Buisson;weekend;1 days 00:14:48;1 days 01:50:00;2.0;0.0;0.0;0.0;0.0;0.0;0.0;0.0;2.0;0 days 01:35:12;1.5866666666666667;1.2605042016806722
0011;2161;Rigourdière;weekday;1 days 00:23:00;1 days 01:58:00;2.0;0.0;0.0;0.0;0.0;0.0;0.0;0.0;2.0;0 days 01:35:00;1.5833333333333333;1.2631578947368423
0011;2161;Rigourdière;weekend;1 days 00:23:00;1 days 01:58:00;2.0;0.0;0.0;0.0;0.0;0.0;0.0;0.0;2.0;0 days 01:35:00;1.5833333333333333;1.2631578947368423
0011;2164;Chêne Morand;weekday;0 days 06:21:00;1 days 00:50:21;74.0;2.0;17.0;8.0;8.0;15.0;17.0;4.0;3.0;0 days 18:29:21;18.489166666666666;4.002343714787939
0011;2165;Chêne Morand;weekday;0 days 05:46:41;1 days 00:15:00;73.0;4.0;15.0;8.5;8.5;17.0;15.0;2.0;3.0;0 days 18:28:19;18.471944444444443;3.9519391269041644
0011;3014;Breillou;weekday;0 days 05:44:00;1 days 00:12:21;73.0;5.0;15.0;8.0;8.0;17.0;15.0;2.0;3.0;0 days 18:28:21;18.4725;3.9518202733793477
0011;3015;Breillou;weekday;0 days 06:23:42;1 days 00:53:00;74.0;2.0;16.0;8.5;7.5;16.0;17.0;4.0;3.0;0 days 18:29:18;18.488333333333333;4.002524114306319
0011;3751;ZI Ouest;weekday;0 days 06:22:00;1 days 00:52:00;108.0;5.0;26.0;8.0;8.0;20.0;29.0;6.0;6.0;0 days 18:30:00;18.5;5.837837837837838
0011;3751;ZI Ouest;weekend;0 days 06:02:00;1 days 00:52:00;76.5;3.0;11.0;10.0;11.0;17.0;14.5;5.5;6.0;0 days 18:50:00;18.833333333333332;4.061946902654867
0011;3752;Trois Marches;weekday;0 days 06:26:42;1 days 00:02:00;53.0;3.0;12.0;4.0;4.0;11.0;14.0;2.0;3.0;0 days 17:35:18;17.588333333333335;3.0133611295366243
0011;3752;Trois Marches;weekend;0 days 06:03:42;1 days 00:02:00;38.0;2.0;5.75;5.25;5.5;7.75;7.25;2.5;3.0;0 days 17:58:18;17.971666666666668;2.1144393953445237
0011;3753;Trois Marches;weekday;0 days 06:21:00;1 days 00:51:15;55.0;2.0;14.0;4.0;4.0;9.0;15.0;4.0;3.0;0 days 18:30:15;18.504166666666666;2.972303535239811
0011;3753;Trois Marches;weekend;0 days 06:39:00;1 days 00:51:15;38.5;1.0;5.0;5.0;5.5;8.5;7.5;3.5;3.0;0 days 18:12:15;18.204166666666666;2.114900434882124
0011;3768;Marais;weekday;0 days 06:20:00;1 days 00:50:00;55.0;2.0;14.0;4.0;4.0;9.0;15.0;4.0;3.0;0 days 18:30:00;18.5;2.972972972972973
0011;3768;Marais;weekend;0 days 06:38:00;1 days 00:50:00;38.5;1.0;5.0;5.0;5.5;8.5;7.5;3.5;3.0;0 days 18:12:00;18.2;2.1153846153846154
0011;3769;Marais;weekday;0 days 06:28:00;1 days 00:03:00;53.0;3.0;12.0;4.0;4.0;11.0;14.0;2.0;3.0;0 days 17:35:00;17.583333333333332;3.014218009478673
0011;3769;Marais;weekend;0 days 06:05:00;1 days 00:03:00;38.0;2.0;5.5;5.0;5.5;8.0;7.5;2.5;3.0;0 days 17:58:00;17.966666666666665;2.1150278293135436
0011;4151;Anjou;weekday;1 days 00:37:00;1 days 02:12:00;2.0;0.0;0.0;0.0;0.0;0.0;0.0;0.0;2.0;0 days 01:35:00;1.5833333333333333;1.2631578947368423
0011;4151;Anjou;weekend;1 days 00:37:00;1 days 02:12:00;2.0;0.0;0.0;0.0;0.0;0.0;0.0;0.0;2.0;0 days 01:35:00;1.5833333333333333;1.2631578947368423
0011;4157;Pâtis;weekday;1 days 00:31:38;1 days 02:07:00;2.0;0.0;0.0;0.0;0.0;0.0;0.0;0.0;2.0;0 days 01:35:22;1.5894444444444444;1.258301293254107
0011;4157;Pâtis;weekend;1 days 00:31:38;1 days 02:07:00;2.0;0.0;0.0;0.0;0.0;0.0;0.0;0.0;2.0;0 days 01:35:22;1.5894444444444444;1.258301293254107
0011;4158;Destiers;weekday;1 days 00:33:00;1 days 02:08:00;2.0;0.0;0.0;0.0;0.0;0.0;0.0;0.0;2.0;0 days 01:35:00;1.5833333333333333;1.2631578947368423
0011;4158;Destiers;weekend;1 days 00:33:00;1 days 02:08:00;2.0;0.0;0.0;0.0;0.0;0.0;0.0;0.0;2.0;0 days 01:35:00;1.5833333333333333;1.2631578947368423
0011;4159;Provence;weekday;1 days 00:33:59;1 days 02:09:00;2.0;0.0;0.0;0.0;0.0;0.0;0.0;0.0;2.0;0 days 01:35:01;1.583611111111111;1.2629363269601825
0011;4159;Provence;weekend;1 days 00:33:59;1 days 02:09:00;2.0;0.0;0.0;0.0;0.0;0.0;0.0;0.0;2.0;0 days 01:35:01;1.583611111111111;1.2629363269601825
0011;4160;Saules;weekday;1 days 00:35:00;1 days 02:10:24;2.0;0.0;0.0;0.0;0.0;0.0;0.0;0.0;2.0;0 days 01:35:24;1.59;1.2578616352201257
0011;4160;Saules;weekend;1 days 00:35:00;1 days 02:10:24;2.0;0.0;0.0;0.0;0.0;0.0;0.0;0.0;2.0;0 days 01:35:24;1.59;1.2578616352201257
0011;4161;Mainguère;weekday;1 days 00:36:00;1 days 02:11:10;2.0;0.0;0.0;0.0;0.0;0.0;0.0;0.0;2.0;0 days 01:35:10;1.586111111111111;1.2609457092819616
0011;4161;Mainguère;weekend;1 days 00:36:00;1 days 02:11:10;2.0;0.0;0.0;0.0;0.0;0.0;0.0;0.0;2.0;0 days 01:35:10;1.586111111111111;1.2609457092819616
0011;4163;Turbanière;weekday;1 days 00:31:00;1 days 02:06:14;2.0;0.0;0.0;0.0;0.0;0.0;0.0;0.0;2.0;0 days 01:35:14;1.5872222222222223;1.2600630031501574
0011;4163;Turbanière;weekend;1 days 00:31:00;1 days 02:06:14;2.0;0.0;0.0;0.0;0.0;0.0;0.0;0.0;2.0;0 days 01:35:14;1.5872222222222223;1.2600630031501574
0012;2803;La Plesse;weekday;0 days 06:45:00;0 days 22:46:10;57.0;1.0;10.5;8.0;8.0;11.5;12.0;5.0;1.0;0 days 16:01:10;16.019444444444446;3.558175827986821
0012;2803;La Plesse;weekend;0 days 06:44:00;0 days 22:46:10;32.0;1.0;4.5;4.0;4.0;7.5;7.0;3.5;1.0;0 days 16:02:10;16.03611111111111;1.9954962757664991
0012;2815;La Plesse;weekday;0 days 06:11:53;0 days 22:14:00;57.0;2.0;11.0;8.0;8.0;12.0;12.0;3.0;1.0;0 days 16:02:07;16.03527777777778;3.554662462972266
0012;2815;La Plesse;weekend;0 days 06:11:30;0 days 22:14:00;32.0;2.0;4.5;4.0;4.0;7.5;7.5;2.5;1.0;0 days 16:02:30;16.041666666666668;1.9948051948051946
0012;2826;Grand Quartier;weekday;0 days 06:10:00;0 days 22:12:00;57.0;2.0;11.0;8.0;8.0;13.0;11.0;3.0;1.0;0 days 16:02:00;16.033333333333335;3.5550935550935545
0012;2826;Grand Quartier;weekend;0 days 06:10:00;0 days 22:12:00;32.0;2.0;4.5;4.0;4.0;7.5;7.5;2.5;1.0;0 days 16:02:00;16.033333333333335;1.9958419958419957
0012;2854;Grand Quartier;weekday;0 days 06:47:00;0 days 22:48:00;57.0;1.0;10.0;8.0;8.0;12.0;12.0;5.0;1.0;0 days 16:01:00;16.016666666666666;3.558792924037461
0012;2854;Grand Quartier;weekend;0 days 06:46:00;0 days 22:48:00;32.0;1.0;4.5;3.5;4.0;7.5;7.5;3.5;1.0;0 days 16:02:00;16.033333333333335;1.9958419958419957
0012;2863;Cerisaie;weekday;0 days 06:45:50;0 days 22:47:00;57.0;1.0;10.0;8.0;8.0;12.0;12.0;5.0;1.0;0 days 16:01:10;16.019444444444446;3.558175827986821
0012;2863;Cerisaie;weekend;0 days 06:44:50;0 days 22:47:00;32.0;1.0;4.5;4.0;4.0;7.5;7.0;3.5;1.0;0 days 16:02:10;16.03611111111111;1.9954962757664991
0012;2864;Cerisaie;weekday;0 days 06:10:51;0 days 22:13:00;57.0;2.0;11.0;8.0;8.0;13.0;11.0;3.0;1.0;0 days 16:02:09;16.035833333333333;3.5545393129969343
0012;2864;Cerisaie;weekend;0 days 06:10:40;0 days 22:13:00;32.0;2.0;4.5;4.0;4.0;7.5;7.5;2.5;1.0;0 days 16:02:20;16.038888888888888;1.995150675441635
0013;2201;Morinais;weekday;0 days 06:34:59;0 days 20:24:00;39.0;2.0;9.5;4.0;3.5;8.0;11.0;1.0;0.0;0 days 13:49:01;13.816944444444445;2.8226211777004884
0013;2201;Morinais;weekend;0 days 07:03:00;0 days 20:24:00;40.0;0.0;6.0;4.0;5.5;11.0;12.5;1.0;0.0;0 days 13:21:00;13.35;2.9962546816479403
0013;2202;Collège Jean Moulin;weekday;0 days 06:35:39;0 days 20:25:00;39.0;2.0;9.0;4.0;4.0;8.0;10.5;1.5;0.0;0 days 13:49:21;13.8225;2.821486706456864
0013;2202;Collège Jean Moulin;weekend;0 days 07:03:59;0 days 20:25:00;40.0;0.0;6.0;4.0;5.0;11.0;13.0;1.0;0.0;0 days 13:21:01;13.350277777777778;2.9961923389026444
0013;2203;Médiathèque;weekday;0 days 07:03:00;0 days 21:19:11;41.0;0.0;10.0;4.0;3.0;9.0;12.0;3.0;0.0;0 days 14:16:11;14.269722222222223;2.873216406143544
0013;2203;Médiathèque;weekend;0 days 07:35:57;0 days 21:19:11;40.0;0.0;5.0;4.0;4.0;11.0;13.0;3.0;0.0;0 days 13:43:14;13.720555555555556;2.9153338462161393
0013;2204;Jean Marin;weekday;0 days 06:37:00;0 days 20:26:16;39.0;2.0;9.0;4.0;4.0;8.0;10.0;2.0;0.0;0 days 13:49:16;13.821111111111112;2.8217702387651737
0013;2204;Jean Marin;weekend;0 days 07:05:00;0 days 20:26:16;40.0;0.0;6.0;4.0;5.0;11.0;13.0;1.0;0.0;0 days 13:21:16;13.354444444444445;2.9952575089441718
0013;2206;Maltière;weekday;0 days 06:40:54;0 days 20:29:19;39.0;2.0;9.0;4.0;4.0;7.0;11.0;2.0;0.0;0 days 13:48:25;13.806944444444444;2.8246655266069816
0013;2206;Maltière;weekend;0 days 07:08:00;0 days 20:29:19;40.0;0.0;6.0;4.0;5.0;11.0;13.0;1.0;0.0;0 days 13:21:19;13.355277777777777;2.9950706129495206
0013;2207;Lilas;weekday;0 days 06:56:41;0 days 21:13:00;54.0;1.0;11.0;8.0;8.0;11.5;11.5;3.0;0.0;0 days 14:16:19;14.271944444444445;3.783647015317542
0013;2207;Lilas;weekend;0 days 07:30:41;0 days 21:13:00;40.0;0.0;5.0;4.0;5.0;10.0;13.0;3.0;0.0;0 days 13:42:19;13.705277777777777;2.9185836761993555
0013;2210;Lilas;weekday;0 days 06:44:37;0 days 20:33:00;53.0;1.5;11.5;8.0;7.0;12.0;11.0;2.0;0.0;0 days 13:48:23;13.80638888888889;3.838802486771422
0013;2210;Lilas;weekend;0 days 07:11:59;0 days 20:33:00;40.0;0.0;6.0;3.0;6.0;11.0;12.0;2.0;0.0;0 days 13:21:01;13.350277777777778;2.9961923389026444
0013;2211;Maltière;weekday;0 days 06:59:57;0 days 21:16:00;41.0;1.0;9.5;4.0;3.0;9.0;12.0;3.0;0.0;0 days 14:16:03;14.2675;2.8736639214999125
0013;2211;Maltière;weekend;0 days 07:33:00;0 days 21:16:00;40.0;0.0;5.0;4.0;4.0;11.0;13.0;3.0;0.0;0 days 13:43:00;13.716666666666667;2.916160388821385
0013;2213;Jean Marin;weekday;0 days 07:02:00;0 days 21:18:26;41.0;0.0;10.0;4.0;3.0;9.0;12.0;3.0;0.0;0 days 14:16:26;14.273888888888889;2.8723776904215157
0013;2213;Jean Marin;weekend;0 days 07:35:00;0 days 21:18:26;40.0;0.0;5.0;4.0;4.0;11.0;13.0;3.0;0.0;0 days 13:43:26;13.723888888888888;2.9146257539570093
0013;2214;Médiathèque;weekday;0 days 06:36:00;0 days 20:25:26;39.0;2.0;9.0;4.0;4.0;8.0;10.0;2.0;0.0;0 days 13:49:26;13.823888888888888;2.8212032311216495
0013;2214;Médiathèque;weekend;0 days 07:04:39;0 days 20:25:26;40.0;0.0;6.0;4.0;5.0;11.0;13.0;1.0;0.0;0 days 13:20:47;13.346388888888889;2.9970653734884594
0013;2215;Collège Jean Moulin;weekday;0 days 07:03:47;0 days 21:20:00;41.0;0.0;10.0;4.0;3.0;9.0;12.0;3.0;0.0;0 days 14:16:13;14.270277777777778;2.8731045490822025
0013;2215;Collège Jean Moulin;weekend;0 days 07:36:00;0 days 21:20:00;40.0;0.0;5.0;4.0;4.0;11.0;13.0;3.0;0.0;0 days 13:44:00;13.733333333333333;2.912621359223301
0013;2217;25 Fusillés;weekday;0 days 06:54:00;0 days 21:10:08;54.0;1.0;12.0;7.0;8.0;12.0;12.0;2.0;0.0;0 days 14:16:08;14.268888888888888;3.7844572496495874
0013;2217;25 Fusillés;weekend;0 days 07:28:00;0 days 21:10:08;40.0;0.0;5.0;4.0;5.0;10.5;12.5;3.0;0.0;0 days 13:42:08;13.702222222222222;2.9192345118391176
0013;2223;Abbé Grimault;weekday;0 days 06:31:00;0 days 20:20:00;39.0;2.0;10.0;4.0;3.0;8.0;11.0;1.0;0.0;0 days 13:49:00;13.816666666666666;2.8226779252110976
0013;2223;Abbé Grimault;weekend;0 days 07:00:00;0 days 20:20:00;40.0;0.0;6.0;4.0;6.0;11.0;12.0;1.0;0.0;0 days 13:20:00;13.333333333333334;3.0
0013;2224;Morinais;weekday;0 days 07:04:00;0 days 21:20:14;41.0;0.0;10.0;3.5;3.5;9.0;12.0;3.0;0.0;0 days 14:16:14;14.270555555555555;2.8730486238174953
0013;2224;Morinais;weekend;0 days 07:36:47;0 days 21:20:14;40.0;0.0;5.0;4.0;4.0;11.0;13.0;3.0;0.0;0 days 13:43:27;13.724166666666667;2.9145667617948874
0013;2233;Abbé Grimault;weekday;0 days 07:07:00;0 days 21:23:00;41.0;0.0;10.0;3.0;4.0;8.0;13.0;3.0;0.0;0 days 14:16:00;14.266666666666667;2.8738317757009346
0013;2233;Abbé Grimault;weekend;0 days 07:39:00;0 days 21:23:00;40.0;0.0;5.0;4.0;4.0;10.0;14.0;3.0;0.0;0 days 13:44:00;13.733333333333333;2.912621359223301
0013;2236;Parc Expo;weekday;0 days 06:26:57;0 days 20:16:27;39.0;3.0;9.0;4.0;4.0;7.0;11.0;1.0;0.0;0 days 13:49:30;13.825;2.820976491862568
0013;2236;Parc Expo;weekend;0 days 06:56:00;0 days 20:16:27;40.0;1.0;5.0;4.0;6.0;11.0;12.0;1.0;0.0;0 days 13:20:27;13.340833333333334;2.9983134486851144
0013;2237;Aire Libre;weekday;0 days 06:29:56;0 days 20:19:00;39.0;2.5;9.5;4.0;3.5;7.5;11.0;1.0;0.0;0 days 13:49:04;13.817777777777778;2.8224509488581537
0013;2237;Aire Libre;weekend;0 days 06:58:56;0 days 20:19:00;40.0;1.0;5.0;4.0;6.0;11.0;12.0;1.0;0.0;0 days 13:20:04;13.334444444444445;2.999750020831597
0013;2238;Centre Météo;weekday;0 days 06:29:00;0 days 20:18:00;39.0;3.0;9.0;4.0;4.0;7.0;11.0;1.0;0.0;0 days 13:49:00;13.816666666666666;2.8226779252110976
0013;2238;Centre Météo;weekend;0 days 06:58:00;0 days 20:18:00;40.0;1.0;5.0;4.0;6.0;11.0;12.0;1.0;0.0;0 days 13:20:00;13.333333333333334;3.0
0013;2242;Centre Météo;weekday;0 days 07:09:00;0 days 21:25:00;41.0;0.0;10.0;3.0;4.0;8.0;13.0;3.0;0.0;0 days 14:16:00;14.266666666666667;2.8738317757009346
0013;2242;Centre Météo;weekend;0 days 07:40:00;0 days 21:25:00;40.0;0.0;5.0;4.0;4.0;10.0;13.0;4.0;0.0;0 days 13:45:00;13.75;2.909090909090909
0013;2243;Aire Libre;weekday;0 days 07:08:00;0 days 21:24:01;41.0;0.0;10.0;3.0;4.0;8.0;13.0;3.0;0.0;0 days 14:16:01;14.266944444444444;2.8737758221218432
0013;2243;Aire Libre;weekend;0 days 07:39:31;0 days 21:24:01;40.0;0.0;5.0;4.0;4.0;10.0;14.0;3.0;0.0;0 days 13:44:30;13.741666666666667;2.9108550636749544
0013;2244;Parc Expo;weekday;0 days 07:10:39;0 days 21:27:00;41.0;0.0;9.0;4.0;4.0;8.0;13.0;3.0;0.0;0 days 14:16:21;14.2725;2.872657207917323
0013;2244;Parc Expo;weekend;0 days 07:41:39;0 days 21:27:00;40.0;0.0;5.0;4.0;4.0;10.0;13.0;4.0;0.0;0 days 13:45:21;13.755833333333333;2.9078572726722
0013;2263;Jean Jaurès;weekday;0 days 06:38:00;0 days 20:27:00;39.0;2.0;9.0;4.0;4.0;8.0;10.0;2.0;0.0;0 days 13:49:00;13.816666666666666;2.8226779252110976
0013;2263;Jean Jaurès;weekend;0 days 07:06:00;0 days 20:27:00;40.0;0.0;6.0;4.0;5.0;11.0;13.0;1.0;0.0;0 days 13:21:00;13.35;2.9962546816479403
0013;2264;Jean Jaurès;weekday;0 days 07:02:00;0 days 21:18:00;41.0;0.0;10.0;4.0;3.0;9.0;12.0;3.0;0.0;0 days 14:16:00;14.266666666666667;2.8738317757009346
0013;2264;Jean Jaurès;weekend;0 days 07:35:00;0 days 21:18:00;40.0;0.0;5.0;4.0;4.0;11.0;13.0;3.0;0.0;0 days 13:43:00;13.716666666666667;2.916160388821385
0013;2271;25 Fusillés;weekday;0 days 06:46:53;0 days 20:36:00;53.0;1.0;12.0;7.5;7.5;12.0;11.0;2.0;0.0;0 days 13:49:07;13.81861111111111;3.8354071602307678
0013;2271;25 Fusillés;weekend;0 days 07:14:40;0 days 20:36:00;40.0;0.0;6.0;3.0;6.0;11.0;12.0;2.0;0.0;0 days 13:21:20;13.355555555555556;2.995008319467554
0013;2273;Jean Pont;weekday;0 days 06:55:00;0 days 21:11:15;54.0;1.0;12.0;7.0;8.0;12.0;12.0;2.0;0.0;0 days 14:16:15;14.270833333333334;3.783941605839416
0013;2273;Jean Pont;weekend;0 days 07:29:00;0 days 21:11:15;40.0;0.0;5.0;4.0;5.0;10.0;13.0;3.0;0.0;0 days 13:42:15;13.704166666666667;2.9188203101246577
0013;2274;Jean Pont;weekday;0 days 06:45:52;0 days 20:34:27;53.0;1.0;12.0;8.0;7.0;12.0;11.0;2.0;0.0;0 days 13:48:35;13.809722222222222;3.8378758925877503
0013;2274;Jean Pont;weekend;0 days 07:13:00;0 days 20:34:27;40.0;0.0;6.0;3.0;6.0;11.0;12.0;2.0;0.0;0 days 13:21:27;13.3575;2.994572337638031
0013;2278;Saint-Jacques - Gaîté;weekday;0 days 06:58:00;0 days 21:14:00;41.0;1.0;9.0;4.0;3.0;9.0;12.0;3.0;0.0;0 days 14:16:00;14.266666666666667;2.8738317757009346
0013;2278;Saint-Jacques - Gaîté;weekend;0 days 07:32:00;0 days 21:14:00;40.0;0.0;5.0;4.0;5.0;10.0;13.0;3.0;0.0;0 days 13:42:00;13.7;2.9197080291970803
0013;2284;Saint-Jacques - Gaîté;weekday;0 days 06:43:00;0 days 20:31:00;66.0;2.0;13.0;12.0;12.0;14.0;11.0;2.0;0.0;0 days 13:48:00;13.8;4.782608695652174
0013;2284;Saint-Jacques - Gaîté;weekend;0 days 07:10:00;0 days 20:31:00;40.0;0.0;6.0;4.0;5.0;11.0;12.0;2.0;0.0;0 days 13:21:00;13.35;2.9962546816479403
0013;2288;Jules Vallès;weekday;0 days 07:09:36;0 days 21:26:00;41.0;0.0;9.5;3.5;4.0;8.0;13.0;3.0;0.0;0 days 14:16:24;14.273333333333333;2.8724894908921064
0013;2288;Jules Vallès;weekend;0 days 07:40:36;0 days 21:26:00;40.0;0.0;5.0;4.0;4.0;10.0;13.0;4.0;0.0;0 days 13:45:24;13.756666666666666;2.9076811243033682
0013;2289;Jules Vallès;weekday;0 days 06:28:00;0 days 20:17:29;39.0;3.0;9.0;4.0;4.0;7.0;11.0;1.0;0.0;0 days 13:49:29;13.824722222222222;2.821033173260463
0013;2289;Jules Vallès;weekend;0 days 06:57:32;0 days 20:17:29;40.0;1.0;5.0;4.0;6.0;11.0;12.0;1.0;0.0;0 days 13:19:57;13.3325;3.0001875117194827
0013;2314;Porte de Ker Lann;weekday;0 days 06:25:00;0 days 21:28:00;80.0;3.0;18.0;8.0;8.0;15.0;24.0;4.0;0.0;0 days 15:03:00;15.05;5.3156146179401995
0013;2314;Porte de Ker Lann;weekend;0 days 06:55:00;0 days 21:28:00;80.0;1.0;10.0;8.0;10.0;21.0;25.0;5.0;0.0;0 days 14:33:00;14.55;5.498281786941581
0013;3003;Bourgogne;weekday;0 days 07:20:00;0 days 21:07:21;53.0;0.0;10.0;8.0;8.0;11.0;12.0;4.0;0.0;0 days 13:47:21;13.789166666666667;3.8435970266513566
0013;3003;Bourgogne;weekend;0 days 07:43:47;0 days 21:07:21;40.0;0.0;5.0;3.0;4.0;11.0;13.0;4.0;0.0;0 days 13:23:34;13.392777777777777;2.986684365536981
0013;3006;Chantepie Mairie;weekday;0 days 06:24:59;0 days 20:40:00;54.0;3.0;12.0;7.0;8.0;12.0;11.0;1.0;0.0;0 days 14:15:01;14.250277777777777;3.7893998167677045
0013;3006;Chantepie Mairie;weekend;0 days 06:59:59;0 days 20:40:00;40.0;1.0;5.5;4.0;6.0;12.0;11.0;1.0;0.0;0 days 13:40:01;13.666944444444445;2.92676978110201
0013;3007;Loges;weekday;0 days 06:26:00;0 days 20:41:00;54.0;3.0;12.0;7.0;8.0;12.0;11.0;1.0;0.0;0 days 14:15:00;14.25;3.789473684210526
0013;3007;Loges;weekend;0 days 07:01:00;0 days 20:41:00;40.0;0.0;6.0;4.0;6.0;12.0;11.0;1.0;0.0;0 days 13:40:00;13.666666666666666;2.926829268292683
0013;3008;Loges;weekday;0 days 07:17:00;0 days 21:04:00;53.0;0.0;10.0;8.0;8.0;11.0;12.0;4.0;0.0;0 days 13:47:00;13.783333333333333;3.845223700120919
0013;3008;Loges;weekend;0 days 07:41:00;0 days 21:04:00;40.0;0.0;5.0;3.0;4.0;12.0;12.0;4.0;0.0;0 days 13:23:00;13.383333333333333;2.9887920298879203
0013;3009;Chantepie Mairie;weekday;0 days 07:18:00;0 days 21:05:07;53.0;0.0;10.0;8.0;8.0;11.0;12.0;4.0;0.0;0 days 13:47:07;13.785277777777777;3.8446813226670966
0013;3009;Chantepie Mairie;weekend;0 days 07:41:57;0 days 21:05:07;40.0;0.0;5.0;3.0;4.0;11.0;13.0;4.0;0.0;0 days 13:23:10;13.386111111111111;2.988171819879643
0013;3011;Hallouvry;weekday;0 days 06:22:00;0 days 20:37:15;54.0;3.0;12.0;7.0;9.0;12.0;10.0;1.0;0.0;0 days 14:15:15;14.254166666666666;3.7883659748611516
0013;3011;Hallouvry;weekend;0 days 06:57:00;0 days 20:37:15;40.0;1.0;5.0;5.0;5.0;12.0;11.0;1.0;0.0;0 days 13:40:15;13.670833333333333;2.925937214263944
0013;3012;Bourgogne;weekday;0 days 06:22:53;0 days 20:38:00;54.0;3.0;12.0;7.0;9.0;12.0;10.0;1.0;0.0;0 days 14:15:07;14.251944444444444;3.7889566725787907
0013;3012;Bourgogne;weekend;0 days 06:57:53;0 days 20:38:00;40.0;1.0;5.0;5.0;5.0;12.0;11.0;1.0;0.0;0 days 13:40:07;13.668611111111112;2.9264129087324973
0013;3016;Cucé;weekday;0 days 06:20:00;0 days 21:10:00;107.0;3.0;22.0;15.0;16.0;24.0;22.0;5.0;0.0;0 days 14:50:00;14.833333333333334;7.213483146067415
0013;3016;Cucé;weekend;0 days 06:55:00;0 days 21:10:00;80.0;1.0;10.0;8.0;9.0;23.0;24.0;5.0;0.0;0 days 14:15:00;14.25;5.614035087719298
0013;3017;EDEFS;weekday;0 days 07:21:54;0 days 21:09:00;53.0;0.0;10.0;8.0;8.0;11.0;12.0;4.0;0.0;0 days 13:47:06;13.785;3.844758795792528
0013;3017;EDEFS;weekend;0 days 07:45:00;0 days 21:09:00;40.0;0.0;5.0;3.0;4.0;11.0;13.0;4.0;0.0;0 days 13:24:00;13.4;2.9850746268656714
0013;3018;Rocade Sud;weekday;0 days 06:29:00;0 days 20:44:00;54.0;2.0;13.0;7.0;8.0;12.0;11.0;1.0;0.0;0 days 14:15:00;14.25;3.789473684210526
0013;3018;Rocade Sud;weekend;0 days 07:04:00;0 days 20:44:00;40.0;0.0;6.0;4.0;6.0;11.0;12.0;1.0;0.0;0 days 13:40:00;13.666666666666666;2.926829268292683
0013;3019;Val Blanc;weekday;0 days 06:30:32;0 days 20:45:17;54.0;2.0;13.0;7.0;8.0;12.0;11.0;1.0;0.0;0 days 14:14:45;14.245833333333334;3.7905820415326117
0013;3019;Val Blanc;weekend;0 days 07:05:00;0 days 20:45:17;40.0;0.0;6.0;4.0;6.0;11.0;12.0;1.0;0.0;0 days 13:40:17;13.671388888888888;2.9258183148099235
0013;3020;Val Blanc;weekday;0 days 07:12:42;0 days 21:01:00;53.0;0.0;11.0;8.0;7.0;11.0;12.5;3.5;0.0;0 days 13:48:18;13.805;3.839188699746469
0013;3020;Val Blanc;weekend;0 days 07:37:57;0 days 21:01:00;40.0;0.0;5.0;3.0;5.0;11.0;12.0;4.0;0.0;0 days 13:23:03;13.384166666666667;2.9886059398543052
0013;3021;Rocade Sud;weekday;0 days 07:14:00;0 days 21:02:00;53.0;0.0;11.0;8.0;7.0;11.0;12.0;4.0;0.0;0 days 13:48:00;13.8;3.8405797101449273
0013;3021;Rocade Sud;weekend;0 days 07:39:00;0 days 21:02:00;40.0;0.0;5.0;3.0;5.0;11.0;12.0;4.0;0.0;0 days 13:23:00;13.383333333333333;2.9887920298879203
0013;3022;Hallouvry;weekday;0 days 07:21:00;0 days 21:08:15;53.0;0.0;10.0;8.0;8.0;11.0;12.0;4.0;0.0;0 days 13:47:15;13.7875;3.844061650045331
0013;3022;Hallouvry;weekend;0 days 07:44:33;0 days 21:08:15;40.0;0.0;5.0;3.0;4.0;11.0;13.0;4.0;0.0;0 days 13:23:42;13.395;2.9861888764464353
0013;3023;EDEFS;weekday;0 days 06:21:00;0 days 20:36:18;54.0;3.0;12.0;7.0;9.0;12.0;10.0;1.0;0.0;0 days 14:15:18;14.255;3.7881445106980003
0013;3023;EDEFS;weekend;0 days 06:56:00;0 days 20:36:18;40.0;1.0;5.0;5.0;5.0;12.0;11.0;1.0;0.0;0 days 13:40:18;13.671666666666667;2.9257588687065708
0013;3037;Chantepie Eglise;weekday;0 days 06:24:00;0 days 20:39:23;54.0;3.0;12.0;7.0;8.0;12.0;11.0;1.0;0.0;0 days 14:15:23;14.256388888888889;3.7877754612941565
0013;3037;Chantepie Eglise;weekend;0 days 06:59:00;0 days 20:39:23;40.0;1.0;5.0;4.0;6.0;12.0;11.0;1.0;0.0;0 days 13:40:23;13.673055555555555;2.9254616744204944
0013;3038;Chantepie Eglise;weekday;0 days 07:18:41;0 days 21:06:00;53.0;0.0;10.0;8.0;8.0;11.0;12.0;4.0;0.0;0 days 13:47:19;13.788611111111111;3.8437518886359516
0013;3038;Chantepie Eglise;weekend;0 days 07:42:00;0 days 21:06:00;40.0;0.0;5.0;3.0;4.0;11.0;13.0;4.0;0.0;0 days 13:24:00;13.4;2.9850746268656714
0014;2015;Hublais;weekday;0 days 07:31:58;0 days 19:49:14;16.0;0.0;5.0;0.0;4.0;2.0;5.0;0.0;0.0;0 days 12:17:16;12.287777777777778;1.302106881273171
0014;2016;Taillis;weekday;0 days 07:33:00;0 days 19:50:12;16.0;0.0;5.0;0.0;4.0;2.0;5.0;0.0;0.0;0 days 12:17:12;12.286666666666667;1.3022246337493217
0014;2017;Champs Péans;weekday;0 days 07:35:00;0 days 19:52:00;16.0;0.0;5.0;0.0;4.0;2.0;5.0;0.0;0.0;0 days 12:17:00;12.283333333333333;1.3025780189959295
0014;2019;Champs Péans;weekday;0 days 07:38:00;0 days 19:31:00;16.0;0.0;5.0;1.0;3.0;3.0;4.0;0.0;0.0;0 days 11:53:00;11.883333333333333;1.3464235624123422
0014;2020;Taillis;weekday;0 days 07:39:40;0 days 19:32:00;16.0;0.0;5.0;1.0;3.0;3.0;4.0;0.0;0.0;0 days 11:52:20;11.872222222222222;1.3476836686944316
0014;2021;Hublais;weekday;0 days 07:41:33;0 days 19:33:10;16.0;0.0;5.0;1.0;3.0;2.5;4.5;0.0;0.0;0 days 11:51:37;11.860277777777778;1.3490409162236223
0014;2057;Cesson Gare;weekday;0 days 07:44:00;0 days 19:35:00;16.0;0.0;5.0;1.0;3.0;2.0;5.0;0.0;0.0;0 days 11:51:00;11.85;1.350210970464135
0014;2058;Peupliers;weekday;0 days 07:44:58;0 days 19:36:00;16.0;0.0;5.0;1.0;3.0;2.0;5.0;0.0;0.0;0 days 11:51:02;11.850555555555555;1.350147672401669
0014;2059;Monniais;weekday;0 days 07:46:00;0 days 19:37:00;16.0;0.0;5.0;1.0;3.0;2.0;5.0;0.0;0.0;0 days 11:51:00;11.85;1.350210970464135
0014;2064;Peupliers;weekday;0 days 07:27:56;0 days 19:46:00;16.0;0.0;5.0;0.0;4.0;2.0;5.0;0.0;0.0;0 days 12:18:04;12.301111111111112;1.3006955107939662
0014;2065;Cesson Gare;weekday;0 days 07:29:00;0 days 19:47:00;16.0;0.0;5.0;0.0;4.0;2.0;5.0;0.0;0.0;0 days 12:18:00;12.3;1.3008130081300813
0014;2143;Monniais;weekday;0 days 07:27:00;0 days 19:45:00;16.0;0.0;5.0;0.0;4.0;2.0;5.0;0.0;0.0;0 days 12:18:00;12.3;1.3008130081300813
0014;2144;Sports et Nature;weekday;0 days 07:30:00;0 days 19:48:00;16.0;0.0;5.0;0.0;4.0;2.0;5.0;0.0;0.0;0 days 12:18:00;12.3;1.3008130081300813
0014;2145;Sports et Nature;weekday;0 days 07:42:41;0 days 19:34:00;16.0;0.0;5.0;1.0;3.0;2.0;5.0;0.0;0.0;0 days 11:51:19;11.855277777777777;1.3496098783945267
0014;2803;La Plesse;weekday;0 days 06:11:53;0 days 21:31:25;57.0;2.0;11.5;8.5;7.0;12.0;12.0;4.0;0.0;0 days 15:19:32;15.325555555555555;3.7192778945842093
0014;2803;La Plesse;weekend;0 days 07:41:00;0 days 21:31:25;24.5;0.0;3.0;2.5;3.0;7.0;6.5;2.5;0.0;0 days 13:50:25;13.840277777777779;1.7701956848971399
0014;2815;La Plesse;weekday;0 days 06:56:45;0 days 21:18:00;55.0;1.0;12.0;8.0;8.0;12.0;10.0;4.0;0.0;0 days 14:21:15;14.354166666666666;3.8316400580551524
0014;2815;La Plesse;weekend;0 days 07:17:45;0 days 21:19:00;24.0;0.0;6.0;2.5;3.5;6.5;6.5;2.0;0.0;0 days 14:01:15;14.020833333333334;1.7117384843982169
0014;2826;Grand Quartier;weekday;0 days 06:55:00;0 days 21:16:00;55.0;1.0;12.0;8.0;8.0;12.0;10.0;4.0;0.0;0 days 14:21:00;14.35;3.832752613240418
0014;2826;Grand Quartier;weekend;0 days 07:16:00;0 days 21:17:00;24.0;0.0;6.0;2.5;4.0;6.0;6.5;2.0;0.0;0 days 14:01:00;14.016666666666667;1.7122473246135552
0014;2854;Grand Quartier;weekday;0 days 06:14:00;0 days 21:33:00;57.0;2.0;11.0;8.0;8.0;12.0;12.0;4.0;0.0;0 days 15:19:00;15.316666666666666;3.7214363438520133
0014;2854;Grand Quartier;weekend;0 days 07:43:00;0 days 21:33:00;24.5;0.0;3.0;2.0;3.5;7.0;6.5;2.5;0.0;0 days 13:50:00;13.833333333333334;1.7710843373493974
0014;2863;Cerisaie;weekday;0 days 06:12:39;0 days 21:32:00;57.0;2.0;11.0;9.0;7.0;12.0;12.0;4.0;0.0;0 days 15:19:21;15.3225;3.7200195790504162
0014;2863;Cerisaie;weekend;0 days 07:41:59;0 days 21:32:00;24.5;0.0;3.0;2.5;3.0;7.0;6.5;2.5;0.0;0 days 13:50:01;13.83361111111111;1.7710487741210017
0014;2864;Cerisaie;weekday;0 days 06:55:47;0 days 21:17:00;55.0;1.0;12.0;8.0;8.0;12.0;10.0;4.0;0.0;0 days 14:21:13;14.35361111111111;3.831788361426664
0014;2864;Cerisaie;weekend;0 days 07:16:47;0 days 21:18:00;24.0;0.0;6.0;2.5;4.0;6.0;6.5;2.0;0.0;0 days 14:01:13;14.020277777777778;1.7118063122857765
0032;2810;Paul-Emile Victor;weekday;0 days 07:34:00;0 days 20:43:01;25.0;0.0;5.0;4.0;3.0;6.0;6.0;1.0;0.0;0 days 13:09:01;13.150277777777777;1.9011005259711455
0032;2810;Paul-Emile Victor;weekend;0 days 08:35:00;0 days 20:42:01;18.0;0.0;2.0;2.0;3.0;5.0;5.0;1.0;0.0;0 days 12:07:01;12.116944444444444;1.4855230278994063
0032;2811;Cité des Jardins;weekday;0 days 06:29:33;0 days 19:55:00;25.0;1.5;5.5;4.0;3.0;5.0;6.0;0.0;0.0;0 days 13:25:27;13.424166666666666;1.8623129927369795
0032;2811;Cité des Jardins;weekend;0 days 07:04:33;0 days 19:22:00;18.0;0.0;3.0;2.0;3.0;5.0;5.0;0.0;0.0;0 days 12:17:27;12.290833333333333;1.464506068208014
0032;2820;Cité des Jardins;weekday;0 days 07:33:32;0 days 20:42:17;25.0;0.0;5.0;4.0;3.0;6.0;6.0;1.0;0.0;0 days 13:08:45;13.145833333333334;1.901743264659271
0032;2820;Cité des Jardins;weekend;0 days 08:34:00;0 days 20:41:17;18.0;0.0;2.0;2.0;3.0;5.0;5.0;1.0;0.0;0 days 12:07:17;12.12138888888889;1.4849783440658157
0032;2821;Paul-Emile Victor;weekday;0 days 06:28:41;0 days 19:54:00;25.0;2.0;5.0;4.0;3.0;5.0;6.0;0.0;0.0;0 days 13:25:19;13.421944444444444;1.8626213290837974
0032;2821;Paul-Emile Victor;weekend;0 days 07:03:41;0 days 19:21:00;18.0;0.0;3.0;2.0;3.0;5.0;5.0;0.0;0.0;0 days 12:17:19;12.288611111111111;1.4647709035014354
0032;2838;Alphasis;weekday;0 days 07:36:00;0 days 20:44:27;25.0;0.0;5.0;4.0;3.0;6.0;5.0;2.0;0.0;0 days 13:08:27;13.140833333333333;1.9024668653687615
0032;2838;Alphasis;weekend;0 days 08:36:00;0 days 20:43:27;18.0;0.0;2.0;2.0;2.0;6.0;5.0;1.0;0.0;0 days 12:07:27;12.124166666666667;1.484638119458382
0032;2839;Alphasis;weekday;0 days 06:27:00;0 days 19:52:29;25.0;2.0;5.0;4.0;3.0;5.0;6.0;0.0;0.0;0 days 13:25:29;13.424722222222222;1.8622359246001365
0032;2839;Alphasis;weekend;0 days 07:02:00;0 days 19:19:29;18.0;0.0;3.0;2.0;3.0;5.0;5.0;0.0;0.0;0 days 12:17:29;12.29138888888889;1.464439874347443
0032;2847;Forge;weekday;0 days 06:31:00;0 days 19:56:00;25.0;1.0;6.0;4.0;3.0;5.0;6.0;0.0;0.0;0 days 13:25:00;13.416666666666666;1.863354037267081
0032;2847;Forge;weekend;0 days 07:06:00;0 days 19:23:00;18.0;0.0;3.0;2.0;3.0;5.0;5.0;0.0;0.0;0 days 12:17:00;12.283333333333333;1.4654002713704206
0032;2848;Forge;weekday;0 days 07:32:00;0 days 20:41:00;25.0;0.0;5.0;4.0;3.0;6.0;6.0;1.0;0.0;0 days 13:09:00;13.15;1.9011406844106464
0032;2848;Forge;weekend;0 days 08:33:00;0 days 20:40:00;18.0;0.0;2.0;2.0;3.0;5.0;5.0;1.0;0.0;0 days 12:07:00;12.116666666666667;1.485557083906465
0032;2855;Kerfleury;weekday;0 days 07:26:53;0 days 20:37:00;25.0;0.0;5.5;3.5;3.0;6.0;6.0;1.0;0.0;0 days 13:10:07;13.168611111111112;1.8984538148374712
0032;2855;Kerfleury;weekend;0 days 08:28:44;0 days 20:36:00;18.0;0.0;2.0;2.0;3.0;5.0;5.0;1.0;0.0;0 days 12:07:16;12.12111111111111;1.485012375103126
0032;2856;Kerguelen;weekday;0 days 06:26:32;0 days 19:52:00;25.0;2.0;5.0;4.0;3.0;5.0;6.0;0.0;0.0;0 days 13:25:28;13.424444444444445;1.8622744578712134
0032;2856;Kerguelen;weekend;0 days 07:01:32;0 days 19:19:00;18.0;0.0;3.0;2.0;3.0;5.0;5.0;0.0;0.0;0 days 12:17:28;12.29111111111111;1.4644729705297415
0032;2857;Kerguelen;weekday;0 days 07:37:00;0 days 20:45:14;25.0;0.0;5.0;4.0;3.0;6.0;5.0;2.0;0.0;0 days 13:08:14;13.137222222222222;1.9029898084323593
0032;2857;Kerguelen;weekend;0 days 08:37:00;0 days 20:44:14;18.0;0.0;2.0;2.0;2.0;6.0;5.0;1.0;0.0;0 days 12:07:14;12.120555555555555;1.4850804418572674
0032;2858;Kerfleury;weekday;0 days 06:35:00;0 days 20:00:10;25.0;1.0;6.0;4.0;3.0;5.0;5.0;1.0;0.0;0 days 13:25:10;13.419444444444444;1.8629683295383979
0032;2858;Kerfleury;weekend;0 days 07:10:00;0 days 19:27:10;18.0;0.0;3.0;2.0;3.0;5.0;5.0;0.0;0.0;0 days 12:17:10;12.286111111111111;1.4650689577210039
0032;2859;Edonia;weekday;0 days 06:25:00;0 days 20:46:00;50.0;2.0;10.0;8.0;6.0;11.0;11.0;2.0;0.0;0 days 14:21:00;14.35;3.4843205574912894
0032;2859;Edonia;weekend;0 days 07:00:00;0 days 20:45:00;36.0;0.0;5.0;5.0;4.0;11.0;10.0;1.0;0.0;0 days 13:45:00;13.75;2.618181818181818
0034;2002;Cesson Hôpital Privé;weekday;0 days 07:14:00;0 days 19:48:23;36.0;0.0;10.0;4.0;4.0;6.0;12.0;0.0;0.0;0 days 12:34:23;12.573055555555555;2.8632658020900075
0034;2002;Cesson Hôpital Privé;weekend;0 days 07:18:00;0 days 19:48:23;20.0;0.0;3.0;2.0;3.0;6.0;6.0;0.0;0.0;0 days 12:30:23;12.506388888888889;1.5991826399840081
0034;2003;Cesson Hôpital Privé;weekday;0 days 06:57:00;0 days 20:18:00;36.0;1.0;9.0;4.0;4.0;8.0;9.0;1.0;0.0;0 days 13:21:00;13.35;2.696629213483146
0034;2003;Cesson Hôpital Privé;weekend;0 days 07:32:00;0 days 20:03:00;21.0;0.0;3.0;2.0;3.0;6.0;6.0;1.0;0.0;0 days 12:31:00;12.516666666666667;1.6777629826897469
0034;2006;Petits Champs;weekday;0 days 07:03:00;0 days 19:38:00;36.0;0.0;10.0;4.0;4.0;7.0;11.0;0.0;0.0;0 days 12:35:00;12.583333333333334;2.8609271523178808
0034;2006;Petits Champs;weekend;0 days 07:07:43;0 days 19:38:00;20.0;0.0;3.0;2.0;3.0;6.0;6.0;0.0;0.0;0 days 12:30:17;12.504722222222222;1.5993957838150032
0034;2007;Bourgchevreuil;weekday;0 days 07:05:00;0 days 19:39:00;36.0;0.0;10.0;4.0;4.0;7.0;11.0;0.0;0.0;0 days 12:34:00;12.566666666666666;2.8647214854111405
0034;2007;Bourgchevreuil;weekend;0 days 07:09:00;0 days 19:39:00;20.0;0.0;3.0;2.0;3.0;6.0;6.0;0.0;0.0;0 days 12:30:00;12.5;1.6
0034;2008;La Coulée;weekday;0 days 07:05:53;0 days 19:40:00;36.0;0.0;10.0;4.0;4.0;7.0;11.0;0.0;0.0;0 days 12:34:07;12.56861111111111;2.864278294693571
0034;2008;La Coulée;weekend;0 days 07:09:53;0 days 19:40:00;20.0;0.0;3.0;2.0;3.0;6.0;6.0;0.0;0.0;0 days 12:30:07;12.501944444444444;1.599751149821139
0034;2009;Fontenelle;weekday;0 days 07:06:44;0 days 19:41:00;36.0;0.0;10.0;4.0;4.0;7.0;11.0;0.0;0.0;0 days 12:34:16;12.571111111111112;2.8637086795121087
0034;2009;Fontenelle;weekend;0 days 07:10:44;0 days 19:41:00;20.0;0.0;3.0;2.0;3.0;6.0;6.0;0.0;0.0;0 days 12:30:16;12.504444444444445;1.5994313133108227
0034;2027;Fontenelle;weekday;0 days 07:04:57;0 days 20:26:00;36.0;0.0;10.0;4.0;4.0;8.0;9.0;1.0;0.0;0 days 13:21:03;13.350833333333334;2.6964608950752136
0034;2027;Fontenelle;weekend;0 days 07:39:57;0 days 20:11:00;21.0;0.0;3.0;2.0;3.0;6.0;6.0;1.0;0.0;0 days 12:31:03;12.5175;1.6776512881965249
0034;2028;La Coulée;weekday;0 days 07:06:00;0 days 20:27:01;36.0;0.0;10.0;4.0;4.0;8.0;9.0;1.0;0.0;0 days 13:21:01;13.350277777777778;2.69657310501238
0034;2028;La Coulée;weekend;0 days 07:41:00;0 days 20:12:01;21.0;0.0;3.0;2.0;3.0;6.0;6.0;1.0;0.0;0 days 12:31:01;12.516944444444444;1.677725749539513
0034;2029;Bourgchevreuil;weekday;0 days 07:07:00;0 days 20:28:00;36.0;0.0;10.0;4.0;4.0;8.0;9.0;1.0;0.0;0 days 13:21:00;13.35;2.696629213483146
0034;2029;Bourgchevreuil;weekend;0 days 07:42:00;0 days 20:13:00;21.0;0.0;3.0;2.0;3.0;6.0;6.0;1.0;0.0;0 days 12:31:00;12.516666666666667;1.6777629826897469
0034;2030;Petits Champs;weekday;0 days 07:08:00;0 days 20:29:10;36.0;0.0;10.0;4.0;4.0;8.0;9.0;1.0;0.0;0 days 13:21:10;13.352777777777778;2.6960682338256707
0034;2030;Petits Champs;weekend;0 days 07:43:00;0 days 20:14:10;21.0;0.0;3.0;2.0;3.0;6.0;6.0;1.0;0.0;0 days 12:31:10;12.519444444444444;1.677390725538052
0034;2032;Charmilles;weekday;0 days 07:34:00;0 days 19:40:00;15.0;0.0;4.0;1.0;3.0;2.0;5.0;0.0;0.0;0 days 12:06:00;12.1;1.2396694214876034
0034;2033;Bas Village;weekday;0 days 07:22:00;0 days 19:26:00;15.0;0.0;4.0;0.0;4.0;2.0;5.0;0.0;0.0;0 days 12:04:00;12.066666666666666;1.2430939226519337
0034;2034;Forum;weekday;0 days 07:37:00;0 days 19:42:00;15.0;0.0;4.0;1.0;3.0;2.0;5.0;0.0;0.0;0 days 12:05:00;12.083333333333334;1.2413793103448276
0034;2035;Forum;weekday;0 days 07:21:00;0 days 19:25:00;15.0;0.0;4.0;0.0;4.0;2.0;5.0;0.0;0.0;0 days 12:04:00;12.066666666666666;1.2430939226519337
0034;2036;Bas Village;weekday;0 days 07:35:54;0 days 19:41:05;15.0;0.0;4.0;1.0;3.0;2.0;5.0;0.0;0.0;0 days 12:05:11;12.086388888888889;1.2410654776952954
0034;2040;Chalotais;weekday;0 days 06:58:39;0 days 19:34:00;36.0;1.0;9.0;5.0;3.0;8.0;10.0;0.0;0.0;0 days 12:35:21;12.589166666666667;2.8596015092341296
0034;2040;Chalotais;weekend;0 days 07:03:39;0 days 19:34:00;20.0;0.0;3.0;2.0;3.0;6.0;6.0;0.0;0.0;0 days 12:30:21;12.505833333333333;1.5992536816152463
0034;2051;Chalotais;weekday;0 days 07:12:00;0 days 20:33:00;36.0;0.0;10.0;4.0;4.0;7.0;10.0;1.0;0.0;0 days 13:21:00;13.35;2.696629213483146
0034;2051;Chalotais;weekend;0 days 07:47:00;0 days 20:18:00;21.0;0.0;3.0;2.0;3.0;6.0;6.0;1.0;0.0;0 days 12:31:00;12.516666666666667;1.6777629826897469
0034;2057;Cesson Gare;weekday;0 days 07:13:00;0 days 20:34:00;36.0;0.0;10.0;4.0;4.0;7.0;10.0;1.0;0.0;0 days 13:21:00;13.35;2.696629213483146
0034;2057;Cesson Gare;weekend;0 days 07:48:00;0 days 20:19:00;21.0;0.0;3.0;2.0;3.0;6.0;6.0;1.0;0.0;0 days 12:31:00;12.516666666666667;1.6777629826897469
0034;2058;Peupliers;weekday;0 days 07:14:43;0 days 20:35:00;36.0;0.0;10.0;4.0;4.0;7.0;10.0;1.0;0.0;0 days 13:20:17;13.338055555555556;2.699044088551971
0034;2058;Peupliers;weekend;0 days 07:49:43;0 days 20:20:00;21.0;0.0;3.0;2.0;3.0;6.0;6.0;1.0;0.0;0 days 12:30:17;12.504722222222222;1.6793655730057535
0034;2059;Monniais;weekday;0 days 07:16:00;0 days 20:36:00;36.0;0.0;10.0;4.0;4.0;7.0;10.0;1.0;0.0;0 days 13:20:00;13.333333333333334;2.6999999999999997
0034;2059;Monniais;weekend;0 days 07:51:00;0 days 20:21:00;21.0;0.0;3.0;2.0;3.0;6.0;6.0;1.0;0.0;0 days 12:30:00;12.5;1.68
0034;2060;Rond Point de Bray;weekday;0 days 07:32:00;0 days 19:38:11;15.0;0.0;4.0;1.0;3.0;2.0;5.0;0.0;0.0;0 days 12:06:11;12.103055555555555;1.23935645268642
0034;2061;Charmilles;weekday;0 days 07:24:00;0 days 19:27:00;15.0;0.0;4.0;0.0;4.0;2.0;5.0;0.0;0.0;0 days 12:03:00;12.05;1.2448132780082988
0034;2062;Rond Point de Bray;weekday;0 days 07:26:00;0 days 19:29:00;15.0;0.0;4.0;0.0;4.0;2.0;5.0;0.0;0.0;0 days 12:03:00;12.05;1.2448132780082988
0034;2064;Peupliers;weekday;0 days 06:56:00;0 days 19:31:07;36.0;1.0;9.0;5.0;3.0;8.0;10.0;0.0;0.0;0 days 12:35:07;12.585277777777778;2.86048513474739
0034;2064;Peupliers;weekend;0 days 07:01:00;0 days 19:31:07;20.0;0.0;3.0;2.0;3.0;6.0;6.0;0.0;0.0;0 days 12:30:07;12.501944444444444;1.599751149821139
0034;2065;Cesson Gare;weekday;0 days 06:57:00;0 days 19:32:23;36.0;1.0;9.0;5.0;3.0;8.0;10.0;0.0;0.0;0 days 12:35:23;12.589722222222223;2.8594753215806543
0034;2065;Cesson Gare;weekend;0 days 07:02:00;0 days 19:32:23;20.0;0.0;3.0;2.0;3.0;6.0;6.0;0.0;0.0;0 days 12:30:23;12.506388888888889;1.5991826399840081
0034;2074;Mare Pavée;weekday;0 days 07:07:00;0 days 19:41:29;36.0;0.0;10.0;4.0;4.0;7.0;11.0;0.0;0.0;0 days 12:34:29;12.574722222222222;2.862886301884292
0034;2074;Mare Pavée;weekend;0 days 07:11:00;0 days 19:41:29;20.0;0.0;3.0;2.0;3.0;6.0;6.0;0.0;0.0;0 days 12:30:29;12.508055555555556;1.5989695529547625
0034;2075;Mare Pavée;weekday;0 days 07:04:00;0 days 20:25:02;36.0;0.0;10.0;4.0;4.0;8.0;9.0;1.0;0.0;0 days 13:21:02;13.350555555555555;2.6965169988764512
0034;2075;Mare Pavée;weekend;0 days 07:39:00;0 days 20:10:02;21.0;0.0;3.0;2.0;3.0;6.0;6.0;1.0;0.0;0 days 12:31:02;12.517222222222221;1.677688518041809
0034;2112;Chêne Germain;weekday;0 days 06:58:00;0 days 20:19:00;36.0;1.0;9.0;4.0;4.0;8.0;9.0;1.0;0.0;0 days 13:21:00;13.35;2.696629213483146
0034;2112;Chêne Germain;weekend;0 days 07:33:00;0 days 20:04:00;21.0;0.0;3.0;2.0;3.0;6.0;6.0;1.0;0.0;0 days 12:31:00;12.516666666666667;1.6777629826897469
0034;2113;Chêne Germain;weekday;0 days 07:13:00;0 days 19:47:00;36.0;0.0;10.0;4.0;4.0;7.0;11.0;0.0;0.0;0 days 12:34:00;12.566666666666666;2.8647214854111405
0034;2113;Chêne Germain;weekend;0 days 07:17:00;0 days 19:47:00;20.0;0.0;3.0;2.0;3.0;6.0;6.0;0.0;0.0;0 days 12:30:00;12.5;1.6
0034;2136;Cesson - Viasilva;weekday;0 days 07:12:00;0 days 19:46:00;36.0;0.0;10.0;4.0;4.0;7.0;11.0;0.0;0.0;0 days 12:34:00;12.566666666666666;2.8647214854111405
0034;2136;Cesson - Viasilva;weekend;0 days 07:16:00;0 days 19:46:00;20.0;0.0;3.0;2.0;3.0;6.0;6.0;0.0;0.0;0 days 12:30:00;12.5;1.6
0034;2137;Cesson - Viasilva;weekday;0 days 06:59:00;0 days 20:20:00;36.0;1.0;9.0;4.0;4.0;8.0;9.0;1.0;0.0;0 days 13:21:00;13.35;2.696629213483146
0034;2137;Cesson - Viasilva;weekend;0 days 07:34:00;0 days 20:05:00;21.0;0.0;3.0;2.0;3.0;6.0;6.0;1.0;0.0;0 days 12:31:00;12.516666666666667;1.6777629826897469
0034;2143;Monniais;weekday;0 days 06:55:00;0 days 19:30:00;36.0;1.0;9.0;5.0;3.0;8.0;10.0;0.0;0.0;0 days 12:35:00;12.583333333333334;2.8609271523178808
0034;2143;Monniais;weekend;0 days 07:00:00;0 days 19:30:00;20.0;0.0;3.0;2.0;3.0;6.0;6.0;0.0;0.0;0 days 12:30:00;12.5;1.6
0034;2146;Stade Belliard;weekday;0 days 07:11:00;0 days 20:32:00;36.0;0.0;10.0;4.0;4.0;7.0;10.0;1.0;0.0;0 days 13:21:00;13.35;2.696629213483146
0034;2146;Stade Belliard;weekend;0 days 07:46:00;0 days 20:17:00;21.0;0.0;3.0;2.0;3.0;6.0;6.0;1.0;0.0;0 days 12:31:00;12.516666666666667;1.6777629826897469
0034;2147;Stade Belliard;weekday;0 days 07:00:00;0 days 19:35:00;36.0;0.0;10.0;4.0;4.0;7.0;11.0;0.0;0.0;0 days 12:35:00;12.583333333333334;2.8609271523178808
0034;2147;Stade Belliard;weekend;0 days 07:05:00;0 days 19:35:00;20.0;0.0;3.0;2.0;3.0;6.0;6.0;0.0;0.0;0 days 12:30:00;12.5;1.6
0034;2148;Dézerseul;weekday;0 days 07:09:00;0 days 20:30:23;36.0;0.0;10.0;4.0;4.0;8.0;9.0;1.0;0.0;0 days 13:21:23;13.356388888888889;2.6953393091113282
0034;2148;Dézerseul;weekend;0 days 07:44:00;0 days 20:15:23;21.0;0.0;3.0;2.0;3.0;6.0;6.0;1.0;0.0;0 days 12:31:23;12.523055555555555;1.676907038129672
0034;2149;Dézerseul;weekday;0 days 07:01:55;0 days 19:37:00;36.0;0.0;10.0;4.0;4.0;7.0;11.0;0.0;0.0;0 days 12:35:05;12.584722222222222;2.86061141154398
0034;2149;Dézerseul;weekend;0 days 07:06:32;0 days 19:37:00;20.0;0.0;3.0;2.0;3.0;6.0;6.0;0.0;0.0;0 days 12:30:28;12.507777777777777;1.5990050635160344
0034;2150;Les Lacs;weekday;0 days 07:03:00;0 days 20:24:09;36.0;0.0;10.0;4.0;4.0;8.0;9.0;1.0;0.0;0 days 13:21:09;13.3525;2.6961243212881483
0034;2150;Les Lacs;weekend;0 days 07:38:00;0 days 20:09:09;21.0;0.0;3.0;2.0;3.0;6.0;6.0;1.0;0.0;0 days 12:31:09;12.519166666666667;1.6774279438194768
0034;2151;Les Lacs;weekday;0 days 07:08:00;0 days 19:42:13;36.0;0.0;10.0;4.0;4.0;7.0;11.0;0.0;0.0;0 days 12:34:13;12.570277777777777;2.8638985260645704
0034;2151;Les Lacs;weekend;0 days 07:12:00;0 days 19:42:13;20.0;0.0;3.0;2.0;3.0;6.0;6.0;0.0;0.0;0 days 12:30:13;12.50361111111111;1.5995379112700776
0034;2159;Pierrins;weekday;0 days 07:01:00;0 days 20:22:14;36.0;0.0;10.0;4.0;4.0;8.0;9.0;1.0;0.0;0 days 13:21:14;13.35388888888889;2.6958439073095644
0034;2159;Pierrins;weekend;0 days 07:36:00;0 days 20:07:14;21.0;0.0;3.0;2.0;3.0;6.0;6.0;1.0;0.0;0 days 12:31:14;12.520555555555555;1.677241868926654
0034;2160;Pierrins;weekday;0 days 07:09:56;0 days 19:44:00;36.0;0.0;10.0;4.0;4.0;7.0;11.0;0.0;0.0;0 days 12:34:04;12.567777777777778;2.8644682167801254
0034;2160;Pierrins;weekend;0 days 07:13:56;0 days 19:44:00;20.0;0.0;3.0;2.0;3.0;6.0;6.0;0.0;0.0;0 days 12:30:04;12.501111111111111;1.5998577904186295
0034;2164;Chêne Morand;weekday;0 days 07:34:56;0 days 19:40:17;15.0;0.0;4.0;1.0;3.0;2.0;5.0;0.0;0.0;0 days 12:05:21;12.089166666666667;1.2407803129523678
0034;2165;Chêne Morand;weekday;0 days 07:23:00;0 days 19:26:26;15.0;0.0;4.0;0.0;4.0;2.0;5.0;0.0;0.0;0 days 12:03:26;12.057222222222222;1.2440676404183753
0034;3001;Gériatrie;weekday;0 days 07:43:00;0 days 19:48:23;15.0;0.0;4.0;0.0;4.0;2.0;5.0;0.0;0.0;0 days 12:05:23;12.089722222222223;1.240723295728695
0034;3002;Deux Ruisseaux;weekday;0 days 07:14:48;0 days 19:20:00;15.0;0.0;4.0;0.0;4.0;3.0;4.0;0.0;0.0;0 days 12:05:12;12.086666666666666;1.2410369553226697
0034;3006;Chantepie Mairie;weekday;0 days 07:16:00;0 days 19:21:06;15.0;0.0;4.0;0.0;4.0;3.0;4.0;0.0;0.0;0 days 12:05:06;12.085;1.2412081092263134
0034;3009;Chantepie Mairie;weekday;0 days 07:41:00;0 days 19:46:10;15.0;0.0;4.0;0.0;4.0;2.0;5.0;0.0;0.0;0 days 12:05:10;12.08611111111111;1.2410940013789935
0034;3013;Deux Ruisseaux;weekday;0 days 07:42:00;0 days 19:47:26;15.0;0.0;4.0;0.0;4.0;2.0;5.0;0.0;0.0;0 days 12:05:26;12.090555555555556;1.2406377797178698
0034;3027;Touche Annette;weekday;0 days 07:13:00;0 days 19:18:10;15.0;0.0;4.0;0.0;4.0;3.0;4.0;0.0;0.0;0 days 12:05:10;12.08611111111111;1.2410940013789935
0034;3028;Rosa Parks;weekday;0 days 07:12:00;0 days 19:50:00;30.0;0.0;8.0;0.0;8.0;5.0;9.0;0.0;0.0;0 days 12:38:00;12.633333333333333;2.37467018469657
0034;3029;Touche Annette;weekday;0 days 07:44:00;0 days 19:49:16;15.0;0.0;4.0;0.0;4.0;2.0;5.0;0.0;0.0;0 days 12:05:16;12.087777777777777;1.240922878941079
0034;3032;Gériatrie;weekday;0 days 07:14:00;0 days 19:19:00;15.0;0.0;4.0;0.0;4.0;3.0;4.0;0.0;0.0;0 days 12:05:00;12.083333333333334;1.2413793103448276
0034;3033;Breillou;weekday;0 days 07:37:45;0 days 19:43:00;15.0;0.0;4.0;1.0;3.0;2.0;5.0;0.0;0.0;0 days 12:05:15;12.0875;1.2409513960703205
0034;3034;Breillou;weekday;0 days 07:20:00;0 days 19:25:00;15.0;0.0;4.0;0.0;4.0;2.0;5.0;0.0;0.0;0 days 12:05:00;12.083333333333334;1.2413793103448276
0034;3035;Landes;weekday;0 days 07:39:45;0 days 19:45:00;15.0;0.0;4.0;1.0;3.0;2.0;5.0;0.0;0.0;0 days 12:05:15;12.0875;1.2409513960703205
0034;3036;Landes;weekday;0 days 07:18:00;0 days 19:23:00;15.0;0.0;4.0;0.0;4.0;2.0;5.0;0.0;0.0;0 days 12:05:00;12.083333333333334;1.2413793103448276
0034;3037;Chantepie Eglise;weekday;0 days 07:15:41;0 days 19:20:26;15.0;0.0;4.0;0.0;4.0;3.0;4.0;0.0;0.0;0 days 12:04:45;12.079166666666667;1.2418075198344256
0034;3038;Chantepie Eglise;weekday;0 days 07:41:46;0 days 19:47:00;15.0;0.0;4.0;0.0;4.0;2.0;5.0;0.0;0.0;0 days 12:05:14;12.087222222222222;1.2409799145102727
0037;2201;Morinais;weekday;0 days 07:27:00;0 days 19:09:00;20.0;0.0;7.0;0.0;2.0;3.0;8.0;0.0;0.0;0 days 11:42:00;11.7;1.7094017094017095
0037;2248;Bellevue;weekday;0 days 07:36:47;0 days 18:48:11;10.0;0.0;3.0;0.0;1.0;2.0;4.0;0.0;0.0;0 days 11:11:24;11.19;0.8936550491510278
0037;2249;Le Pâtis;weekday;0 days 07:39:00;0 days 18:50:07;10.0;0.0;3.0;0.0;1.0;2.0;4.0;0.0;0.0;0 days 11:11:07;11.185277777777777;0.8940323341694192
0037;2250;Reuzerais;weekday;0 days 07:19:00;0 days 19:03:00;10.0;0.0;4.0;0.0;1.0;1.0;4.0;0.0;0.0;0 days 11:44:00;11.733333333333333;0.8522727272727273
0037;2251;Maffeys;weekday;0 days 07:17:00;0 days 19:01:00;10.0;0.0;4.0;0.0;1.0;1.0;4.0;0.0;0.0;0 days 11:44:00;11.733333333333333;0.8522727272727273
0037;2252;Maffeys;weekday;0 days 07:42:00;0 days 18:52:00;10.0;0.0;3.0;0.0;1.0;2.0;4.0;0.0;0.0;0 days 11:10:00;11.166666666666666;0.8955223880597015
0037;2253;Reuzerais;weekday;0 days 07:40:00;0 days 18:51:00;10.0;0.0;3.0;0.0;1.0;2.0;4.0;0.0;0.0;0 days 11:11:00;11.183333333333334;0.8941877794336811
0037;2254;Le Pâtis;weekday;0 days 07:19:52;0 days 19:03:17;10.0;0.0;4.0;0.0;1.0;1.0;4.0;0.0;0.0;0 days 11:43:25;11.723611111111111;0.8529795047980097
0037;2255;Bellevue;weekday;0 days 07:22:00;0 days 19:05:00;10.0;0.0;4.0;0.0;1.0;1.0;4.0;0.0;0.0;0 days 11:43:00;11.716666666666667;0.8534850640113798
0037;2267;Auriol;weekday;0 days 07:34:38;0 days 18:46:18;10.0;0.0;3.0;0.0;1.0;2.0;4.0;0.0;0.0;0 days 11:11:40;11.194444444444445;0.8933002481389578
0037;2268;Auriol;weekday;0 days 07:24:00;0 days 19:07:00;10.0;0.0;4.0;0.0;1.0;1.0;4.0;0.0;0.0;0 days 11:43:00;11.716666666666667;0.8534850640113798
0037;2275;Haie des Cognets;weekday;0 days 07:21:00;0 days 19:04:17;10.0;0.0;4.0;0.0;1.0;1.0;4.0;0.0;0.0;0 days 11:43:17;11.721388888888889;0.8531412185700405
0037;2276;Haie des Cognets;weekday;0 days 07:37:44;0 days 18:49:01;10.0;0.0;3.0;0.0;1.0;2.0;4.0;0.0;0.0;0 days 11:11:17;11.188055555555556;0.8938103632346004
0037;2278;Saint-Jacques - Gaîté;weekday;0 days 07:12:00;0 days 18:57:00;10.0;0.0;4.0;0.0;1.0;1.0;4.0;0.0;0.0;0 days 11:45:00;11.75;0.851063829787234
0037;2283;Saint-Jacques - Gaîté;weekday;0 days 07:47:00;0 days 18:57:00;10.0;0.0;3.0;0.0;1.0;2.0;4.0;0.0;0.0;0 days 11:10:00;11.166666666666666;0.8955223880597015
0038;2059;Monniais;weekday;0 days 07:19:00;0 days 18:22:00;8.5;0.0;4.5;0.0;0.0;0.0;4.0;0.0;0.0;0 days 11:03:00;11.05;0.7692307692307692
0038;2063;Monniais;weekday;0 days 07:21:00;0 days 18:25:00;9.0;0.0;5.0;0.0;0.0;0.0;4.0;0.0;0.0;0 days 11:04:00;11.066666666666666;0.8132530120481928
0038;2107;Ménouriais;weekday;0 days 07:14:00;0 days 18:29:00;16.0;0.0;9.0;0.0;0.0;0.0;7.0;0.0;0.0;0 days 11:15:00;11.25;1.4222222222222223
0038;2128;Ménouriais;weekday;0 days 07:27:00;0 days 07:27:00;1.0;0.0;1.0;0.0;0.0;0.0;0.0;0.0;0.0;0 days 00:00:00;0.0;inf
0038;2130;Château Monniais;weekday;0 days 07:23:00;0 days 18:20:00;9.0;0.0;5.0;0.0;0.0;0.0;4.0;0.0;0.0;0 days 10:57:00;10.95;0.8219178082191781
0038;2162;Petite Monniais;weekday;0 days 07:15:42;0 days 18:18:00;7.5;0.0;4.5;0.0;0.0;0.0;3.0;0.0;0.0;0 days 11:02:18;11.038333333333334;0.6794504001207912
0038;2163;Petite Monniais;weekday;0 days 07:24:36;0 days 18:28:00;9.0;0.0;5.0;0.0;0.0;0.0;4.0;0.0;0.0;0 days 11:03:24;11.056666666666667;0.8139885438649382
0039;2810;Paul-Emile Victor;weekday;0 days 08:30:00;0 days 19:15:00;22.0;0.0;4.0;3.0;4.0;6.0;5.0;0.0;0.0;0 days 10:45:00;10.75;2.046511627906977
0039;2821;Paul-Emile Victor;weekday;0 days 08:18:00;0 days 19:07:00;22.0;0.0;4.0;4.0;4.0;5.0;5.0;0.0;0.0;0 days 10:49:00;10.816666666666666;2.0338983050847457
0039;2847;Forge;weekday;0 days 08:33:00;0 days 19:18:00;22.0;0.0;4.0;3.0;4.0;6.0;5.0;0.0;0.0;0 days 10:45:00;10.75;2.046511627906977
0039;2848;Forge;weekday;0 days 08:15:00;0 days 19:05:00;22.0;0.0;4.0;4.0;4.0;5.0;5.0;0.0;0.0;0 days 10:50:00;10.833333333333334;2.0307692307692307
0039;2865;Maison Blanche;weekday;0 days 08:10:00;0 days 19:00:00;22.0;0.0;4.0;4.0;4.0;5.0;5.0;0.0;0.0;0 days 10:50:00;10.833333333333334;2.0307692307692307
0039;2866;Maison Blanche;weekday;0 days 08:38:00;0 days 19:22:00;22.0;0.0;3.0;4.0;4.0;6.0;5.0;0.0;0.0;0 days 10:44:00;10.733333333333333;2.049689440993789
0047;2281;Saint-Jacques - Gaîté;weekday;0 days 07:17:00;0 days 19:00:00;15.0;0.0;6.0;0.0;0.0;2.0;7.0;0.0;0.0;0 days 11:43:00;11.716666666666667;1.2802275960170697
0047;2303;Haut Launay;weekday;0 days 06:56:41;0 days 08:37:00;6.0;1.0;5.0;0.0;0.0;0.0;0.0;0.0;0.0;0 days 01:40:19;1.6719444444444445;3.5886359860441934
0047;2304;Rabine;weekday;0 days 06:58:00;0 days 08:39:00;6.0;1.0;5.0;0.0;0.0;0.0;0.0;0.0;0.0;0 days 01:41:00;1.6833333333333333;3.5643564356435644
0047;2305;Vert Buisson;weekday;0 days 16:35:59;0 days 19:16:00;9.0;0.0;0.0;0.0;0.0;2.0;7.0;0.0;0.0;0 days 02:40:01;2.6669444444444443;3.3746484741172798
0047;2307;Gavrinis;weekday;0 days 07:02:00;0 days 08:43:00;6.0;0.0;6.0;0.0;0.0;0.0;0.0;0.0;0.0;0 days 01:41:00;1.6833333333333333;3.5643564356435644
0047;2321;Gavrinis;weekday;0 days 16:35:00;0 days 19:15:00;9.0;0.0;0.0;0.0;0.0;2.0;7.0;0.0;0.0;0 days 02:40:00;2.6666666666666665;3.375
0047;2322;Vert Buisson;weekday;0 days 07:00:51;0 days 08:42:00;6.0;0.0;6.0;0.0;0.0;0.0;0.0;0.0;0.0;0 days 01:41:09;1.6858333333333333;3.559070687098369
0047;2323;Rabine;weekday;0 days 16:37:56;0 days 19:18:00;9.0;0.0;0.0;0.0;0.0;2.0;7.0;0.0;0.0;0 days 02:40:04;2.667777777777778;3.3735943356934612
0047;2324;Haut Launay;weekday;0 days 16:39:00;0 days 19:19:00;9.0;0.0;0.0;0.0;0.0;1.0;8.0;0.0;0.0;0 days 02:40:00;2.6666666666666665;3.375
0047;2331;Noë;weekday;0 days 16:41:35;0 days 19:21:00;9.0;0.0;0.0;0.0;0.0;1.0;8.0;0.0;0.0;0 days 02:39:25;2.6569444444444446;3.3873497124934655
0047;2332;Epalet;weekday;0 days 16:43:00;0 days 19:23:00;9.0;0.0;0.0;0.0;0.0;1.0;8.0;0.0;0.0;0 days 02:40:00;2.6666666666666665;3.375
0047;2343;Epalet;weekday;0 days 06:52:56;0 days 08:33:00;6.0;1.0;5.0;0.0;0.0;0.0;0.0;0.0;0.0;0 days 01:40:04;1.6677777777777778;3.5976015989340437
0047;2344;Noë;weekday;0 days 06:54:00;0 days 08:34:20;6.0;1.0;5.0;0.0;0.0;0.0;0.0;0.0;0.0;0 days 01:40:20;1.6722222222222223;3.5880398671096345
0047;2348;Victor Hugo;weekday;0 days 16:46:00;0 days 19:25:00;9.0;0.0;0.0;0.0;0.0;1.0;8.0;0.0;0.0;0 days 02:39:00;2.65;3.3962264150943398
0047;2353;Victor Hugo;weekday;0 days 06:51:00;0 days 08:31:00;6.0;1.0;5.0;0.0;0.0;0.0;0.0;0.0;0.0;0 days 01:40:00;1.6666666666666667;3.5999999999999996
0047;2361;Bruz Centre;weekday;0 days 06:50:00;0 days 19:26:00;15.0;1.0;5.0;0.0;0.0;1.0;8.0;0.0;0.0;0 days 12:36:00;12.6;1.1904761904761905
0047;2374;Châteliers;weekday;0 days 16:40:40;0 days 19:20:09;9.0;0.0;0.0;0.0;0.0;1.0;8.0;0.0;0.0;0 days 02:39:29;2.6580555555555554;3.3859337443829034
0047;2375;Châteliers;weekday;0 days 06:55:00;0 days 08:35:00;6.0;1.0;5.0;0.0;0.0;0.0;0.0;0.0;0.0;0 days 01:40:00;1.6666666666666667;3.5999999999999996
0047;2376;Corbières;weekday;0 days 07:02:56;0 days 08:44:07;6.0;0.0;6.0;0.0;0.0;0.0;0.0;0.0;0.0;0 days 01:41:11;1.686388888888889;3.5578982045791467
0047;2377;Corbières;weekday;0 days 16:34:00;0 days 19:14:05;9.0;0.0;0.0;0.0;0.0;2.0;7.0;0.0;0.0;0 days 02:40:05;2.6680555555555556;3.3732431025507545
0050;2070;Victoire;weekday;0 days 06:13:44;0 days 21:27:00;40.0;2.0;8.0;4.0;4.0;8.0;10.0;4.0;0.0;0 days 15:13:16;15.221111111111112;2.62792904591576
0050;2070;Victoire;weekend;0 days 07:17:44;0 days 21:28:00;23.5;0.0;5.0;3.0;3.0;6.0;6.0;3.0;0.0;0 days 14:10:16;14.171111111111111;1.6583032774031676
0050;2071;Calendrou;weekday;0 days 06:15:00;0 days 21:28:00;40.0;2.0;8.0;4.0;4.0;7.0;11.0;4.0;0.0;0 days 15:13:00;15.216666666666667;2.628696604600219
0050;2071;Calendrou;weekend;0 days 07:19:00;0 days 21:29:00;23.5;0.0;5.0;3.0;3.0;6.0;6.0;3.0;0.0;0 days 14:10:00;14.166666666666666;1.6588235294117648
0050;2072;Calendrou;weekday;0 days 06:28:00;1 days 01:54:00;39.4;2.0;8.0;4.0;4.0;7.0;10.0;4.0;2.0;0 days 19:26:00;19.433333333333334;2.0274442538593482
0050;2072;Calendrou;weekend;0 days 07:32:00;1 days 01:54:00;24.5;0.0;6.0;3.0;3.0;6.0;5.5;3.0;2.0;0 days 18:22:00;18.366666666666667;1.3339382940108893
0050;2073;Victoire;weekday;0 days 06:29:00;1 days 01:55:12;39.4;2.0;8.0;4.0;4.0;7.0;10.0;4.0;2.0;0 days 19:26:12;19.436666666666667;2.027096552906877
0050;2073;Victoire;weekend;0 days 07:33:00;1 days 01:55:12;24.5;0.0;6.0;3.0;3.0;6.0;5.5;3.0;2.0;0 days 18:22:12;18.37;1.3336962438758846
0050;2114;Château de Vaux;weekday;0 days 06:16:00;0 days 21:30:00;40.0;2.0;8.0;4.0;4.0;7.0;11.0;4.0;0.0;0 days 15:14:00;15.233333333333333;2.6258205689277903
0050;2114;Château de Vaux;weekend;0 days 07:20:39;0 days 21:31:00;23.5;0.0;5.0;3.0;3.0;6.0;6.0;3.0;0.0;0 days 14:10:21;14.1725;1.6581407655671194
0050;2115;Château de Vaux;weekday;0 days 06:26:46;1 days 01:53:00;39.4;2.0;8.0;4.0;4.0;7.0;10.0;4.0;2.0;0 days 19:26:14;19.43722222222222;2.02703861434247
0050;2115;Château de Vaux;weekend;0 days 07:30:46;1 days 01:53:00;24.5;0.0;6.0;3.0;3.0;6.0;5.5;3.0;2.0;0 days 18:22:14;18.370555555555555;1.3336559107267065
0050;2138;Cesson - Viasilva;weekday;0 days 06:18:00;1 days 01:51:00;79.4;4.0;16.0;8.0;8.0;14.0;21.0;8.0;2.0;0 days 19:33:00;19.55;4.061381074168798
0050;2138;Cesson - Viasilva;weekend;0 days 07:23:00;1 days 01:51:00;48.0;0.0;11.0;6.0;6.0;12.0;11.5;6.0;2.0;0 days 18:28:00;18.466666666666665;2.5992779783393503
0050;2152;Touche Lambert;weekday;0 days 06:26:00;1 days 01:52:01;39.4;2.0;8.0;4.0;4.0;7.0;10.0;4.0;2.0;0 days 19:26:01;19.433611111111112;2.0274152742242104
0050;2152;Touche Lambert;weekend;0 days 07:30:00;1 days 01:52:01;24.5;0.0;6.0;3.0;3.0;6.0;5.5;3.0;2.0;0 days 18:22:01;18.366944444444446;1.33391811981065
0050;2153;Touche Lambert;weekday;0 days 06:17:00;0 days 21:31:00;40.0;2.0;8.0;4.0;4.0;7.0;11.0;4.0;0.0;0 days 15:14:00;15.233333333333333;2.6258205689277903
0050;2153;Touche Lambert;weekend;0 days 07:21:44;0 days 21:32:00;23.5;0.0;5.0;3.0;3.0;6.0;6.0;3.0;0.0;0 days 14:10:16;14.171111111111111;1.6583032774031676
0050;3301;Landelles;weekday;0 days 06:00:00;1 days 02:08:00;79.4;4.0;16.0;8.0;8.0;15.0;20.0;7.0;1.4;0 days 20:08:00;20.133333333333333;3.9437086092715234
0050;3301;Landelles;weekend;0 days 07:05:00;1 days 02:08:00;48.0;0.0;11.0;5.5;6.0;11.5;12.0;5.5;2.0;0 days 19:03:00;19.05;2.5196850393700787
0050;3302;Thorigné Mairie;weekday;0 days 06:38:00;1 days 02:04:00;39.4;2.0;7.0;4.0;4.0;8.0;10.0;4.0;2.0;0 days 19:26:00;19.433333333333334;2.0274442538593482
0050;3302;Thorigné Mairie;weekend;0 days 07:42:00;1 days 02:04:00;24.5;0.0;5.0;3.0;3.0;6.0;6.0;3.0;2.0;0 days 18:22:00;18.366666666666667;1.3339382940108893
0050;3304;Anne de Bretagne;weekday;0 days 06:37:00;1 days 02:03:10;39.4;2.0;7.0;4.0;4.0;8.0;10.0;4.0;2.0;0 days 19:26:10;19.43611111111111;2.0271544947834785
0050;3304;Anne de Bretagne;weekend;0 days 07:41:00;1 days 02:03:10;24.5;0.0;5.0;3.0;3.0;6.0;6.0;3.0;2.0;0 days 18:22:10;18.369444444444444;1.333736579464691
0050;3305;Bocage;weekday;0 days 06:05:59;0 days 21:21:00;40.0;3.0;8.0;4.0;4.0;7.0;10.0;4.0;0.0;0 days 15:15:01;15.250277777777777;2.6229030436604073
0050;3305;Bocage;weekend;0 days 07:10:39;0 days 21:21:00;23.5;0.0;6.0;3.0;3.0;5.5;6.0;3.0;0.0;0 days 14:10:21;14.1725;1.6581407655671194
0050;3306;Juteauderies;weekday;0 days 06:07:44;0 days 21:22:06;40.0;3.0;8.0;4.0;4.0;7.0;10.0;4.0;0.0;0 days 15:14:22;15.239444444444445;2.6247675987021983
0050;3306;Juteauderies;weekend;0 days 07:12:00;0 days 21:22:06;23.5;0.0;6.0;3.0;3.0;5.5;6.0;3.0;0.0;0 days 14:10:06;14.168333333333333;1.6586283966592166
0050;3307;Fouillard;weekday;0 days 06:10:00;0 days 21:24:00;40.0;2.0;8.0;4.0;4.0;8.0;10.0;4.0;0.0;0 days 15:14:00;15.233333333333333;2.6258205689277903
0050;3307;Fouillard;weekend;0 days 07:14:00;0 days 21:24:00;23.5;0.0;5.0;3.5;2.5;6.0;6.0;3.0;0.0;0 days 14:10:00;14.166666666666666;1.6588235294117648
0050;3308;Placis Vert;weekday;0 days 07:52:00;0 days 16:39:00;2.0;0.0;1.0;0.0;0.0;1.0;0.0;0.0;0.0;0 days 08:47:00;8.783333333333333;0.22770398481973436
0050;3309;Portail;weekday;0 days 06:11:00;0 days 21:25:00;40.0;2.0;8.0;4.0;4.0;8.0;10.0;4.0;0.0;0 days 15:14:00;15.233333333333333;2.6258205689277903
0050;3309;Portail;weekend;0 days 07:15:00;0 days 21:25:01;23.5;0.0;5.0;3.0;3.0;6.0;6.0;3.0;0.0;0 days 14:10:01;14.166944444444445;1.6587910040979588
0050;3310;Portail;weekday;0 days 06:31:57;1 days 01:58:00;39.4;2.0;7.0;4.0;4.0;8.0;10.0;4.0;2.0;0 days 19:26:03;19.434166666666666;2.027357317439218
0050;3310;Portail;weekend;0 days 07:35:57;1 days 01:58:00;24.5;0.0;5.0;3.0;3.0;6.0;6.0;3.0;2.0;0 days 18:22:03;18.3675;1.3338777732407785
0050;3311;Fouillard;weekday;0 days 06:33:00;1 days 01:59:00;39.4;2.0;7.0;4.0;4.0;8.0;10.0;4.0;2.0;0 days 19:26:00;19.433333333333334;2.0274442538593482
0050;3311;Fouillard;weekend;0 days 07:37:00;1 days 01:59:00;24.5;0.0;5.0;3.0;3.0;6.0;6.0;3.0;2.0;0 days 18:22:00;18.366666666666667;1.3339382940108893
0050;3312;Juteauderies;weekday;0 days 06:35:00;1 days 02:01:05;39.4;2.0;7.0;4.0;4.0;8.0;10.0;4.0;2.0;0 days 19:26:05;19.434722222222224;2.027299363967698
0050;3312;Juteauderies;weekend;0 days 07:39:00;1 days 02:01:05;24.5;0.0;5.0;3.0;3.0;6.0;6.0;3.0;2.0;0 days 18:22:05;18.368055555555557;1.3338374291115311
0050;3313;Bocage;weekday;0 days 06:36:00;1 days 02:02:08;39.4;2.0;7.0;4.0;4.0;8.0;10.0;4.0;2.0;0 days 19:26:08;19.435555555555556;2.027212439972559
0050;3313;Bocage;weekend;0 days 07:40:00;1 days 02:02:08;24.5;0.0;5.0;3.0;3.0;6.0;6.0;3.0;2.0;0 days 18:22:08;18.36888888888889;1.3337769174933463
0050;3314;Anne de Bretagne;weekday;0 days 06:04:55;0 days 21:20:00;40.0;3.0;8.0;4.0;4.0;7.0;10.0;4.0;0.0;0 days 15:15:05;15.251388888888888;2.6227119570166653
0050;3314;Anne de Bretagne;weekend;0 days 07:09:46;0 days 21:20:00;23.5;0.0;6.0;3.0;3.0;5.5;6.0;3.0;0.0;0 days 14:10:14;14.170555555555556;1.6583682910573567
0050;3315;Thorigné Mairie;weekday;0 days 06:04:00;0 days 21:19:00;40.0;3.0;8.0;4.0;4.0;7.0;10.0;4.0;0.0;0 days 15:15:00;15.25;2.622950819672131
0050;3315;Thorigné Mairie;weekend;0 days 07:09:00;0 days 21:19:00;23.5;0.0;6.0;3.0;3.0;5.5;6.0;3.0;0.0;0 days 14:10:00;14.166666666666666;1.6588235294117648
0050;3321;Fouillard;weekday;0 days 07:48:31;0 days 07:49:00;1.0;0.0;1.0;0.0;0.0;0.0;0.0;0.0;0.0;0 days 00:00:29;0.008055555555555555;124.13793103448276
0050;3322;Curien;weekday;0 days 06:02:34;0 days 21:18:00;40.0;3.0;8.0;4.0;4.0;7.0;10.0;4.0;0.0;0 days 15:15:26;15.257222222222222;2.621709208753596
0050;3322;Curien;weekend;0 days 07:07:34;0 days 21:18:00;23.5;0.0;6.0;3.0;3.0;5.5;6.0;3.0;0.0;0 days 14:10:26;14.17388888888889;1.6579782855799003
0050;3323;Curien;weekday;0 days 06:39:40;1 days 02:06:00;39.4;1.5;7.5;4.0;4.0;8.0;10.0;4.0;2.0;0 days 19:26:20;19.43888888888889;2.026864818519577
0050;3323;Curien;weekend;0 days 07:43:00;1 days 02:06:00;24.5;0.0;5.0;3.0;3.0;5.75;6.0;3.0;2.5;0 days 18:23:00;18.383333333333333;1.3327289211242068
0051;2401;Champ Devant;weekday;0 days 06:10:00;1 days 02:06:00;119.2;5.0;30.0;11.0;13.0;20.8;31.0;7.0;1.4;0 days 19:56:00;19.933333333333334;5.979933110367893
0051;2401;Champ Devant;weekend;0 days 06:45:00;1 days 02:06:00;51.5;1.0;12.0;5.0;7.0;12.5;13.5;5.0;2.0;0 days 19:21:00;19.35;2.6614987080103356
0051;2402;Omblais;weekday;0 days 06:10:44;0 days 21:16:00;58.8;3.0;15.0;6.0;6.0;10.8;14.0;4.0;0.0;0 days 15:05:16;15.087777777777777;3.8971941969217174
0051;2402;Omblais;weekend;0 days 06:45:44;0 days 21:16:00;25.0;1.0;6.0;2.5;3.5;6.5;6.5;2.5;0.0;0 days 14:30:16;14.504444444444445;1.7236096215719319
0051;2403;Brocéliande;weekday;0 days 06:11:00;0 days 21:16:27;58.8;2.5;15.5;6.0;6.0;10.8;14.0;4.0;0.0;0 days 15:05:27;15.090833333333334;3.896405102435253
0051;2403;Brocéliande;weekend;0 days 06:46:00;0 days 21:17:00;25.0;1.0;6.0;2.5;3.5;6.5;6.5;2.5;0.0;0 days 14:31:00;14.516666666666667;1.7221584385763489
0051;2404;Trégor;weekday;0 days 06:13:00;0 days 21:18:02;58.8;2.0;16.0;6.0;6.0;10.8;14.0;4.0;0.0;0 days 15:05:02;15.08388888888889;3.898198961364222
0051;2404;Trégor;weekend;0 days 06:48:00;0 days 21:19:00;25.0;1.0;6.0;2.5;3.5;6.5;6.5;2.5;0.0;0 days 14:31:00;14.516666666666667;1.7221584385763489
0051;2405;Betton Mairie;weekday;0 days 06:14:00;0 days 21:19:08;58.8;2.0;16.0;6.0;6.0;10.8;14.0;4.0;0.0;0 days 15:05:08;15.085555555555555;3.8977682845989543
0051;2405;Betton Mairie;weekend;0 days 06:49:00;0 days 21:20:00;25.0;1.0;6.0;2.5;3.5;6.5;6.5;2.5;0.0;0 days 14:31:00;14.516666666666667;1.7221584385763489
0051;2406;Betton Centre;weekday;0 days 06:15:00;0 days 21:20:00;58.8;2.0;16.0;6.0;6.0;10.8;14.0;4.0;0.0;0 days 15:05:00;15.083333333333334;3.8983425414364636
0051;2406;Betton Centre;weekend;0 days 06:50:00;0 days 21:21:00;25.0;1.0;6.0;2.5;3.5;6.5;6.5;2.5;0.0;0 days 14:31:00;14.516666666666667;1.7221584385763489
0051;2410;Enseigne Abbaye;weekday;0 days 06:20:00;0 days 21:24:00;58.8;2.0;16.0;6.0;6.0;9.8;15.0;4.0;0.0;0 days 15:04:00;15.066666666666666;3.9026548672566372
0051;2410;Enseigne Abbaye;weekend;0 days 06:53:00;0 days 21:24:00;25.0;1.0;6.0;2.5;3.5;6.5;6.5;2.5;0.0;0 days 14:31:00;14.516666666666667;1.7221584385763489
0051;2411;Betton Vallée;weekday;0 days 06:22:00;0 days 21:26:00;58.8;2.0;16.0;6.0;6.0;9.8;15.0;4.0;0.0;0 days 15:04:00;15.066666666666666;3.9026548672566372
0051;2411;Betton Vallée;weekend;0 days 06:54:43;0 days 21:26:00;25.0;1.0;6.0;2.5;3.5;6.5;6.0;3.0;0.0;0 days 14:31:17;14.52138888888889;1.7215984084779157
0051;2412;Betton Vallée;weekday;0 days 06:22:00;1 days 01:55:00;60.4;3.0;14.0;6.0;6.0;11.0;16.0;4.0;2.0;0 days 19:33:00;19.55;3.0895140664961636
0051;2412;Betton Vallée;weekend;0 days 06:58:00;1 days 01:55:00;26.5;1.0;6.0;3.0;3.0;6.5;6.5;3.0;2.0;0 days 18:57:00;18.95;1.3984168865435356
0051;2413;Enseigne Abbaye;weekday;0 days 06:24:00;1 days 01:56:00;60.4;3.0;14.0;6.0;6.0;11.0;16.0;4.0;2.0;0 days 19:32:00;19.533333333333335;3.092150170648464
0051;2413;Enseigne Abbaye;weekend;0 days 07:00:00;1 days 01:56:00;26.5;0.0;6.0;3.0;3.5;6.0;7.0;3.0;2.0;0 days 18:56:00;18.933333333333334;1.3996478873239437
0051;2417;Betton Centre;weekday;1 days 00:34:49;1 days 02:10:00;2.0;0.0;0.0;0.0;0.0;0.0;0.0;0.0;2.0;0 days 01:35:11;1.5863888888888888;1.2607249168271757
0051;2417;Betton Centre;weekend;1 days 00:34:49;1 days 02:10:00;2.0;0.0;0.0;0.0;0.0;0.0;0.0;0.0;2.0;0 days 01:35:11;1.5863888888888888;1.2607249168271757
0051;2418;Betton Mairie;weekday;0 days 06:28:00;1 days 02:01:21;60.4;2.0;15.0;6.0;6.0;11.0;16.0;4.0;2.0;0 days 19:33:21;19.555833333333332;3.0885924915839262
0051;2418;Betton Mairie;weekend;0 days 07:03:00;1 days 02:01:21;26.5;0.0;6.0;3.0;3.5;6.0;7.0;3.0;2.0;0 days 18:58:21;18.9725;1.3967584662010806
0051;2419;Trégor;weekday;0 days 06:29:41;1 days 02:03:00;60.4;2.0;15.0;6.0;6.0;11.0;16.0;3.5;1.5;0 days 19:33:19;19.55527777777778;3.0886802369351836
0051;2419;Trégor;weekend;0 days 07:04:41;1 days 02:03:00;26.5;0.0;6.0;2.5;4.0;5.75;6.75;3.25;1.6666666666666667;0 days 18:58:19;18.971944444444443;1.396799367487079
0051;2420;Brocéliande;weekday;0 days 06:31:00;1 days 02:04:20;60.4;2.0;15.0;6.0;6.0;10.5;16.5;3.0;1.4;0 days 19:33:20;19.555555555555557;3.0886363636363634
0051;2420;Brocéliande;weekend;0 days 07:06:00;1 days 02:04:20;26.5;0.0;6.0;2.5;3.5;6.0;7.0;2.5;2.0;0 days 18:58:20;18.97222222222222;1.396778916544656
0051;2421;Omblais;weekday;0 days 06:31:53;1 days 02:05:00;60.4;2.0;15.0;6.0;6.0;10.0;17.0;3.0;1.4;0 days 19:33:07;19.551944444444445;3.0892068137582225
0051;2421;Omblais;weekend;0 days 07:06:53;1 days 02:05:00;26.5;0.0;6.0;2.5;3.5;6.0;7.0;2.5;2.0;0 days 18:58:07;18.968611111111112;1.3970448255158374
0051;2430;Betton Rue de Rennes;weekday;0 days 06:17:48;0 days 21:22:14;58.8;2.0;16.0;6.0;6.0;10.3;14.5;4.0;0.0;0 days 15:04:26;15.073888888888888;3.9007850219290163
0051;2430;Betton Rue de Rennes;weekend;0 days 06:51:41;0 days 21:23:00;25.0;1.0;6.0;2.5;3.5;6.5;6.5;2.5;0.0;0 days 14:31:19;14.521944444444445;1.721532546529199
0051;2434;J. Sébastien Bach;weekday;1 days 00:36:32;1 days 02:12:00;2.0;0.0;0.0;0.0;0.0;0.0;0.0;0.0;2.0;0 days 01:35:28;1.5911111111111111;1.2569832402234637
0051;2434;J. Sébastien Bach;weekend;1 days 00:36:32;1 days 02:12:00;2.0;0.0;0.0;0.0;0.0;0.0;0.0;0.0;2.0;0 days 01:35:28;1.5911111111111111;1.2569832402234637
0051;2436;Betton Rue de Rennes;weekday;0 days 06:25:51;1 days 01:58:16;60.4;2.0;15.0;6.0;6.0;11.0;16.0;4.0;2.0;0 days 19:32:25;19.540277777777778;3.091051247423413
0051;2436;Betton Rue de Rennes;weekend;0 days 07:01:00;1 days 01:58:16;26.5;0.0;6.0;3.0;3.5;6.0;7.0;3.0;2.0;0 days 18:57:16;18.954444444444444;1.3980889852863592
0051;2437;Betton Centre;weekday;0 days 06:28:00;1 days 02:01:00;60.4;2.0;15.0;6.0;6.0;11.0;16.0;4.0;2.0;0 days 19:33:00;19.55;3.0895140664961636
0051;2437;Betton Centre;weekend;0 days 07:03:00;1 days 02:01:00;26.5;0.0;6.0;3.0;3.5;6.0;7.0;3.0;2.0;0 days 18:58:00;18.966666666666665;1.3971880492091389
0051;2458;Gentilhommière;weekday;1 days 00:38:00;1 days 02:13:00;2.0;0.0;0.0;0.0;0.0;0.0;0.0;0.0;2.0;0 days 01:35:00;1.5833333333333333;1.2631578947368423
0051;2458;Gentilhommière;weekend;1 days 00:38:00;1 days 02:13:00;2.0;0.0;0.0;0.0;0.0;0.0;0.0;0.0;2.0;0 days 01:35:00;1.5833333333333333;1.2631578947368423
0051;2463;Basse Robinais;weekday;1 days 00:38:52;1 days 02:14:00;2.0;0.0;0.0;0.0;0.0;0.0;0.0;0.0;2.0;0 days 01:35:08;1.5855555555555556;1.2613875262789067
0051;2463;Basse Robinais;weekend;1 days 00:38:52;1 days 02:14:00;2.0;0.0;0.0;0.0;0.0;0.0;0.0;0.0;2.0;0 days 01:35:08;1.5855555555555556;1.2613875262789067
0051;2827;Maison Blanche;weekday;0 days 06:24:45;0 days 21:28:04;58.8;2.0;16.0;6.0;5.5;10.3;15.0;4.0;0.0;0 days 15:03:19;15.055277777777778;3.905607114522408
0051;2827;Maison Blanche;weekend;0 days 06:57:00;0 days 21:28:04;25.0;1.0;6.0;2.5;3.5;6.5;6.0;3.0;0.0;0 days 14:31:04;14.517777777777777;1.7220266340119394
0051;2829;Maison Blanche;weekday;0 days 06:19:50;1 days 01:53:00;60.4;3.0;14.0;6.0;6.0;12.0;15.0;4.0;2.0;0 days 19:33:10;19.552777777777777;3.089075152720557
0051;2829;Maison Blanche;weekend;0 days 06:55:50;1 days 01:53:00;26.5;1.0;6.0;3.0;3.0;6.5;6.5;3.0;2.0;0 days 18:57:10;18.95277777777778;1.3982119302359666
0051;3951;Cropy;weekday;1 days 00:51:00;1 days 02:26:00;2.0;0.0;0.0;0.0;0.0;0.0;0.0;0.0;2.0;0 days 01:35:00;1.5833333333333333;1.2631578947368423
0051;3951;Cropy;weekend;1 days 00:51:00;1 days 02:26:00;2.0;0.0;0.0;0.0;0.0;0.0;0.0;0.0;2.0;0 days 01:35:00;1.5833333333333333;1.2631578947368423
0051;3952;Chesnais;weekday;1 days 00:51:53;1 days 02:27:00;2.0;0.0;0.0;0.0;0.0;0.0;0.0;0.0;2.0;0 days 01:35:07;1.5852777777777778;1.2616085509024006
0051;3952;Chesnais;weekend;1 days 00:51:53;1 days 02:27:00;2.0;0.0;0.0;0.0;0.0;0.0;0.0;0.0;2.0;0 days 01:35:07;1.5852777777777778;1.2616085509024006
0051;3953;Bourg;weekday;1 days 00:53:00;1 days 02:28:13;2.0;0.0;0.0;0.0;0.0;0.0;0.0;0.0;2.0;0 days 01:35:13;1.5869444444444445;1.2602835638018555
0051;3953;Bourg;weekend;1 days 00:53:00;1 days 02:28:13;2.0;0.0;0.0;0.0;0.0;0.0;0.0;0.0;2.0;0 days 01:35:13;1.5869444444444445;1.2602835638018555
0051;3955;Tronchay;weekday;1 days 00:55:00;1 days 02:30:00;2.0;0.0;0.0;0.0;0.0;0.0;0.0;0.0;2.0;0 days 01:35:00;1.5833333333333333;1.2631578947368423
0051;3955;Tronchay;weekend;1 days 00:55:00;1 days 02:30:00;2.0;0.0;0.0;0.0;0.0;0.0;0.0;0.0;2.0;0 days 01:35:00;1.5833333333333333;1.2631578947368423
0051;3960;Terrain des Sports;weekday;1 days 00:54:00;1 days 02:29:14;2.0;0.0;0.0;0.0;0.0;0.0;0.0;0.0;2.0;0 days 01:35:14;1.5872222222222223;1.2600630031501574
0051;3960;Terrain des Sports;weekend;1 days 00:54:00;1 days 02:29:14;2.0;0.0;0.0;0.0;0.0;0.0;0.0;0.0;2.0;0 days 01:35:14;1.5872222222222223;1.2600630031501574
0051;3962;Chesnais;weekday;1 days 00:50:00;1 days 02:25:14;2.0;0.0;0.0;0.0;0.0;0.0;0.0;0.0;2.0;0 days 01:35:14;1.5872222222222223;1.2600630031501574
0051;3962;Chesnais;weekend;1 days 00:50:00;1 days 02:25:14;2.0;0.0;0.0;0.0;0.0;0.0;0.0;0.0;2.0;0 days 01:35:14;1.5872222222222223;1.2600630031501574
0051;4601;Chevaigné Mairie;weekday;1 days 00:43:00;1 days 02:18:00;2.0;0.0;0.0;0.0;0.0;0.0;0.0;0.0;2.0;0 days 01:35:00;1.5833333333333333;1.2631578947368423
0051;4601;Chevaigné Mairie;weekend;1 days 00:43:00;1 days 02:18:00;2.0;0.0;0.0;0.0;0.0;0.0;0.0;0.0;2.0;0 days 01:35:00;1.5833333333333333;1.2631578947368423
0051;4602;Fonderies;weekday;1 days 00:43:38;1 days 02:19:00;2.0;0.0;0.0;0.0;0.0;0.0;0.0;0.0;2.0;0 days 01:35:22;1.5894444444444444;1.258301293254107
0051;4602;Fonderies;weekend;1 days 00:43:38;1 days 02:19:00;2.0;0.0;0.0;0.0;0.0;0.0;0.0;0.0;2.0;0 days 01:35:22;1.5894444444444444;1.258301293254107
0051;4603;Pommiers;weekday;1 days 00:45:00;1 days 02:20:00;2.0;0.0;0.0;0.0;0.0;0.0;0.0;0.0;2.0;0 days 01:35:00;1.5833333333333333;1.2631578947368423
0051;4603;Pommiers;weekend;1 days 00:45:00;1 days 02:20:00;2.0;0.0;0.0;0.0;0.0;0.0;0.0;0.0;2.0;0 days 01:35:00;1.5833333333333333;1.2631578947368423
0051;4608;Chevaigné Gare;weekday;1 days 00:42:00;1 days 02:17:11;2.0;0.0;0.0;0.0;0.0;0.0;0.0;0.0;2.0;0 days 01:35:11;1.5863888888888888;1.2607249168271757
0051;4608;Chevaigné Gare;weekend;1 days 00:42:00;1 days 02:17:11;2.0;0.0;0.0;0.0;0.0;0.0;0.0;0.0;2.0;0 days 01:35:11;1.5863888888888888;1.2607249168271757
0051;4610;Chopinais;weekday;1 days 00:40:00;1 days 02:15:01;2.0;0.0;0.0;0.0;0.0;0.0;0.0;0.0;2.0;0 days 01:35:01;1.583611111111111;1.2629363269601825
0051;4610;Chopinais;weekend;1 days 00:40:00;1 days 02:15:01;2.0;0.0;0.0;0.0;0.0;0.0;0.0;0.0;2.0;0 days 01:35:01;1.583611111111111;1.2629363269601825
0052;2830;Grand Quartier;weekday;0 days 06:36:00;1 days 01:50:00;37.4;1.0;10.0;4.0;3.0;6.0;10.0;3.0;2.0;0 days 19:14:00;19.233333333333334;1.944540727902946
0052;2830;Grand Quartier;weekend;0 days 07:41:00;1 days 01:50:00;23.5;0.0;5.0;2.5;3.0;6.0;6.0;2.5;2.0;0 days 18:09:00;18.15;1.2947658402203859
0052;2860;Robiquette;weekday;0 days 06:36:32;1 days 01:51:00;37.4;1.0;10.0;4.0;3.0;6.0;10.0;3.0;2.0;0 days 19:14:28;19.24111111111111;1.9437546919212336
0052;2860;Robiquette;weekend;0 days 07:41:41;1 days 01:51:00;23.5;0.0;5.0;2.5;3.0;6.0;6.0;2.5;2.0;0 days 18:09:19;18.155277777777776;1.2943894490429781
0052;3102;Pie Neuve;weekday;0 days 06:14:00;0 days 20:41:00;36.0;2.0;10.0;4.0;3.0;7.0;8.0;2.0;0.0;0 days 14:27:00;14.45;2.491349480968858
0052;3102;Pie Neuve;weekend;0 days 07:21:00;0 days 20:41:00;33.0;0.0;6.0;4.0;4.0;9.0;8.0;2.0;0.0;0 days 13:20:00;13.333333333333334;2.475
0052;3103;Docteur Léon;weekday;0 days 06:14:53;0 days 20:42:00;36.0;2.0;10.0;4.0;3.0;7.0;8.0;2.0;0.0;0 days 14:27:07;14.451944444444445;2.49101428104638
0052;3103;Docteur Léon;weekend;0 days 07:21:42;0 days 20:42:00;33.0;0.0;6.0;4.0;4.0;9.0;8.0;2.0;0.0;0 days 13:20:18;13.338333333333333;2.4740722229164063
0052;3104;Touche Milon;weekday;0 days 06:15:40;0 days 20:42:20;36.0;2.0;10.0;3.5;3.5;7.0;8.0;2.0;0.0;0 days 14:26:40;14.444444444444445;2.4923076923076923
0052;3104;Touche Milon;weekend;0 days 07:22:00;0 days 20:42:20;33.0;0.0;6.0;4.0;4.0;9.0;8.0;2.0;0.0;0 days 13:20:20;13.338888888888889;2.473969179508538
0052;3105;Pinault;weekday;0 days 06:45:58;0 days 21:22:00;36.0;1.0;9.0;4.0;3.0;7.0;9.0;3.0;0.0;0 days 14:36:02;14.600555555555555;2.4656596019938357
0052;3105;Pinault;weekend;0 days 07:46:58;0 days 21:22:00;33.0;0.0;5.0;4.0;4.0;9.0;8.0;3.0;0.0;0 days 13:35:02;13.58388888888889;2.4293484929041758
0052;3119;Pinault;weekday;0 days 06:16:00;0 days 20:43:00;36.0;2.0;10.0;3.0;4.0;7.0;8.0;2.0;0.0;0 days 14:27:00;14.45;2.491349480968858
0052;3119;Pinault;weekend;0 days 07:22:58;0 days 20:43:00;33.0;0.0;6.0;4.0;4.0;9.0;8.0;2.0;0.0;0 days 13:20:02;13.33388888888889;2.4748968792966957
0052;3120;Touche Milon;weekday;0 days 06:46:38;0 days 21:23:00;36.0;1.0;9.0;4.0;3.0;7.0;9.0;3.0;0.0;0 days 14:36:22;14.606111111111112;2.464721767905367
0052;3120;Touche Milon;weekend;0 days 07:47:38;0 days 21:23:00;33.0;0.0;5.0;4.0;4.0;9.0;8.0;3.0;0.0;0 days 13:35:22;13.589444444444444;2.4283553411553087
0052;3121;Docteur Léon;weekday;0 days 06:47:00;0 days 21:23:15;36.0;1.0;9.0;4.0;3.0;7.0;9.0;3.0;0.0;0 days 14:36:15;14.604166666666666;2.465049928673324
0052;3121;Docteur Léon;weekend;0 days 07:48:00;0 days 21:23:15;33.0;0.0;5.0;4.0;4.0;9.0;8.0;3.0;0.0;0 days 13:35:15;13.5875;2.4287028518859244
0052;3122;Pie Neuve;weekday;0 days 06:48:00;0 days 21:24:00;36.0;1.0;9.0;4.0;3.0;7.0;9.0;3.0;0.0;0 days 14:36:00;14.6;2.4657534246575343
0052;3122;Pie Neuve;weekend;0 days 07:49:00;0 days 21:24:00;33.0;0.0;5.0;4.0;4.0;8.0;9.0;3.0;0.0;0 days 13:35:00;13.583333333333334;2.429447852760736
0052;3134;Nominoë;weekday;0 days 06:19:00;0 days 20:45:00;36.0;2.0;10.0;3.0;4.0;7.0;8.0;2.0;0.0;0 days 14:26:00;14.433333333333334;2.4942263279445727
0052;3134;Nominoë;weekend;0 days 07:25:00;0 days 20:45:00;33.0;0.0;6.0;4.0;4.0;9.0;8.0;2.0;0.0;0 days 13:20:00;13.333333333333334;2.475
0052;3135;Nominoë;weekday;0 days 06:44:00;0 days 21:20:00;36.0;1.0;9.0;4.0;3.0;7.0;9.0;3.0;0.0;0 days 14:36:00;14.6;2.4657534246575343
0052;3135;Nominoë;weekend;0 days 07:45:00;0 days 21:20:00;33.0;0.0;5.0;4.0;4.0;9.0;8.0;3.0;0.0;0 days 13:35:00;13.583333333333334;2.429447852760736
0052;3500;Silandière;weekday;0 days 06:14:00;0 days 20:52:17;35.0;2.0;10.0;4.0;3.0;6.0;8.0;2.0;0.0;0 days 14:38:17;14.638055555555555;2.391027952255347
0052;3500;Silandière;weekend;0 days 07:18:00;0 days 20:52:17;21.5;0.0;6.0;2.5;3.0;6.0;5.5;1.5;0.0;0 days 13:34:17;13.571388888888889;1.5842151585238553
0052;3501;Fougerolle;weekday;0 days 06:44:00;1 days 01:58:00;36.4;1.0;9.0;4.0;3.0;6.0;9.0;4.0;2.0;0 days 19:14:00;19.233333333333334;1.8925476603119582
0052;3501;Fougerolle;weekend;0 days 07:51:00;1 days 01:59:00;23.5;0.0;5.0;2.5;3.0;5.5;6.0;2.5;3.0;0 days 18:08:00;18.133333333333333;1.2959558823529411
0052;3502;Pierre Texier;weekday;0 days 06:16:54;0 days 20:55:00;37.0;2.0;10.0;4.0;3.0;8.0;8.0;2.0;0.0;0 days 14:38:06;14.635;2.5281858558250767
0052;3502;Pierre Texier;weekend;0 days 07:20:45;0 days 20:55:00;21.5;0.0;6.0;2.5;3.0;6.0;5.5;1.5;0.0;0 days 13:34:15;13.570833333333333;1.5842800122812404
0052;3503;Montgermont Mairie;weekday;0 days 06:17:54;0 days 20:56:00;37.0;2.0;10.0;4.0;3.0;8.0;8.0;2.0;0.0;0 days 14:38:06;14.635;2.5281858558250767
0052;3503;Montgermont Mairie;weekend;0 days 07:21:35;0 days 20:56:00;21.5;0.0;6.0;2.5;3.0;6.0;5.5;1.5;0.0;0 days 13:34:25;13.573611111111111;1.583955796582421
0052;3504;Courtines;weekday;0 days 06:19:00;0 days 20:57:00;37.0;2.0;10.0;4.0;3.0;7.0;9.0;2.0;0.0;0 days 14:38:00;14.633333333333333;2.5284738041002277
0052;3504;Courtines;weekend;0 days 07:22:32;0 days 20:57:00;21.5;0.0;6.0;2.5;3.0;6.0;5.5;1.5;0.0;0 days 13:34:28;13.574444444444444;1.5838585577474014
0052;3505;Belle Epine;weekday;0 days 06:20:00;0 days 20:58:00;37.0;2.0;10.0;4.0;3.0;7.0;9.0;2.0;0.0;0 days 14:38:00;14.633333333333333;2.5284738041002277
0052;3505;Belle Epine;weekend;0 days 07:23:34;0 days 20:58:00;21.5;0.0;6.0;2.5;3.0;6.0;5.5;1.5;0.0;0 days 13:34:26;13.573888888888888;1.5839233823108092
0052;3506;Décoparc;weekday;0 days 06:22:00;0 days 20:59:00;37.0;2.0;10.0;3.0;4.0;7.0;9.0;2.0;0.0;0 days 14:37:00;14.616666666666667;2.5313568985176738
0052;3506;Décoparc;weekend;0 days 07:25:00;0 days 20:59:00;21.5;0.0;6.0;2.5;3.0;6.0;5.5;1.5;0.0;0 days 13:34:00;13.566666666666666;1.5847665847665848
0052;3507;Vizeule;weekday;0 days 06:22:50;0 days 21:00:00;38.0;2.0;10.0;3.0;4.0;8.0;9.0;2.0;0.0;0 days 14:37:10;14.619444444444444;2.5992779783393503
0052;3507;Vizeule;weekend;0 days 07:25:50;0 days 21:00:00;21.5;0.0;6.0;2.5;3.0;6.0;5.5;1.5;0.0;0 days 13:34:10;13.569444444444445;1.5844421699078812
0052;3508;Vizeule;weekday;0 days 06:38:45;1 days 01:53:00;37.4;1.0;10.0;4.0;3.0;6.0;10.0;3.0;2.0;0 days 19:14:15;19.2375;1.9441195581546458
0052;3508;Vizeule;weekend;0 days 07:44:00;1 days 01:53:00;23.5;0.0;5.0;2.5;3.0;6.0;6.0;2.5;2.0;0 days 18:09:00;18.15;1.2947658402203859
0052;3509;Métrie;weekday;0 days 06:40:00;1 days 01:54:00;36.4;1.0;9.0;4.0;3.0;6.0;9.0;4.0;2.0;0 days 19:14:00;19.233333333333334;1.8925476603119582
0052;3509;Métrie;weekend;0 days 07:46:00;1 days 01:54:00;23.5;0.0;5.0;2.5;3.0;6.0;6.0;2.5;2.0;0 days 18:08:00;18.133333333333333;1.2959558823529411
0052;3510;Belle Epine;weekday;0 days 06:40:47;1 days 01:55:00;36.4;1.0;9.0;4.0;3.0;6.0;9.0;4.0;2.0;0 days 19:14:13;19.236944444444443;1.8921923959972853
0052;3510;Belle Epine;weekend;0 days 07:46:59;1 days 01:55:00;23.5;0.0;5.0;2.5;3.0;6.0;6.0;2.5;2.0;0 days 18:08:01;18.13361111111111;1.2959360303916914
0052;3511;Courtines;weekday;0 days 06:41:43;1 days 01:56:00;36.4;1.0;9.0;4.0;3.0;6.0;9.0;4.0;2.0;0 days 19:14:17;19.238055555555555;1.8920831107324891
0052;3511;Courtines;weekend;0 days 07:48:00;1 days 01:56:09;23.5;0.0;5.0;2.5;3.0;6.0;6.0;2.5;2.0;0 days 18:08:09;18.135833333333334;1.2957772365942195
0052;3512;Montgermont Mairie;weekday;0 days 06:42:36;1 days 01:57:00;36.4;1.0;9.0;4.0;3.0;6.0;9.0;4.0;2.0;0 days 19:14:24;19.24;1.8918918918918919
0052;3512;Montgermont Mairie;weekend;0 days 07:49:00;1 days 01:57:15;23.5;0.0;5.0;2.5;3.0;5.5;6.5;2.5;2.0;0 days 18:08:15;18.1375;1.2956581667815301
0052;3513;Pierre Texier;weekday;0 days 06:43:00;1 days 01:57:22;36.4;1.0;9.0;4.0;3.0;6.0;9.0;4.0;2.0;0 days 19:14:22;19.239444444444445;1.8919465219023417
0052;3513;Pierre Texier;weekend;0 days 07:50:00;1 days 01:58:13;23.5;0.0;5.0;2.5;3.0;5.5;6.0;3.0;2.0;0 days 18:08:13;18.136944444444445;1.2956978542875959
0052;3514;Fougerolle;weekday;0 days 06:16:00;0 days 20:54:00;37.0;2.0;10.0;4.0;3.0;8.0;8.0;2.0;0.0;0 days 14:38:00;14.633333333333333;2.5284738041002277
0052;3514;Fougerolle;weekend;0 days 07:20:00;0 days 20:54:00;21.5;0.0;6.0;2.5;3.0;6.0;5.5;1.5;0.0;0 days 13:34:00;13.566666666666666;1.5847665847665848
0052;3515;Silandière;weekday;0 days 06:45:00;1 days 01:59:00;34.4;1.0;7.0;4.0;3.0;6.0;9.0;3.5;1.5;0 days 19:14:00;19.233333333333334;1.7885615251299825
0052;3515;Silandière;weekend;0 days 07:52:00;1 days 02:00:24;23.5;0.0;5.0;2.5;3.0;5.5;6.0;2.25;2.3333333333333335;0 days 18:08:24;18.14;1.2954796030871003
0052;3521;Marebaudière;weekday;0 days 07:58:00;0 days 16:30:01;2.0;0.0;1.0;0.0;0.0;1.0;0.0;0.0;0.0;0 days 08:32:01;8.533611111111112;0.23436737085381332
0052;3705;Saint-Gilles Centre;weekday;0 days 06:08:00;0 days 20:35:00;36.0;2.0;10.0;4.0;3.0;7.0;9.0;1.0;0.0;0 days 14:27:00;14.45;2.491349480968858
0052;3705;Saint-Gilles Centre;weekend;0 days 07:15:00;0 days 20:35:00;33.0;0.0;6.0;4.0;4.0;9.0;9.0;1.0;0.0;0 days 13:20:00;13.333333333333334;2.475
0052;3707;Pont aux Moines;weekday;0 days 06:09:00;0 days 20:36:05;36.0;2.0;10.0;4.0;3.0;7.0;9.0;1.0;0.0;0 days 14:27:05;14.45138888888889;2.491110043248438
0052;3707;Pont aux Moines;weekend;0 days 07:16:00;0 days 20:36:05;33.0;0.0;6.0;4.0;4.0;9.0;9.0;1.0;0.0;0 days 13:20:05;13.334722222222222;2.4747422143526716
0052;3708;Vigne;weekday;0 days 06:10:00;0 days 20:37:00;36.0;2.0;10.0;4.0;3.0;7.0;9.0;1.0;0.0;0 days 14:27:00;14.45;2.491349480968858
0052;3708;Vigne;weekend;0 days 07:17:00;0 days 20:37:00;33.0;0.0;6.0;4.0;4.0;9.0;9.0;1.0;0.0;0 days 13:20:00;13.333333333333334;2.475
0052;3709;Fouaye;weekday;0 days 06:11:38;0 days 20:39:00;36.0;2.0;10.0;4.0;3.0;7.0;9.0;1.0;0.0;0 days 14:27:22;14.456111111111111;2.490296299143
0052;3709;Fouaye;weekend;0 days 07:18:38;0 days 20:39:00;33.0;0.0;6.0;4.0;4.0;9.0;9.0;1.0;0.0;0 days 13:20:22;13.339444444444444;2.4738661446836865
0052;3710;Fouaye;weekday;0 days 06:50:44;0 days 21:26:03;36.0;1.0;9.0;4.0;3.0;6.0;10.0;3.0;0.0;0 days 14:35:19;14.588611111111112;2.46767836402064
0052;3710;Fouaye;weekend;0 days 07:51:00;0 days 21:26:03;33.0;0.0;5.0;4.0;4.0;8.0;9.0;3.0;0.0;0 days 13:35:03;13.584166666666667;2.429298816023557
0052;3711;Vigne;weekday;0 days 06:52:00;0 days 21:27:00;36.0;1.0;9.0;4.0;3.0;6.0;10.0;3.0;0.0;0 days 14:35:00;14.583333333333334;2.4685714285714284
0052;3711;Vigne;weekend;0 days 07:52:00;0 days 21:27:00;33.0;0.0;5.0;4.0;4.0;8.0;9.0;3.0;0.0;0 days 13:35:00;13.583333333333334;2.429447852760736
0052;3712;Pont aux Moines;weekday;0 days 06:53:35;0 days 21:29:00;36.0;1.0;9.0;3.5;3.5;6.0;9.0;4.0;0.0;0 days 14:35:25;14.590277777777779;2.467396477867682
0052;3712;Pont aux Moines;weekend;0 days 07:53:35;0 days 21:29:00;33.0;0.0;5.0;4.0;4.0;8.0;9.0;3.0;0.0;0 days 13:35:25;13.590277777777779;2.4282064384261624
0052;3714;Saint-Gilles Centre;weekday;0 days 06:55:00;0 days 21:30:00;36.0;1.0;9.0;3.0;4.0;6.0;9.0;4.0;0.0;0 days 14:35:00;14.583333333333334;2.4685714285714284
0052;3714;Saint-Gilles Centre;weekend;0 days 07:55:00;0 days 21:30:00;33.0;0.0;5.0;4.0;4.0;8.0;9.0;3.0;0.0;0 days 13:35:00;13.583333333333334;2.429447852760736
0052;3715;Clos des Cerisiers;weekday;0 days 06:06:48;0 days 20:34:00;36.0;3.0;9.0;4.0;3.0;7.0;9.0;1.0;0.0;0 days 14:27:12;14.453333333333333;2.4907749077490777
0052;3715;Clos des Cerisiers;weekend;0 days 07:13:48;0 days 20:34:00;33.0;0.0;6.0;4.0;4.0;9.0;9.0;1.0;0.0;0 days 13:20:12;13.336666666666666;2.4743814046488377
0052;3717;Maison Neuve;weekday;0 days 06:06:00;0 days 20:33:00;36.0;3.0;9.0;4.0;3.0;7.0;9.0;1.0;0.0;0 days 14:27:00;14.45;2.491349480968858
0052;3717;Maison Neuve;weekend;0 days 07:13:00;0 days 20:33:00;33.0;0.0;6.0;4.0;4.0;9.0;9.0;1.0;0.0;0 days 13:20:00;13.333333333333334;2.475
0052;3723;Maison Neuve;weekday;0 days 06:57:00;0 days 21:32:00;36.0;1.0;9.0;3.0;4.0;6.0;9.0;4.0;0.0;0 days 14:35:00;14.583333333333334;2.4685714285714284
0052;3723;Maison Neuve;weekend;0 days 07:57:00;0 days 21:32:00;33.0;0.0;5.0;4.0;4.0;8.0;9.0;3.0;0.0;0 days 13:35:00;13.583333333333334;2.429447852760736
0052;3724;Clos des Cerisiers;weekday;0 days 06:56:00;0 days 21:31:12;36.0;1.0;9.0;3.0;4.0;6.0;9.0;4.0;0.0;0 days 14:35:12;14.586666666666666;2.46800731261426
0052;3724;Clos des Cerisiers;weekend;0 days 07:56:00;0 days 21:31:12;33.0;0.0;5.0;4.0;4.0;8.0;9.0;3.0;0.0;0 days 13:35:12;13.586666666666666;2.4288518155053977
0052;3732;Ile des Bois;weekday;0 days 06:04:00;0 days 21:34:00;72.0;4.0;17.0;8.0;7.0;13.0;18.0;5.0;0.0;0 days 15:30:00;15.5;4.645161290322581
0052;3732;Ile des Bois;weekend;0 days 07:11:00;0 days 21:34:00;66.0;0.0;10.0;8.0;9.0;18.0;17.0;4.0;0.0;0 days 14:23:00;14.383333333333333;4.58864426419467
0052;4053;Métairie;weekday;0 days 06:09:31;0 days 20:48:00;37.0;2.0;10.0;4.0;3.0;8.0;8.0;2.0;0.0;0 days 14:38:29;14.641388888888889;2.527082661405073
0052;4053;Métairie;weekend;0 days 07:13:31;0 days 20:48:00;21.5;0.0;6.0;2.5;3.0;6.0;5.5;1.5;0.0;0 days 13:34:29;13.574722222222222;1.583826147455442
0052;4054;La Chapelle Centre;weekday;0 days 06:10:40;0 days 20:49:00;37.0;2.0;10.0;4.0;3.0;8.0;8.0;2.0;0.0;0 days 14:38:20;14.63888888888889;2.527514231499051
0052;4054;La Chapelle Centre;weekend;0 days 07:14:40;0 days 20:49:00;21.5;0.0;6.0;2.5;3.0;6.0;5.5;1.5;0.0;0 days 13:34:20;13.572222222222223;1.5841178878428162
0052;4055;Viennais;weekday;0 days 06:12:00;0 days 20:50:00;37.0;2.0;10.0;4.0;3.0;8.0;8.0;2.0;0.0;0 days 14:38:00;14.633333333333333;2.5284738041002277
0052;4055;Viennais;weekend;0 days 07:16:00;0 days 20:50:00;21.5;0.0;6.0;2.5;3.0;6.0;5.5;1.5;0.0;0 days 13:34:00;13.566666666666666;1.5847665847665848
0052;4056;Sénestrais;weekday;0 days 06:13:00;0 days 20:51:00;35.0;2.0;10.0;4.0;3.0;6.0;8.0;2.0;0.0;0 days 14:38:00;14.633333333333333;2.3917995444191344
0052;4056;Sénestrais;weekend;0 days 07:17:00;0 days 20:51:00;21.5;0.0;6.0;2.5;3.0;6.0;5.5;1.5;0.0;0 days 13:34:00;13.566666666666666;1.5847665847665848
0052;4057;Sénestrais;weekday;0 days 06:47:00;1 days 02:00:00;34.4;1.0;7.0;4.0;3.0;6.0;9.0;3.0;1.4;0 days 19:13:00;19.216666666666665;1.790112749349523
0052;4057;Sénestrais;weekend;0 days 07:54:00;1 days 02:02:00;23.5;0.0;5.0;2.5;3.0;5.5;6.0;2.0;2.0;0 days 18:08:00;18.133333333333333;1.2959558823529411
0052;4058;Viennais;weekday;0 days 06:48:00;1 days 02:01:00;36.4;1.0;9.0;3.0;4.0;6.0;9.0;3.0;1.4;0 days 19:13:00;19.216666666666665;1.8941890719861232
0052;4058;Viennais;weekend;0 days 07:55:00;1 days 02:03:00;23.5;0.0;5.0;2.5;3.0;5.5;6.0;2.0;2.0;0 days 18:08:00;18.133333333333333;1.2959558823529411
0052;4059;La Chapelle Centre;weekday;0 days 06:48:47;1 days 02:02:00;36.4;1.0;9.0;3.0;4.0;6.0;9.0;3.0;1.4;0 days 19:13:13;19.220277777777778;1.893833191218765
0052;4059;La Chapelle Centre;weekend;0 days 07:55:47;1 days 02:04:00;23.5;0.0;5.0;2.5;3.0;5.5;6.0;2.0;2.0;0 days 18:08:13;18.136944444444445;1.2956978542875959
0052;4060;Métairie;weekday;0 days 06:49:41;1 days 02:03:00;36.4;1.0;9.0;3.0;4.0;6.0;9.0;3.0;1.4;0 days 19:13:19;19.221944444444443;1.8936689836558334
0052;4060;Métairie;weekend;0 days 07:56:41;1 days 02:05:00;23.5;0.0;5.0;2.5;3.0;5.5;6.0;2.0;2.0;0 days 18:08:19;18.13861111111111;1.2955787990627727
0052;4066;Quatre Vents;weekday;0 days 15:52:00;0 days 16:17:00;2.0;0.0;0.0;0.0;0.0;2.0;0.0;0.0;0.0;0 days 00:25:00;0.4166666666666667;4.8
0052;4067;Quatre Vents;weekday;0 days 07:19:00;0 days 07:45:00;2.0;0.0;2.0;0.0;0.0;0.0;0.0;0.0;0.0;0 days 00:26:00;0.43333333333333335;4.615384615384615
0052;4069;Besneraie;weekday;0 days 06:07:00;1 days 02:04:00;73.4;3.0;19.0;7.0;7.0;14.0;17.0;5.0;1.4;0 days 19:57:00;19.95;3.679197994987469
0052;4069;Besneraie;weekend;0 days 07:11:00;1 days 02:06:00;45.0;0.0;11.0;5.0;6.5;11.5;11.0;3.5;2.0;0 days 18:55:00;18.916666666666668;2.3788546255506606
0052;4077;Confortland;weekday;0 days 22:05:54;1 days 02:05:00;1.4;0.0;0.0;0.0;0.0;0.0;0.0;0.0;1.4;0 days 03:59:06;3.985;0.35131744040150564
0052;4077;Confortland;weekend;0 days 11:42:54;1 days 02:07:00;7.0;0.0;0.0;1.0;2.0;3.0;3.0;1.0;2.0;0 days 14:24:06;14.401666666666667;0.4860548547621803
0052;4078;Confortland;weekend;0 days 11:11:45;0 days 20:12:00;10.0;0.0;0.0;1.0;2.0;3.0;3.0;1.0;0.0;0 days 09:00:15;9.004166666666666;1.1105969458583989
0052;4502;Gévezé Mairie;weekend;0 days 11:03:44;0 days 20:04:00;10.0;0.0;0.0;1.0;2.0;3.0;3.0;1.0;0.0;0 days 09:00:16;9.004444444444445;1.1105626850937809
0052;4503;Flume;weekday;0 days 22:13:00;1 days 02:12:00;1.4;0.0;0.0;0.0;0.0;0.0;0.0;0.0;1.4;0 days 03:59:00;3.9833333333333334;0.3514644351464435
0052;4503;Flume;weekend;0 days 11:50:00;1 days 02:14:00;7.0;0.0;0.0;1.0;2.0;3.0;3.0;1.0;2.0;0 days 14:24:00;14.4;0.4861111111111111
0052;4504;Flume;weekend;0 days 11:05:00;0 days 20:05:00;10.0;0.0;0.0;1.0;2.0;3.0;3.0;1.0;0.0;0 days 09:00:00;9.0;1.1111111111111112
0052;4505;Gévezé Mairie;weekday;0 days 22:13:41;1 days 02:13:00;1.4;0.0;0.0;0.0;0.0;0.0;0.0;0.0;1.4;0 days 03:59:19;3.988611111111111;0.350999373215405
0052;4505;Gévezé Mairie;weekend;0 days 11:50:51;1 days 02:15:00;7.0;0.0;0.0;1.0;2.0;3.0;3.0;1.0;2.0;0 days 14:24:09;14.4025;0.48602673147023084
0052;4507;Cheval Blanc;weekday;0 days 22:17:00;1 days 02:16:00;1.4;0.0;0.0;0.0;0.0;0.0;0.0;0.0;1.4;0 days 03:59:00;3.9833333333333334;0.3514644351464435
0052;4507;Cheval Blanc;weekend;0 days 11:00:00;1 days 02:18:00;12.0;0.0;0.0;2.0;4.0;6.0;6.0;2.0;2.0;0 days 15:18:00;15.3;0.7843137254901961
0052;4508;Coualeuc;weekend;0 days 11:00:56;0 days 20:01:00;10.0;0.0;0.0;1.0;2.0;3.0;3.0;1.0;0.0;0 days 09:00:04;9.001111111111111;1.11097395383286
0052;4509;Coualeuc;weekday;0 days 22:15:53;1 days 02:15:00;1.4;0.0;0.0;0.0;0.0;0.0;0.0;0.0;1.4;0 days 03:59:07;3.9852777777777777;0.3512929532306405
0052;4509;Coualeuc;weekend;0 days 11:53:36;1 days 02:17:00;7.0;0.0;0.0;1.0;2.0;3.0;3.0;1.0;2.0;0 days 14:23:24;14.39;0.4864489228630994
0052;4510;Prés Verts;weekend;0 days 11:02:00;0 days 20:02:29;10.0;0.0;0.0;1.0;2.0;3.0;3.0;1.0;0.0;0 days 09:00:29;9.008055555555556;1.1101174874340867
0052;4511;Prés Verts;weekday;0 days 22:14:44;1 days 02:14:00;1.4;0.0;0.0;0.0;0.0;0.0;0.0;0.0;1.4;0 days 03:59:16;3.9877777777777776;0.3510727222067428
0052;4511;Prés Verts;weekend;0 days 11:52:00;1 days 02:16:00;7.0;0.0;0.0;1.0;2.0;3.0;3.0;1.0;2.0;0 days 14:24:00;14.4;0.4861111111111111
0053;3754;Haie de Terre;weekday;0 days 06:26:00;0 days 21:17:19;41.0;2.0;10.0;4.0;5.0;8.0;9.0;3.0;0.0;0 days 14:51:19;14.855277777777777;2.759961854185755
0053;3754;Haie de Terre;weekend;0 days 06:55:00;0 days 21:17:11;23.0;1.0;6.0;3.0;3.0;5.5;6.0;2.0;0.0;0 days 14:22:11;14.369722222222222;1.600587655371054
0053;3755;Vallée;weekday;0 days 06:27:00;0 days 21:18:00;41.0;2.0;10.0;4.0;5.0;8.0;9.0;3.0;0.0;0 days 14:51:00;14.85;2.760942760942761
0053;3755;Vallée;weekend;0 days 06:56:00;0 days 21:18:00;23.0;1.0;6.0;3.0;3.0;5.5;6.0;2.0;0.0;0 days 14:22:00;14.366666666666667;1.6009280742459395
0053;3756;Lion d'Or;weekday;0 days 06:28:00;0 days 21:19:03;41.0;2.0;10.0;4.0;5.0;8.0;9.0;3.0;0.0;0 days 14:51:03;14.850833333333334;2.760787834577184
0053;3756;Lion d'Or;weekend;0 days 06:57:00;0 days 21:19:03;23.0;1.0;6.0;3.0;3.0;5.5;6.0;2.0;0.0;0 days 14:22:03;14.3675;1.6008352183748042
0053;3757;Vezin Centre;weekday;0 days 06:29:00;0 days 21:20:00;41.0;2.0;10.0;4.0;5.0;8.0;9.0;3.0;0.0;0 days 14:51:00;14.85;2.760942760942761
0053;3757;Vezin Centre;weekend;0 days 06:58:00;0 days 21:20:00;23.0;1.0;6.0;3.0;3.0;5.5;6.0;2.0;0.0;0 days 14:22:00;14.366666666666667;1.6009280742459395
0053;3758;Tertre;weekday;0 days 06:31:00;0 days 21:22:00;41.0;2.0;10.0;4.0;5.0;8.0;9.0;3.0;0.0;0 days 14:51:00;14.85;2.760942760942761
0053;3758;Tertre;weekend;0 days 06:59:47;0 days 21:22:00;23.0;1.0;5.5;3.0;3.0;6.0;6.0;2.0;0.0;0 days 14:22:13;14.370277777777778;1.600525776583612
0053;3759;Champ Noël;weekday;0 days 06:32:52;0 days 21:23:19;41.0;2.0;10.0;4.0;4.5;8.5;9.0;3.0;0.0;0 days 14:50:27;14.840833333333334;2.762648099275647
0053;3759;Champ Noël;weekend;0 days 07:01:00;0 days 21:23:19;23.0;0.0;6.0;3.0;3.0;6.0;6.0;2.0;0.0;0 days 14:22:19;14.371944444444445;1.6003401689247956
0053;3760;Champ Noël;weekday;0 days 06:31:00;1 days 01:46:00;40.4;2.0;8.0;4.0;5.0;9.0;8.0;4.0;2.0;0 days 19:15:00;19.25;2.0987012987012985
0053;3760;Champ Noël;weekend;0 days 07:35:38;1 days 01:47:00;24.0;0.0;5.0;2.5;3.0;6.0;5.5;3.5;2.0;0 days 18:11:22;18.189444444444444;1.3194465654683731
0053;3761;Tertre;weekday;0 days 06:33:00;1 days 01:47:18;40.4;2.0;8.0;3.0;6.0;9.0;8.0;4.0;2.0;0 days 19:14:18;19.238333333333333;2.099974010222646
0053;3761;Tertre;weekend;0 days 07:37:00;1 days 01:48:18;24.0;0.0;5.0;2.5;3.0;6.0;5.5;3.5;2.0;0 days 18:11:18;18.188333333333333;1.319527169430954
0053;3762;Vezin Centre;weekday;0 days 06:35:00;1 days 01:49:00;40.4;1.0;8.0;4.0;6.0;9.0;8.0;3.0;1.4;0 days 19:14:00;19.233333333333334;2.10051993067591
0053;3762;Vezin Centre;weekend;0 days 07:39:00;1 days 01:50:00;24.0;0.0;5.0;2.5;3.0;6.0;5.5;3.0;3.0;0 days 18:11:00;18.183333333333334;1.319890009165903
0053;3763;Lion d'Or;weekday;0 days 06:36:00;1 days 01:50:08;40.4;1.0;8.0;4.0;6.0;9.0;8.0;3.0;1.4;0 days 19:14:08;19.235555555555557;2.100277264325323
0053;3763;Lion d'Or;weekend;0 days 07:40:00;1 days 01:51:08;24.0;0.0;5.0;2.5;3.0;6.0;5.5;3.0;3.0;0 days 18:11:08;18.185555555555556;1.3197287224292784
0053;3764;Vallée;weekday;0 days 06:37:00;1 days 01:51:00;40.4;1.0;8.0;4.0;6.0;9.0;8.0;3.0;1.4;0 days 19:14:00;19.233333333333334;2.10051993067591
0053;3764;Vallée;weekend;0 days 07:41:00;1 days 01:52:00;24.0;0.0;5.0;2.5;3.0;6.0;5.5;2.5;2.0;0 days 18:11:00;18.183333333333334;1.319890009165903
0053;3765;Haie de Terre;weekday;0 days 06:37:42;1 days 01:52:00;40.4;1.0;8.0;4.0;5.5;9.5;8.0;3.0;1.4;0 days 19:14:18;19.238333333333333;2.099974010222646
0053;3765;Haie de Terre;weekend;0 days 07:41:42;1 days 01:53:00;24.0;0.0;5.0;2.5;3.0;6.0;5.5;2.5;2.0;0 days 18:11:18;18.188333333333333;1.319527169430954
0053;3770;Champs Bleus;weekday;0 days 06:30:00;0 days 21:21:00;41.0;2.0;10.0;4.0;5.0;8.0;9.0;3.0;0.0;0 days 14:51:00;14.85;2.760942760942761
0053;3770;Champs Bleus;weekend;0 days 06:58:56;0 days 21:21:00;23.0;1.0;6.0;3.0;3.0;5.5;6.0;2.0;0.0;0 days 14:22:04;14.367777777777778;1.6008042688113835
0053;3771;Champs Bleus;weekday;0 days 06:34:00;1 days 01:48:14;40.4;2.0;7.0;4.0;6.0;9.0;8.0;4.0;2.0;0 days 19:14:14;19.237222222222222;2.1000953013544343
0053;3771;Champs Bleus;weekend;0 days 07:38:00;1 days 01:49:14;24.0;0.0;5.0;2.5;3.0;6.0;5.5;3.5;2.0;0 days 18:11:14;18.18722222222222;1.319607783242203
0053;4252;Rochers;weekday;0 days 06:12:00;0 days 21:07:00;40.0;2.0;9.0;4.0;5.0;9.0;8.0;3.0;0.0;0 days 14:55:00;14.916666666666666;2.681564245810056
0053;4252;Rochers;weekend;0 days 06:42:00;0 days 21:07:00;23.0;1.0;6.0;3.0;3.0;6.0;5.5;2.0;0.0;0 days 14:25:00;14.416666666666666;1.5953757225433527
0053;4253;Piardière;weekday;0 days 06:14:00;0 days 21:09:00;40.0;2.0;9.0;4.0;5.0;9.0;8.0;3.0;0.0;0 days 14:55:00;14.916666666666666;2.681564245810056
0053;4253;Piardière;weekend;0 days 06:44:00;0 days 21:08:29;23.0;1.0;6.0;3.0;3.0;6.0;5.5;2.0;0.0;0 days 14:24:29;14.408055555555556;1.596329213981376
0053;4254;Grippière;weekday;0 days 06:15:43;0 days 21:10:00;40.0;2.0;9.0;4.0;5.0;9.0;8.0;3.0;0.0;0 days 14:54:17;14.904722222222222;2.683713215423896
0053;4254;Grippière;weekend;0 days 06:45:00;0 days 21:09:19;23.0;1.0;6.0;3.0;3.0;6.0;5.5;2.0;0.0;0 days 14:24:19;14.405277777777778;1.5966370350373127
0053;4255;Grippière;weekday;0 days 06:46:00;1 days 02:01:06;39.4;1.0;8.0;4.0;5.0;9.0;9.0;3.0;2.0;0 days 19:15:06;19.251666666666665;2.046576054021297
0053;4255;Grippière;weekend;0 days 07:50:00;1 days 02:02:06;23.0;0.0;5.0;2.5;3.0;6.0;5.5;2.5;2.0;0 days 18:12:06;18.201666666666668;1.263620547568904
0053;4256;Piardière;weekday;0 days 06:47:00;1 days 02:02:28;39.4;1.0;8.0;4.0;5.0;9.0;9.0;3.0;2.0;0 days 19:15:28;19.25777777777778;2.0459266097392104
0053;4256;Piardière;weekend;0 days 07:51:00;1 days 02:03:28;23.0;0.0;5.0;2.5;3.0;5.5;6.0;2.5;2.0;0 days 18:12:28;18.20777777777778;1.2631964361994263
0053;4257;Rochers;weekday;0 days 06:49:00;1 days 02:05:00;39.4;1.0;8.0;4.0;5.0;9.0;9.0;3.0;2.0;0 days 19:16:00;19.266666666666666;2.0449826989619377
0053;4257;Rochers;weekend;0 days 07:53:00;1 days 02:06:00;23.0;0.0;5.0;2.5;3.0;5.5;6.0;2.5;2.0;0 days 18:13:00;18.216666666666665;1.2625800548947852
0053;4264;Place de la Mairie;weekday;0 days 06:10:38;0 days 21:06:00;40.0;2.0;9.0;4.0;5.5;8.5;8.0;3.0;0.0;0 days 14:55:22;14.922777777777778;2.680466103272402
0053;4264;Place de la Mairie;weekend;0 days 06:40:38;0 days 21:06:00;23.0;1.0;6.0;3.0;3.0;6.0;5.5;2.0;0.0;0 days 14:25:22;14.422777777777778;1.594699741920573
0053;4267;Ville aux Archers;weekday;0 days 06:10:00;0 days 21:26:00;79.0;3.0;17.0;8.0;11.0;17.0;17.0;6.0;0.0;0 days 15:16:00;15.266666666666667;5.174672489082969
0053;4267;Ville aux Archers;weekend;0 days 06:40:00;0 days 21:28:00;45.0;1.0;11.0;5.5;6.0;11.5;11.5;4.5;0.0;0 days 14:48:00;14.8;3.0405405405405403
0053;4269;Place de la Mairie;weekday;0 days 06:50:00;1 days 02:06:00;39.4;1.0;8.0;4.0;5.0;9.0;9.0;3.0;2.0;0 days 19:16:00;19.266666666666666;2.0449826989619377
0053;4269;Place de la Mairie;weekend;0 days 07:54:00;1 days 02:07:00;23.0;0.0;5.0;2.5;3.0;5.5;6.0;2.5;2.0;0 days 18:13:00;18.216666666666665;1.2625800548947852
0053;4270;Ville aux Archers;weekday;1 days 00:31:00;1 days 02:06:00;2.0;0.0;0.0;0.0;0.0;0.0;0.0;0.0;2.0;0 days 01:35:00;1.5833333333333333;1.2631578947368423
0053;4270;Ville aux Archers;weekend;1 days 00:32:00;1 days 02:07:00;2.0;0.0;0.0;0.0;0.0;0.0;0.0;0.0;2.0;0 days 01:35:00;1.5833333333333333;1.2631578947368423
0053;4301;Hautière;weekday;0 days 06:18:31;0 days 21:12:00;40.0;2.0;9.0;4.0;5.0;9.0;8.0;3.0;0.0;0 days 14:53:29;14.891388888888889;2.686116137215766
0053;4301;Hautière;weekend;0 days 06:47:42;0 days 21:11:04;23.0;1.0;6.0;3.0;3.0;6.0;5.5;2.0;0.0;0 days 14:23:22;14.389444444444445;1.5983938844060075
0053;4302;ESAT La Hautière;weekday;0 days 08:51:00;0 days 17:14:00;2.2;0.0;1.0;0.0;0.0;1.0;1.0;0.0;0.0;0 days 08:23:00;8.383333333333333;0.2624254473161034
0053;4303;L'Hermitage Gare;weekday;0 days 06:19:00;0 days 21:12:28;40.0;2.0;9.0;4.0;5.0;9.0;8.0;3.0;0.0;0 days 14:53:28;14.891111111111112;2.686166243844202
0053;4303;L'Hermitage Gare;weekend;0 days 06:48:00;0 days 21:12:00;23.0;1.0;6.0;3.0;3.0;6.0;5.5;2.0;0.0;0 days 14:24:00;14.4;1.597222222222222
0053;4304;L'Hermitage Centre;weekday;0 days 06:43:00;1 days 01:57:00;40.4;1.0;8.0;4.0;5.0;9.0;9.0;3.0;1.4;0 days 19:14:00;19.233333333333334;2.10051993067591
0053;4304;L'Hermitage Centre;weekend;0 days 07:47:00;1 days 01:58:00;24.0;0.0;5.0;2.5;3.0;6.0;5.5;2.5;2.0;0 days 18:11:00;18.183333333333334;1.319890009165903
0053;4305;Village;weekday;0 days 06:20:33;0 days 21:13:23;41.0;2.0;10.0;4.0;5.0;8.5;8.5;3.0;0.0;0 days 14:52:50;14.880555555555556;2.7552734739593054
0053;4305;Village;weekend;0 days 06:49:33;0 days 21:12:28;23.0;1.0;6.0;3.0;3.0;6.0;5.5;2.0;0.0;0 days 14:22:55;14.381944444444445;1.5992274263640753
0053;4306;Clairefontaine;weekday;0 days 06:21:00;0 days 21:14:00;41.0;2.0;10.0;4.0;5.0;8.0;9.0;3.0;0.0;0 days 14:53:00;14.883333333333333;2.7547592385218365
0053;4306;Clairefontaine;weekend;0 days 06:50:00;0 days 21:13:07;23.0;1.0;6.0;3.0;3.0;6.0;5.5;2.0;0.0;0 days 14:23:07;14.385277777777778;1.5988568559677139
0053;4307;Clairefontaine;weekday;0 days 06:41:58;1 days 01:56:00;40.4;1.0;8.0;4.0;5.0;9.0;9.0;3.0;1.4;0 days 19:14:02;19.233888888888888;2.100459258831345
0053;4307;Clairefontaine;weekend;0 days 07:45:58;1 days 01:57:00;24.0;0.0;5.0;2.5;3.0;6.0;5.5;2.5;2.0;0 days 18:11:02;18.183888888888887;1.3198496837860134
0053;4308;Village;weekday;0 days 06:42:38;1 days 01:57:00;40.4;1.0;8.0;4.0;5.0;9.0;9.0;3.0;1.4;0 days 19:14:22;19.239444444444445;2.099852733100401
0053;4308;Village;weekend;0 days 07:46:38;1 days 01:58:00;24.0;0.0;5.0;2.5;3.0;6.0;5.5;2.5;2.0;0 days 18:11:22;18.189444444444444;1.3194465654683731
0053;4310;L'Hermitage Gare;weekday;0 days 06:43:30;1 days 01:58:00;39.4;1.0;8.0;4.0;5.0;9.0;9.0;3.0;2.0;0 days 19:14:30;19.241666666666667;2.047639670853183
0053;4310;L'Hermitage Gare;weekend;0 days 07:47:30;1 days 01:59:00;23.0;0.0;5.0;2.5;3.0;6.0;5.5;2.5;2.0;0 days 18:11:30;18.191666666666666;1.2643151626202473
0053;4311;Hautière;weekday;0 days 06:43:58;1 days 01:58:15;39.4;1.0;8.0;4.0;5.0;9.0;9.0;3.0;2.0;0 days 19:14:17;19.238055555555555;2.0480240264522
0053;4311;Hautière;weekend;0 days 07:47:58;1 days 01:59:15;23.0;0.0;5.0;2.5;3.0;6.0;5.5;2.5;2.0;0 days 18:11:17;18.188055555555554;1.2645661835453672
0053;4315;Noë Biche;weekday;0 days 06:41:00;1 days 01:55:22;40.4;1.0;8.0;4.0;5.0;9.0;9.0;3.0;1.4;0 days 19:14:22;19.239444444444445;2.099852733100401
0053;4315;Noë Biche;weekend;0 days 07:45:00;1 days 01:56:22;24.0;0.0;5.0;2.5;3.0;6.0;5.5;2.5;2.0;0 days 18:11:22;18.189444444444444;1.3194465654683731
0053;4316;Noë Biche;weekday;0 days 06:22:00;0 days 21:14:28;41.0;2.0;10.0;4.0;5.0;8.0;9.0;3.0;0.0;0 days 14:52:28;14.874444444444444;2.756405467991335
0053;4316;Noë Biche;weekend;0 days 06:51:00;0 days 21:14:00;23.0;1.0;6.0;3.0;3.0;5.75;5.75;2.0;0.0;0 days 14:23:00;14.383333333333333;1.5990730011587486
0053;4322;L'Hermitage Centre;weekday;0 days 06:20:00;0 days 21:13:00;41.0;2.0;10.0;4.0;5.0;9.0;8.0;3.0;0.0;0 days 14:53:00;14.883333333333333;2.7547592385218365
0053;4322;L'Hermitage Centre;weekend;0 days 06:49:00;0 days 21:12:00;23.0;1.0;6.0;3.0;3.0;6.0;5.5;2.0;0.0;0 days 14:23:00;14.383333333333333;1.5990730011587486
0053;4403;Bouvrais;weekday;1 days 00:46:48;1 days 02:22:00;2.0;0.0;0.0;0.0;0.0;0.0;0.0;0.0;2.0;0 days 01:35:12;1.5866666666666667;1.2605042016806722
0053;4403;Bouvrais;weekend;1 days 00:47:48;1 days 02:23:00;2.0;0.0;0.0;0.0;0.0;0.0;0.0;0.0;2.0;0 days 01:35:12;1.5866666666666667;1.2605042016806722
0053;4408;Le Verger Eglise;weekday;1 days 00:47:00;1 days 02:22:00;2.0;0.0;0.0;0.0;0.0;0.0;0.0;0.0;2.0;0 days 01:35:00;1.5833333333333333;1.2631578947368423
0053;4408;Le Verger Eglise;weekend;1 days 00:48:00;1 days 02:23:00;2.0;0.0;0.0;0.0;0.0;0.0;0.0;0.0;2.0;0 days 01:35:00;1.5833333333333333;1.2631578947368423
0053;4670;Chêne Vert;weekday;1 days 00:35:00;1 days 02:10:00;2.0;0.0;0.0;0.0;0.0;0.0;0.0;0.0;2.0;0 days 01:35:00;1.5833333333333333;1.2631578947368423
0053;4670;Chêne Vert;weekend;1 days 00:36:00;1 days 02:11:00;2.0;0.0;0.0;0.0;0.0;0.0;0.0;0.0;2.0;0 days 01:35:00;1.5833333333333333;1.2631578947368423
0053;4671;Clos de la Vallée;weekday;1 days 00:35:38;1 days 02:11:00;2.0;0.0;0.0;0.0;0.0;0.0;0.0;0.0;2.0;0 days 01:35:22;1.5894444444444444;1.258301293254107
0053;4671;Clos de la Vallée;weekend;1 days 00:36:38;1 days 02:12:00;2.0;0.0;0.0;0.0;0.0;0.0;0.0;0.0;2.0;0 days 01:35:22;1.5894444444444444;1.258301293254107
0054;2501;Noë Diolé;weekday;0 days 06:02:33;0 days 20:39:00;33.0;3.0;7.0;2.0;3.0;7.0;9.0;2.0;0.0;0 days 14:36:27;14.6075;2.2591134691083345
0054;2501;Noë Diolé;weekend;0 days 07:12:33;0 days 20:38:00;15.0;0.0;5.0;2.0;2.0;3.0;4.5;2.0;0.0;0 days 13:25:27;13.424166666666666;1.1173877956421876
0054;2502;Lycée Monod;weekday;0 days 06:05:00;0 days 21:05:00;38.0;3.0;8.0;4.0;4.0;7.0;9.0;3.0;0.0;0 days 15:00:00;15.0;2.533333333333333
0054;2502;Lycée Monod;weekend;0 days 07:15:00;0 days 21:05:00;23.0;0.0;6.0;3.0;3.0;6.0;6.0;2.0;0.0;0 days 13:50:00;13.833333333333334;1.6626506024096386
0054;2505;Bouleaux;weekday;0 days 06:11:00;0 days 21:10:00;38.0;3.0;8.0;4.0;4.0;7.0;9.0;3.0;0.0;0 days 14:59:00;14.983333333333333;2.5361512791991103
0054;2505;Bouleaux;weekend;0 days 07:20:31;0 days 21:10:00;23.0;0.0;6.0;3.0;3.0;6.0;6.0;2.0;0.0;0 days 13:49:29;13.824722222222222;1.6636862303843758
0054;2506;Genêts;weekday;0 days 06:13:00;0 days 21:11:00;38.0;3.0;8.0;4.0;4.0;7.0;9.0;3.0;0.0;0 days 14:58:00;14.966666666666667;2.538975501113586
0054;2506;Genêts;weekend;0 days 07:22:00;0 days 21:11:00;23.0;0.0;6.0;3.0;3.0;6.0;6.0;2.0;0.0;0 days 13:49:00;13.816666666666666;1.6646562123039808
0054;2507;Barberais;weekday;0 days 06:14:00;0 days 21:12:28;38.0;2.5;8.5;4.0;4.0;7.0;9.0;3.0;0.0;0 days 14:58:28;14.974444444444444;2.5376567485345403
0054;2507;Barberais;weekend;0 days 07:23:00;0 days 21:12:28;23.0;0.0;6.0;3.0;3.0;6.0;6.0;2.0;0.0;0 days 13:49:28;13.824444444444444;1.6637196592187753
0054;2508;Les Pins;weekday;0 days 06:15:00;0 days 21:13:17;38.0;2.0;9.0;4.0;4.0;7.0;9.0;3.0;0.0;0 days 14:58:17;14.971388888888889;2.538174666493497
0054;2508;Les Pins;weekend;0 days 07:24:00;0 days 21:13:17;23.0;0.0;6.0;3.0;3.0;5.5;6.5;2.0;0.0;0 days 13:49:17;13.821388888888889;1.6640874650802902
0054;2509;Pont d'Avoine;weekday;0 days 06:17:00;0 days 21:15:00;38.0;2.0;9.0;4.0;4.0;6.0;9.0;4.0;0.0;0 days 14:58:00;14.966666666666667;2.538975501113586
0054;2509;Pont d'Avoine;weekend;0 days 07:26:00;0 days 21:15:00;23.0;0.0;6.0;3.0;3.0;5.5;6.0;2.5;0.0;0 days 13:49:00;13.816666666666666;1.6646562123039808
0054;2510;Plessix Saucourt;weekday;0 days 06:19:00;0 days 21:17:27;38.0;2.0;8.0;4.0;4.0;7.0;9.0;4.0;0.0;0 days 14:58:27;14.974166666666667;2.537703823251155
0054;2510;Plessix Saucourt;weekend;0 days 07:28:00;0 days 21:17:27;23.0;0.0;6.0;2.5;3.0;6.0;6.0;2.5;0.0;0 days 13:49:27;13.824166666666667;1.6637530893965882
0054;2511;Plessix Saucourt;weekday;0 days 06:22:46;1 days 01:49:00;38.4;2.0;8.0;4.0;4.0;8.0;8.0;4.0;2.0;0 days 19:26:14;19.43722222222222;1.9755909337754023
0054;2511;Plessix Saucourt;weekend;0 days 07:07:00;1 days 01:47:12;24.5;0.0;6.0;3.0;3.0;6.0;5.5;3.0;2.0;0 days 18:40:12;18.67;1.3122656668452062
0054;2512;Pont d'Avoine;weekday;0 days 06:25:00;1 days 01:51:00;38.4;2.0;8.0;4.0;4.0;8.0;8.0;3.0;1.4;0 days 19:26:00;19.433333333333334;1.9759862778730701
0054;2512;Pont d'Avoine;weekend;0 days 07:09:00;1 days 01:49:00;24.5;0.0;6.0;3.0;3.0;6.0;5.5;2.5;1.5;0 days 18:40:00;18.666666666666668;1.3125
0054;2513;Les Pins;weekday;0 days 06:26:44;1 days 01:53:00;38.4;2.0;8.0;4.0;4.0;8.0;8.0;3.0;1.4;0 days 19:26:16;19.43777777777778;1.9755344689607863
0054;2513;Les Pins;weekend;0 days 07:10:44;1 days 01:51:00;24.5;0.0;6.0;3.0;3.0;6.0;5.5;2.0;2.0;0 days 18:40:16;18.67111111111111;1.3121875743870508
0054;2514;Barberais;weekday;0 days 06:27:34;1 days 01:54:00;38.4;2.0;8.0;4.0;4.0;8.0;8.0;3.0;1.4;0 days 19:26:26;19.440555555555555;1.975252193295802
0054;2514;Barberais;weekend;0 days 07:11:34;1 days 01:52:00;24.5;0.0;6.0;3.0;3.0;6.0;5.5;2.0;2.0;0 days 18:40:26;18.67388888888889;1.3119923838990866
0054;2515;Genêts;weekday;0 days 06:29:00;1 days 01:55:00;38.4;2.0;8.0;4.0;4.0;8.0;8.0;3.0;1.4;0 days 19:26:00;19.433333333333334;1.9759862778730701
0054;2515;Genêts;weekend;0 days 07:13:00;1 days 01:53:00;24.5;0.0;6.0;3.0;3.0;6.0;5.5;2.0;2.0;0 days 18:40:00;18.666666666666668;1.3125
0054;2516;Bouleaux;weekday;0 days 06:30:00;1 days 01:56:09;38.4;2.0;8.0;4.0;4.0;8.0;8.0;3.0;1.4;0 days 19:26:09;19.435833333333335;1.9757321099343992
0054;2516;Bouleaux;weekend;0 days 07:14:00;1 days 01:54:09;24.5;0.0;6.0;3.0;3.0;6.0;5.5;2.0;2.0;0 days 18:40:09;18.669166666666666;1.3123242422889791
0054;2519;Lycée Monod;weekday;0 days 06:35:00;0 days 21:27:00;37.0;2.0;8.0;4.0;4.0;7.0;9.0;3.0;0.0;0 days 14:52:00;14.866666666666667;2.4887892376681613
0054;2519;Lycée Monod;weekend;0 days 07:19:00;0 days 21:24:00;22.5;0.0;6.0;3.0;3.0;5.5;6.0;2.0;0.0;0 days 14:05:00;14.083333333333334;1.5976331360946745
0054;2520;Noë Diolé;weekday;0 days 06:37:00;0 days 21:29:17;32.0;2.0;6.0;2.0;3.0;7.0;9.0;3.0;0.0;0 days 14:52:17;14.87138888888889;2.151782879130321
0054;2520;Noë Diolé;weekend;0 days 07:21:00;0 days 21:26:17;15.0;0.0;5.0;1.5;2.0;3.5;4.0;1.5;0.0;0 days 14:05:17;14.088055555555556;1.0647317467515822
0054;2539;Acquêts;weekday;0 days 22:10:00;1 days 02:00:20;1.4;0.0;0.0;0.0;0.0;0.0;0.0;0.0;1.4;0 days 03:50:20;3.838888888888889;0.3646888567293777
0054;2539;Acquêts;weekend;0 days 22:08:00;1 days 01:58:20;2.0;0.0;0.0;0.0;0.0;0.0;0.0;0.0;2.0;0 days 03:50:20;3.838888888888889;0.5209840810419681
0054;2541;Egalité;weekday;0 days 22:11:00;1 days 02:01:00;1.4;0.0;0.0;0.0;0.0;0.0;0.0;0.0;1.4;0 days 03:50:00;3.8333333333333335;0.36521739130434777
0054;2541;Egalité;weekend;0 days 22:09:00;1 days 01:59:00;2.0;0.0;0.0;0.0;0.0;0.0;0.0;0.0;2.0;0 days 03:50:00;3.8333333333333335;0.5217391304347826
0054;2543;Platanes;weekday;0 days 06:31:00;1 days 01:57:00;38.4;2.0;8.0;4.0;4.0;8.0;8.0;3.0;1.4;0 days 19:26:00;19.433333333333334;1.9759862778730701
0054;2543;Platanes;weekend;0 days 07:15:00;1 days 01:55:00;24.5;0.0;6.0;3.0;3.0;6.0;5.5;2.0;2.0;0 days 18:40:00;18.666666666666668;1.3125
0054;2544;Trémelière;weekday;0 days 06:32:34;1 days 01:58:00;38.4;2.0;8.0;4.0;4.0;7.0;9.0;3.0;1.4;0 days 19:25:26;19.42388888888889;1.976947058318794
0054;2544;Trémelière;weekend;0 days 07:16:34;1 days 01:56:00;24.5;0.0;6.0;3.0;3.0;6.0;5.5;2.0;2.0;0 days 18:39:26;18.657222222222224;1.3131643986540809
0054;2545;Trémelière;weekday;0 days 06:08:00;0 days 21:08:00;38.0;3.0;8.0;4.0;4.0;7.0;9.0;3.0;0.0;0 days 15:00:00;15.0;2.533333333333333
0054;2545;Trémelière;weekend;0 days 07:17:57;0 days 21:08:00;23.0;0.0;6.0;3.0;3.0;6.0;6.0;2.0;0.0;0 days 13:50:03;13.834166666666667;1.6625504487681466
0054;2546;Platanes;weekday;0 days 06:09:46;0 days 21:09:00;38.0;3.0;8.0;4.0;4.0;7.0;9.0;3.0;0.0;0 days 14:59:14;14.987222222222222;2.53549319790933
0054;2546;Platanes;weekend;0 days 07:19:00;0 days 21:09:00;23.0;0.0;6.0;3.0;3.0;6.0;6.0;2.0;0.0;0 days 13:50:00;13.833333333333334;1.6626506024096386
0054;2547;Clos Joury;weekday;0 days 06:33:39;1 days 01:59:00;38.4;2.0;8.0;4.0;4.0;7.0;9.0;3.0;1.4;0 days 19:25:21;19.4225;1.9770884283691594
0054;2547;Clos Joury;weekend;0 days 07:17:39;1 days 01:57:00;24.5;0.0;6.0;3.0;3.0;6.0;5.5;2.0;2.0;0 days 18:39:21;18.655833333333334;1.3132621610756243
0054;2548;Clos Joury;weekday;0 days 06:06:47;0 days 21:06:20;38.0;3.0;8.0;4.0;4.0;7.0;9.0;3.0;0.0;0 days 14:59:33;14.9925;2.5346006336501583
0054;2548;Clos Joury;weekend;0 days 07:16:34;0 days 21:06:20;23.0;0.0;6.0;3.0;3.0;6.0;6.0;2.0;0.0;0 days 13:49:46;13.829444444444444;1.6631181456634396
0054;3752;Trois Marches;weekday;0 days 06:21:00;0 days 21:19:00;38.0;2.0;8.0;4.0;4.0;7.0;9.0;4.0;0.0;0 days 14:58:00;14.966666666666667;2.538975501113586
0054;3752;Trois Marches;weekend;0 days 07:30:00;0 days 21:19:00;23.0;0.0;6.0;2.5;3.0;6.0;6.0;2.5;0.0;0 days 13:49:00;13.816666666666666;1.6646562123039808
0054;3766;Trois Marches;weekday;0 days 06:21:00;1 days 01:47:21;38.4;2.0;8.0;4.0;4.0;8.0;8.0;4.0;2.0;0 days 19:26:21;19.439166666666665;1.9753933210442836
0054;3766;Trois Marches;weekend;0 days 07:06:00;1 days 01:46:04;24.5;0.0;6.0;3.0;3.0;6.0;5.5;3.0;2.0;0 days 18:40:04;18.66777777777778;1.3124218796500207
0054;3859;Vivier des Bois;weekday;0 days 22:13:00;1 days 02:03:00;1.4;0.0;0.0;0.0;0.0;0.0;0.0;0.0;1.4;0 days 03:50:00;3.8333333333333335;0.36521739130434777
0054;3859;Vivier des Bois;weekend;0 days 22:11:00;1 days 02:01:00;2.0;0.0;0.0;0.0;0.0;0.0;0.0;0.0;2.0;0 days 03:50:00;3.8333333333333335;0.5217391304347826
0054;3860;Grande Fontaine;weekday;0 days 22:14:00;1 days 02:04:11;1.4;0.0;0.0;0.0;0.0;0.0;0.0;0.0;1.4;0 days 03:50:11;3.836388888888889;0.36492650785605674
0054;3860;Grande Fontaine;weekend;0 days 22:12:00;1 days 02:02:11;2.0;0.0;0.0;0.0;0.0;0.0;0.0;0.0;2.0;0 days 03:50:11;3.836388888888889;0.5213235826515097
0054;3861;Croix Ignon;weekday;0 days 22:15:00;1 days 02:05:00;1.4;0.0;0.0;0.0;0.0;0.0;0.0;0.0;1.4;0 days 03:50:00;3.8333333333333335;0.36521739130434777
0054;3861;Croix Ignon;weekend;0 days 22:13:00;1 days 02:03:00;2.0;0.0;0.0;0.0;0.0;0.0;0.0;0.0;2.0;0 days 03:50:00;3.8333333333333335;0.5217391304347826
0054;3862;Gretay;weekday;0 days 22:17:00;1 days 02:07:16;1.4;0.0;0.0;0.0;0.0;0.0;0.0;0.0;1.4;0 days 03:50:16;3.8377777777777777;0.3647944412275622
0054;3862;Gretay;weekend;0 days 22:15:00;1 days 02:05:16;2.0;0.0;0.0;0.0;0.0;0.0;0.0;0.0;2.0;0 days 03:50:16;3.8377777777777777;0.5211349160393747
0054;3863;Mordelles Lilas;weekday;0 days 22:18:00;1 days 02:08:21;1.4;0.0;0.0;0.0;0.0;0.0;0.0;0.0;1.4;0 days 03:50:21;3.839166666666667;0.3646624701541133
0054;3863;Mordelles Lilas;weekend;0 days 22:16:00;1 days 02:06:21;2.0;0.0;0.0;0.0;0.0;0.0;0.0;0.0;2.0;0 days 03:50:21;3.839166666666667;0.5209463859344475
0054;3864;Mordelles Mairie;weekday;0 days 22:19:00;1 days 02:09:24;1.4;0.0;0.0;0.0;0.0;0.0;0.0;0.0;1.4;0 days 03:50:24;3.84;0.3645833333333333
0054;3864;Mordelles Mairie;weekend;0 days 22:17:00;1 days 02:07:24;2.0;0.0;0.0;0.0;0.0;0.0;0.0;0.0;2.0;0 days 03:50:24;3.84;0.5208333333333334
0054;3865;Mordelles Eglise;weekday;0 days 22:20:00;1 days 02:10:19;1.4;0.0;0.0;0.0;0.0;0.0;0.0;0.0;1.4;0 days 03:50:19;3.838611111111111;0.36471524712352554
0054;3865;Mordelles Eglise;weekend;0 days 22:18:00;1 days 02:08:19;2.0;0.0;0.0;0.0;0.0;0.0;0.0;0.0;2.0;0 days 03:50:19;3.838611111111111;0.5210217816050365
0054;3869;Mordelles Pâtis;weekday;0 days 22:22:00;1 days 02:12:00;1.4;0.0;0.0;0.0;0.0;0.0;0.0;0.0;1.4;0 days 03:50:00;3.8333333333333335;0.36521739130434777
0054;3869;Mordelles Pâtis;weekend;0 days 22:20:00;1 days 02:10:00;2.0;0.0;0.0;0.0;0.0;0.0;0.0;0.0;2.0;0 days 03:50:00;3.8333333333333335;0.5217391304347826
0054;4201;Croix Blanche;weekday;0 days 22:37:00;1 days 02:27:00;1.4;0.0;0.0;0.0;0.0;0.0;0.0;0.0;1.4;0 days 03:50:00;3.8333333333333335;0.36521739130434777
0054;4201;Croix Blanche;weekend;0 days 22:35:00;1 days 02:25:00;2.0;0.0;0.0;0.0;0.0;0.0;0.0;0.0;2.0;0 days 03:50:00;3.8333333333333335;0.5217391304347826
0054;4203;Alfred de Musset;weekday;0 days 22:34:00;1 days 02:24:25;1.4;0.0;0.0;0.0;0.0;0.0;0.0;0.0;1.4;0 days 03:50:25;3.8402777777777777;0.36455696202531646
0054;4203;Alfred de Musset;weekend;0 days 22:32:00;1 days 02:22:25;2.0;0.0;0.0;0.0;0.0;0.0;0.0;0.0;2.0;0 days 03:50:25;3.8402777777777777;0.5207956600361664
0054;4208;Grippay;weekday;0 days 22:32:00;1 days 02:22:00;1.4;0.0;0.0;0.0;0.0;0.0;0.0;0.0;1.4;0 days 03:50:00;3.8333333333333335;0.36521739130434777
0054;4208;Grippay;weekend;0 days 22:30:00;1 days 02:20:00;2.0;0.0;0.0;0.0;0.0;0.0;0.0;0.0;2.0;0 days 03:50:00;3.8333333333333335;0.5217391304347826
0054;4209;Avenir;weekday;0 days 22:33:00;1 days 02:23:00;1.4;0.0;0.0;0.0;0.0;0.0;0.0;0.0;1.4;0 days 03:50:00;3.8333333333333335;0.36521739130434777
0054;4209;Avenir;weekend;0 days 22:31:00;1 days 02:21:00;2.0;0.0;0.0;0.0;0.0;0.0;0.0;0.0;2.0;0 days 03:50:00;3.8333333333333335;0.5217391304347826
0054;4211;Calvaire;weekday;0 days 22:35:00;1 days 02:25:04;1.4;0.0;0.0;0.0;0.0;0.0;0.0;0.0;1.4;0 days 03:50:04;3.8344444444444443;0.36511156186612576
0054;4211;Calvaire;weekend;0 days 22:33:00;1 days 02:23:04;2.0;0.0;0.0;0.0;0.0;0.0;0.0;0.0;2.0;0 days 03:50:04;3.8344444444444443;0.5215879455230368
0054;4653;Saint-Melaine;weekday;0 days 05:59:00;0 days 20:35:00;33.0;3.0;7.0;2.0;3.0;7.0;9.0;2.0;0.0;0 days 14:36:00;14.6;2.26027397260274
0054;4653;Saint-Melaine;weekend;0 days 07:09:00;0 days 20:34:00;15.0;0.0;5.0;2.0;2.0;3.0;4.5;2.0;0.0;0 days 13:25:00;13.416666666666666;1.1180124223602486
0054;4654;Saint-Melaine;weekday;0 days 06:41:00;0 days 21:33:00;32.0;1.0;7.0;2.0;3.0;7.0;9.0;3.0;0.0;0 days 14:52:00;14.866666666666667;2.1524663677130045
0054;4654;Saint-Melaine;weekend;0 days 07:25:00;0 days 21:30:00;15.0;0.0;5.0;1.0;2.0;3.5;4.5;1.5;0.0;0 days 14:05:00;14.083333333333334;1.0650887573964496
0054;4670;Chêne Vert;weekday;0 days 06:42:00;0 days 21:34:25;32.0;1.0;7.0;2.0;3.0;7.0;9.0;3.0;0.0;0 days 14:52:25;14.873611111111112;2.1514613876178914
0054;4670;Chêne Vert;weekend;0 days 07:25:56;0 days 21:31:00;15.0;0.0;5.0;1.0;2.0;3.5;4.5;1.5;0.0;0 days 14:05:04;14.084444444444445;1.0650047333543704
0054;4671;Clos de la Vallée;weekday;0 days 05:56:00;0 days 21:36:00;65.0;4.0;14.0;3.0;6.0;16.0;17.0;5.0;0.0;0 days 15:40:00;15.666666666666666;4.1489361702127665
0054;4671;Clos de la Vallée;weekend;0 days 07:06:00;0 days 21:32:00;30.0;0.0;10.0;3.0;4.0;6.5;9.0;2.5;0.0;0 days 14:26:00;14.433333333333334;2.0785219399538106
0054;4672;Chêne Vert;weekday;0 days 05:57:39;0 days 20:34:00;33.0;3.0;7.0;2.0;3.0;8.0;8.0;2.0;0.0;0 days 14:36:21;14.605833333333333;2.2593712557768018
0054;4672;Chêne Vert;weekend;0 days 07:07:39;0 days 20:33:00;15.0;0.0;5.0;2.0;2.0;3.0;4.5;2.0;0.0;0 days 13:25:21;13.4225;1.1175265412553548
0055;2509;Pont d'Avoine;weekday;0 days 06:14:00;0 days 21:18:00;38.0;3.0;8.0;4.0;4.0;7.0;9.0;3.0;0.0;0 days 15:04:00;15.066666666666666;2.52212389380531
0055;2509;Pont d'Avoine;weekend;0 days 07:09:00;0 days 21:14:00;22.5;0.0;5.0;3.0;3.0;6.0;6.0;2.0;0.0;0 days 14:05:00;14.083333333333334;1.5976331360946745
0055;2512;Pont d'Avoine;weekday;0 days 06:20:00;0 days 21:10:00;37.0;2.0;8.0;4.0;4.0;7.0;9.0;3.0;0.0;0 days 14:50:00;14.833333333333334;2.49438202247191
0055;2512;Pont d'Avoine;weekend;0 days 07:23:00;0 days 21:09:00;23.0;0.0;6.0;3.0;3.0;6.0;5.5;2.5;0.0;0 days 13:46:00;13.766666666666667;1.6707021791767553
0055;2521;Gerhoui;weekday;0 days 06:10:46;0 days 21:15:00;38.0;3.0;8.0;4.0;4.0;7.0;9.0;3.0;0.0;0 days 15:04:14;15.070555555555556;2.521473071109964
0055;2521;Gerhoui;weekend;0 days 07:05:46;0 days 21:11:00;22.5;0.0;5.0;3.0;3.0;6.0;6.0;2.0;0.0;0 days 14:05:14;14.087222222222222;1.5971920968568838
0055;2522;Mahomat;weekday;0 days 06:12:39;0 days 21:17:00;38.0;3.0;8.0;4.0;4.0;7.0;9.0;3.0;0.0;0 days 15:04:21;15.0725;2.5211477857024382
0055;2522;Mahomat;weekend;0 days 07:07:39;0 days 21:13:00;22.5;0.0;5.0;3.0;3.0;6.0;6.0;2.0;0.0;0 days 14:05:21;14.089166666666667;1.596971668539658
0055;2523;Mahomat;weekday;0 days 06:21:00;0 days 21:11:14;37.0;2.0;8.0;4.0;4.0;7.0;9.0;3.0;0.0;0 days 14:50:14;14.837222222222222;2.493728236042985
0055;2523;Mahomat;weekend;0 days 07:24:00;0 days 21:10:14;23.0;0.0;6.0;3.0;3.0;6.0;5.5;2.5;0.0;0 days 13:46:14;13.770555555555555;1.6702303626901198
0055;2524;Gerhoui;weekday;0 days 06:23:00;0 days 21:13:00;37.0;2.0;8.0;4.0;4.0;7.0;9.0;3.0;0.0;0 days 14:50:00;14.833333333333334;2.49438202247191
0055;2524;Gerhoui;weekend;0 days 07:25:54;0 days 21:12:00;23.0;0.0;5.5;2.75;3.0;6.0;6.0;2.5;0.0;0 days 13:46:06;13.768333333333333;1.67049993947464
0055;3752;Trois Marches;weekday;0 days 06:18:00;0 days 21:22:00;38.0;2.0;9.0;4.0;4.0;7.0;9.0;3.0;0.0;0 days 15:04:00;15.066666666666666;2.52212389380531
0055;3752;Trois Marches;weekend;0 days 07:13:00;0 days 21:17:00;22.5;0.0;5.0;3.0;3.0;6.0;5.5;2.5;0.0;0 days 14:04:00;14.066666666666666;1.599526066350711
0055;3766;Trois Marches;weekday;0 days 06:16:00;0 days 21:07:04;37.0;2.0;8.0;4.0;4.0;8.0;8.0;3.0;0.0;0 days 14:51:04;14.851111111111111;2.491396079604968
0055;3766;Trois Marches;weekend;0 days 07:20:00;0 days 21:06:04;23.0;0.0;3.5;3.0;3.0;6.0;5.5;2.0;0.0;0 days 13:46:04;13.767777777777777;1.6705673472681786
0055;3851;Mordelles Pâtis;weekday;0 days 06:00:00;0 days 21:24:00;52.0;4.0;11.0;6.0;6.0;10.0;11.0;4.0;0.0;0 days 15:24:00;15.4;3.3766233766233764
0055;3851;Mordelles Pâtis;weekend;0 days 06:55:00;0 days 21:22:00;32.5;1.0;4.0;4.0;4.0;8.5;8.5;3.0;0.0;0 days 14:27:00;14.45;2.249134948096886
0055;3852;Mordelles Eglise;weekday;0 days 06:01:39;0 days 21:06:24;38.0;4.0;8.0;4.0;4.0;7.0;8.0;3.0;0.0;0 days 15:04:45;15.079166666666667;2.5200331583310307
0055;3852;Mordelles Eglise;weekend;0 days 06:56:39;0 days 21:02:00;22.5;1.0;3.0;3.0;3.0;5.5;5.5;2.0;0.0;0 days 14:05:21;14.089166666666667;1.596971668539658
0055;3853;Mordelles Mairie;weekday;0 days 06:02:31;0 days 21:07:09;38.0;4.0;8.0;4.0;4.0;7.0;8.0;3.0;0.0;0 days 15:04:38;15.077222222222222;2.520358156159033
0055;3853;Mordelles Mairie;weekend;0 days 06:57:31;0 days 21:03:00;22.5;1.0;3.0;3.0;3.0;5.5;5.5;2.0;0.0;0 days 14:05:29;14.091388888888888;1.596719824952197
0055;3854;Mordelles Lilas;weekday;0 days 06:03:32;0 days 21:08:02;38.0;4.0;8.0;4.0;4.0;7.0;8.0;3.0;0.0;0 days 15:04:30;15.075;2.5207296849087895
0055;3854;Mordelles Lilas;weekend;0 days 06:58:32;0 days 21:04:00;22.5;1.0;3.0;3.0;3.0;5.5;5.5;2.0;0.0;0 days 14:05:28;14.091111111111111;1.5967513010566157
0055;3855;Gretay;weekday;0 days 06:04:36;0 days 21:09:00;38.0;4.0;7.0;4.0;4.0;8.0;8.0;3.0;0.0;0 days 15:04:24;15.073333333333334;2.5210084033613445
0055;3855;Gretay;weekend;0 days 06:59:36;0 days 21:05:00;22.5;1.0;3.3333333333333335;3.0;3.0;6.0;5.75;2.0;0.0;0 days 14:05:24;14.09;1.5968772178850248
0055;3856;Croix Ignon;weekday;0 days 06:07:00;0 days 21:11:00;38.0;4.0;7.0;4.0;4.0;8.0;8.0;3.0;0.0;0 days 15:04:00;15.066666666666666;2.52212389380531
0055;3856;Croix Ignon;weekend;0 days 07:02:00;0 days 21:07:00;22.5;0.0;5.0;3.0;3.0;6.0;6.0;2.0;0.0;0 days 14:05:00;14.083333333333334;1.5976331360946745
0055;3857;Grande Fontaine;weekday;0 days 06:07:54;0 days 21:12:00;38.0;4.0;7.0;4.0;4.0;8.0;8.0;3.0;0.0;0 days 15:04:06;15.068333333333333;2.5218449286583344
0055;3857;Grande Fontaine;weekend;0 days 07:02:54;0 days 21:08:00;22.5;0.0;5.0;3.0;3.0;6.0;6.0;2.0;0.0;0 days 14:05:06;14.085;1.5974440894568689
0055;3858;Vivier des Bois;weekday;0 days 06:09:00;0 days 21:13:00;38.0;3.0;8.0;4.0;4.0;7.0;9.0;3.0;0.0;0 days 15:04:00;15.066666666666666;2.52212389380531
0055;3858;Vivier des Bois;weekend;0 days 07:04:00;0 days 21:09:00;22.5;0.0;5.0;3.0;3.0;6.0;6.0;2.0;0.0;0 days 14:05:00;14.083333333333334;1.5976331360946745
0055;3859;Vivier des Bois;weekday;0 days 06:26:00;0 days 21:15:00;37.0;2.0;8.0;3.0;5.0;7.0;9.0;3.0;0.0;0 days 14:49:00;14.816666666666666;2.4971878515185604
0055;3859;Vivier des Bois;weekend;0 days 07:28:00;0 days 21:14:00;23.0;0.0;5.0;3.0;3.0;6.0;6.0;2.5;0.0;0 days 13:46:00;13.766666666666667;1.6707021791767553
0055;3860;Grande Fontaine;weekday;0 days 06:27:00;0 days 21:16:11;37.0;2.0;7.0;4.0;4.0;8.0;9.0;3.0;0.0;0 days 14:49:11;14.819722222222222;2.4966729770763436
0055;3860;Grande Fontaine;weekend;0 days 07:29:00;0 days 21:15:11;23.0;0.0;5.0;3.0;3.0;6.0;6.0;2.5;0.0;0 days 13:46:11;13.769722222222223;1.6703314437876984
0055;3861;Croix Ignon;weekday;0 days 06:28:00;0 days 21:17:00;37.0;2.0;7.0;4.0;4.0;8.0;9.0;3.0;0.0;0 days 14:49:00;14.816666666666666;2.4971878515185604
0055;3861;Croix Ignon;weekend;0 days 07:30:00;0 days 21:16:00;23.0;0.0;5.0;3.0;3.0;6.0;6.0;2.5;0.0;0 days 13:46:00;13.766666666666667;1.6707021791767553
0055;3862;Gretay;weekday;0 days 06:30:00;0 days 21:19:13;37.0;1.0;8.0;4.0;4.0;8.0;9.0;3.0;0.0;0 days 14:49:13;14.820277777777777;2.496579386351283
0055;3862;Gretay;weekend;0 days 07:31:57;0 days 21:18:00;23.0;0.0;5.0;3.0;3.0;6.0;6.0;2.5;0.0;0 days 13:46:03;13.7675;1.6706010532050117
0055;3863;Mordelles Lilas;weekday;0 days 06:31:00;0 days 21:20:17;37.0;1.0;8.0;4.0;4.0;8.0;9.0;3.0;0.0;0 days 14:49:17;14.821388888888889;2.496392225949735
0055;3863;Mordelles Lilas;weekend;0 days 07:32:52;0 days 21:19:00;23.0;0.0;5.0;3.0;3.0;6.0;6.0;2.5;0.0;0 days 13:46:08;13.768888888888888;1.6704325371207231
0055;3864;Mordelles Mairie;weekday;0 days 06:32:00;0 days 21:21:19;37.0;1.0;8.0;4.0;4.0;8.0;8.0;4.0;0.0;0 days 14:49:19;14.821944444444444;2.4962986562716694
0055;3864;Mordelles Mairie;weekend;0 days 07:33:47;0 days 21:20:00;23.0;0.0;5.0;3.0;3.0;6.0;6.0;2.5;0.0;0 days 13:46:13;13.770277777777778;1.6702640550299557
0055;3865;Mordelles Eglise;weekday;0 days 06:33:00;0 days 21:22:12;37.0;1.0;8.0;4.0;4.0;8.0;8.0;4.0;0.0;0 days 14:49:12;14.82;2.496626180836707
0055;3865;Mordelles Eglise;weekend;0 days 07:34:33;0 days 21:20:27;23.0;0.0;5.0;3.0;3.0;6.0;6.0;2.5;0.0;0 days 13:45:54;13.765;1.670904467853251
0055;3869;Mordelles Pâtis;weekday;0 days 06:35:00;0 days 20:55:00;23.0;1.0;5.0;2.0;2.0;4.0;6.0;3.0;0.0;0 days 14:20:00;14.333333333333334;1.6046511627906976
0055;3869;Mordelles Pâtis;weekend;0 days 07:36:00;0 days 21:14:00;13.0;0.0;3.0;2.0;2.0;3.0;2.5;2.0;0.0;0 days 13:38:00;13.633333333333333;0.9535452322738387
0055;4201;Croix Blanche;weekend;0 days 10:30:00;0 days 20:31:00;11.0;0.0;0.0;2.0;2.0;4.0;2.0;1.0;0.0;0 days 10:01:00;10.016666666666667;1.098169717138103
0055;4202;Calvaire;weekend;0 days 10:40:00;0 days 18:45:12;5.0;0.0;0.0;1.0;1.0;2.0;1.0;0.0;0.0;0 days 08:05:12;8.086666666666666;0.6183017312448476
0055;4203;Alfred de Musset;weekend;0 days 10:27:00;0 days 20:28:25;6.0;0.0;0.0;1.0;1.0;2.0;1.0;1.0;0.0;0 days 10:01:25;10.02361111111111;0.5985866703616461
0055;4204;Avenir;weekend;0 days 10:43:00;0 days 18:48:00;5.0;0.0;0.0;1.0;1.0;2.0;1.0;0.0;0.0;0 days 08:05:00;8.083333333333334;0.6185567010309277
0055;4205;Grippay;weekend;0 days 10:44:00;0 days 18:49:00;5.0;0.0;0.0;1.0;1.0;2.0;1.0;0.0;0.0;0 days 08:05:00;8.083333333333334;0.6185567010309277
0055;4208;Grippay;weekend;0 days 10:25:00;0 days 20:25:00;6.0;0.0;0.0;1.0;1.0;2.0;1.0;1.0;0.0;0 days 10:00:00;10.0;0.6
0055;4209;Avenir;weekend;0 days 10:26:00;0 days 20:27:00;6.0;0.0;0.0;1.0;1.0;2.0;1.0;1.0;0.0;0 days 10:01:00;10.016666666666667;0.5990016638935107
0055;4210;Alfred de Musset;weekend;0 days 10:41:00;0 days 18:46:09;5.0;0.0;0.0;1.0;1.0;2.0;1.0;0.0;0.0;0 days 08:05:09;8.085833333333333;0.6183654539833041
0055;4211;Calvaire;weekend;0 days 10:28:00;0 days 20:29:04;6.0;0.0;0.0;1.0;1.0;2.0;1.0;1.0;0.0;0 days 10:01:04;10.017777777777777;0.5989352262644189
0055;4401;Le Verger Eglise;weekday;0 days 06:29:00;0 days 20:54:00;23.0;2.0;5.0;2.0;2.0;4.0;6.0;2.0;0.0;0 days 14:25:00;14.416666666666666;1.5953757225433527
0055;4401;Le Verger Eglise;weekend;0 days 07:45:00;0 days 20:50:00;10.0;0.0;2.0;1.5;1.5;2.0;2.5;1.0;0.0;0 days 13:05:00;13.083333333333334;0.7643312101910827
0055;4402;Bouvrais;weekday;0 days 06:30:00;0 days 20:55:00;23.0;2.0;5.0;2.0;2.0;4.0;5.0;3.0;0.0;0 days 14:25:00;14.416666666666666;1.5953757225433527
0055;4402;Bouvrais;weekend;0 days 07:46:00;0 days 20:51:00;10.0;0.0;2.0;1.5;1.5;2.0;2.5;1.0;0.0;0 days 13:05:00;13.083333333333334;0.7643312101910827
0055;4403;Bouvrais;weekday;0 days 06:44:00;0 days 21:04:00;23.0;1.0;5.0;2.0;2.0;4.0;6.0;3.0;0.0;0 days 14:20:00;14.333333333333334;1.6046511627906976
0055;4403;Bouvrais;weekend;0 days 07:45:00;0 days 21:23:00;10.0;0.0;3.0;1.5;1.5;1.5;2.5;1.5;0.0;0 days 13:38:00;13.633333333333333;0.7334963325183375
0055;4408;Le Verger Eglise;weekday;0 days 06:45:00;0 days 21:05:00;23.0;1.0;5.0;2.0;2.0;4.0;6.0;3.0;0.0;0 days 14:20:00;14.333333333333334;1.6046511627906976
0055;4408;Le Verger Eglise;weekend;0 days 07:46:00;0 days 21:24:00;10.0;0.0;3.0;1.5;1.5;1.5;2.5;1.5;0.0;0 days 13:38:00;13.633333333333333;0.7334963325183375
0056;2509;Pont d'Avoine;weekday;0 days 06:21:00;0 days 20:20:13;24.0;2.0;5.0;2.0;3.0;4.0;7.0;1.0;0.0;0 days 13:59:13;13.986944444444445;1.71588584592775
0056;2509;Pont d'Avoine;weekend;0 days 07:15:00;0 days 20:25:13;17.0;0.0;3.0;2.0;3.0;4.0;4.0;1.0;0.0;0 days 13:10:13;13.170277777777779;1.2907852276801721
0056;2512;Pont d'Avoine;weekday;0 days 07:10:51;0 days 21:10:03;25.0;0.0;6.0;2.0;2.0;5.0;7.0;3.0;0.0;0 days 13:59:12;13.986666666666666;1.7874165872259296
0056;2512;Pont d'Avoine;weekend;0 days 07:15:00;0 days 21:10:03;18.0;0.0;3.0;2.0;3.0;4.0;4.0;2.0;0.0;0 days 13:55:03;13.9175;1.293335728399497
0056;2522;Mahomat;weekday;0 days 06:20:00;0 days 20:19:00;24.0;2.0;5.0;2.0;3.0;4.0;7.0;1.0;0.0;0 days 13:59:00;13.983333333333333;1.7163289630512515
0056;2522;Mahomat;weekend;0 days 07:14:00;0 days 20:24:00;17.0;0.0;3.0;2.0;3.0;4.0;4.0;1.0;0.0;0 days 13:10:00;13.166666666666666;1.2911392405063291
0056;2523;Mahomat;weekday;0 days 07:12:00;0 days 21:11:00;25.0;0.0;6.0;2.0;2.0;5.0;7.0;3.0;0.0;0 days 13:59:00;13.983333333333333;1.7878426698450538
0056;2523;Mahomat;weekend;0 days 07:16:00;0 days 21:11:00;18.0;0.0;3.0;2.0;3.0;4.0;4.0;2.0;0.0;0 days 13:55:00;13.916666666666666;1.2934131736526946
0056;2525;Haut Plessis;weekday;0 days 06:16:00;0 days 20:15:00;24.0;2.0;5.0;2.0;3.0;4.0;7.0;1.0;0.0;0 days 13:59:00;13.983333333333333;1.7163289630512515
0056;2525;Haut Plessis;weekend;0 days 07:10:00;0 days 20:20:00;17.0;0.0;3.0;2.0;3.0;4.0;4.0;1.0;0.0;0 days 13:10:00;13.166666666666666;1.2911392405063291
0056;2526;Moigné;weekday;0 days 06:17:00;0 days 20:16:00;24.0;2.0;5.0;2.0;3.0;4.0;7.0;1.0;0.0;0 days 13:59:00;13.983333333333333;1.7163289630512515
0056;2526;Moigné;weekend;0 days 07:11:00;0 days 20:21:00;17.0;0.0;3.0;2.0;3.0;4.0;4.0;1.0;0.0;0 days 13:10:00;13.166666666666666;1.2911392405063291
0056;2529;Moigné;weekday;0 days 07:15:00;0 days 21:14:00;25.0;0.0;5.0;3.0;2.0;5.0;7.0;3.0;0.0;0 days 13:59:00;13.983333333333333;1.7878426698450538
0056;2529;Moigné;weekend;0 days 07:19:00;0 days 21:14:00;18.0;0.0;3.0;2.0;3.0;4.0;4.0;2.0;0.0;0 days 13:55:00;13.916666666666666;1.2934131736526946
0056;2530;Haut Plessis;weekday;0 days 07:16:00;0 days 21:15:00;25.0;0.0;5.0;3.0;2.0;5.0;7.0;3.0;0.0;0 days 13:59:00;13.983333333333333;1.7878426698450538
0056;2530;Haut Plessis;weekend;0 days 07:20:00;0 days 21:15:00;18.0;0.0;3.0;2.0;3.0;4.0;4.0;2.0;0.0;0 days 13:55:00;13.916666666666666;1.2934131736526946
0056;3752;Trois Marches;weekday;0 days 06:26:00;0 days 20:24:00;24.0;1.0;6.0;2.0;3.0;3.0;8.0;1.0;0.0;0 days 13:58:00;13.966666666666667;1.7183770883054892
0056;3752;Trois Marches;weekend;0 days 07:19:00;0 days 20:29:00;17.0;0.0;3.0;2.0;3.0;4.0;4.0;1.0;0.0;0 days 13:10:00;13.166666666666666;1.2911392405063291
0056;3766;Trois Marches;weekday;0 days 07:07:00;0 days 21:07:05;25.0;0.0;6.0;2.0;2.5;4.5;7.0;3.0;0.0;0 days 14:00:05;14.001388888888888;1.785537149092352
0056;3766;Trois Marches;weekend;0 days 07:12:00;0 days 21:07:05;18.0;0.0;3.0;2.0;3.0;4.0;4.0;2.0;0.0;0 days 13:55:05;13.918055555555556;1.293284103382896
0056;4201;Croix Blanche;weekday;0 days 06:05:00;0 days 21:24:00;49.0;2.0;10.0;5.0;5.0;9.0;14.0;4.0;0.0;0 days 15:19:00;15.316666666666666;3.1991294885745374
0056;4201;Croix Blanche;weekend;0 days 07:00:00;0 days 21:25:00;35.0;0.0;6.0;5.0;4.0;8.0;8.0;4.0;0.0;0 days 14:25:00;14.416666666666666;2.4277456647398843
0056;4202;Calvaire;weekday;0 days 06:07:38;0 days 20:07:12;24.0;2.0;5.0;2.0;3.0;4.0;7.0;1.0;0.0;0 days 13:59:34;13.992777777777778;1.7151705244769127
0056;4202;Calvaire;weekend;0 days 07:02:00;0 days 20:12:12;17.0;0.0;3.0;3.0;2.0;4.0;4.0;1.0;0.0;0 days 13:10:12;13.17;1.29081245254366
0056;4203;Alfred de Musset;weekday;0 days 07:24:47;0 days 21:21:25;25.0;0.0;5.0;3.0;2.0;5.0;7.0;3.0;0.0;0 days 13:56:38;13.943888888888889;1.7929001155424518
0056;4203;Alfred de Musset;weekend;0 days 07:26:47;0 days 21:22:00;18.0;0.0;3.0;2.0;2.0;4.0;4.5;2.5;0.0;0 days 13:55:13;13.920277777777779;1.2930776445233771
0056;4204;Avenir;weekday;0 days 06:11:00;0 days 20:10:00;24.0;2.0;5.0;2.0;3.0;4.0;7.0;1.0;0.0;0 days 13:59:00;13.983333333333333;1.7163289630512515
0056;4204;Avenir;weekend;0 days 07:05:00;0 days 20:15:00;17.0;0.0;3.0;3.0;2.0;4.0;4.0;1.0;0.0;0 days 13:10:00;13.166666666666666;1.2911392405063291
0056;4205;Grippay;weekday;0 days 06:12:00;0 days 20:11:00;24.0;2.0;5.0;2.0;3.0;4.0;7.0;1.0;0.0;0 days 13:59:00;13.983333333333333;1.7163289630512515
0056;4205;Grippay;weekend;0 days 07:06:00;0 days 20:16:00;17.0;0.0;3.0;3.0;2.0;4.0;4.0;1.0;0.0;0 days 13:10:00;13.166666666666666;1.2911392405063291
0056;4206;Mare Doux;weekday;0 days 06:13:00;0 days 20:12:01;24.0;2.0;5.0;2.0;3.0;4.0;7.0;1.0;0.0;0 days 13:59:01;13.983611111111111;1.7162948689934645
0056;4206;Mare Doux;weekend;0 days 07:07:00;0 days 20:17:01;17.0;0.0;3.0;3.0;2.0;4.0;4.0;1.0;0.0;0 days 13:10:01;13.166944444444445;1.291112001856501
0056;4207;Mare Doux;weekday;0 days 07:19:40;0 days 21:18:00;25.0;0.0;5.0;3.0;2.0;5.0;7.0;3.0;0.0;0 days 13:58:20;13.972222222222221;1.7892644135188869
0056;4207;Mare Doux;weekend;0 days 07:22:56;0 days 21:18:00;18.0;0.0;3.0;2.0;3.0;4.0;4.0;2.0;0.0;0 days 13:55:04;13.917777777777777;1.293309915376018
0056;4208;Grippay;weekday;0 days 07:21:00;0 days 21:19:00;25.0;0.0;5.0;3.0;2.0;5.0;7.0;3.0;0.0;0 days 13:58:00;13.966666666666667;1.7899761336515514
0056;4208;Grippay;weekend;0 days 07:24:00;0 days 21:19:00;18.0;0.0;3.0;2.0;3.0;4.0;4.0;2.0;0.0;0 days 13:55:00;13.916666666666666;1.2934131736526946
0056;4209;Avenir;weekday;0 days 07:23:00;0 days 21:20:00;25.0;0.0;5.0;3.0;2.0;5.0;7.0;3.0;0.0;0 days 13:57:00;13.95;1.7921146953405018
0056;4209;Avenir;weekend;0 days 07:25:00;0 days 21:20:00;18.0;0.0;3.0;2.0;3.0;4.0;4.0;2.0;0.0;0 days 13:55:00;13.916666666666666;1.2934131736526946
0056;4210;Alfred de Musset;weekday;0 days 06:08:47;0 days 20:08:09;24.0;2.0;5.0;2.0;3.0;4.0;7.0;1.0;0.0;0 days 13:59:22;13.989444444444445;1.715579206544617
0056;4210;Alfred de Musset;weekend;0 days 07:03:00;0 days 20:13:09;17.0;0.0;3.0;3.0;2.0;4.0;4.0;1.0;0.0;0 days 13:10:09;13.169166666666667;1.290894134025185
0056;4211;Calvaire;weekday;0 days 07:25:36;0 days 21:22:04;25.0;0.0;5.0;3.0;2.0;5.0;7.0;3.0;0.0;0 days 13:56:28;13.94111111111111;1.7932573523551447
0056;4211;Calvaire;weekend;0 days 07:27:36;0 days 21:23:00;18.0;0.0;3.0;2.0;2.0;4.0;4.0;3.0;0.0;0 days 13:55:24;13.923333333333334;1.2927938711994253
0059;2262;Vallon;weekday;0 days 06:09:49;0 days 20:54:24;36.0;2.0;7.0;4.0;4.0;7.0;9.0;3.0;0.0;0 days 14:44:35;14.743055555555555;2.441827602449364
0059;2262;Vallon;weekend;0 days 07:04:49;0 days 20:54:24;33.0;0.0;6.0;4.0;4.0;8.0;9.0;2.0;0.0;0 days 13:49:35;13.82638888888889;2.386740331491713
0059;2301;Bruz Centre;weekday;0 days 06:08:00;0 days 21:27:00;73.0;3.0;16.0;8.0;8.0;12.0;18.0;8.0;0.0;0 days 15:19:00;15.316666666666666;4.766050054406964
0059;2301;Bruz Centre;weekend;0 days 07:02:00;0 days 21:27:00;67.0;0.0;12.0;8.0;8.0;16.0;18.0;5.0;0.0;0 days 14:25:00;14.416666666666666;4.647398843930636
0059;2328;Doublé;weekday;0 days 06:18:00;0 days 21:02:00;36.0;2.0;7.0;4.0;4.0;7.0;8.0;4.0;0.0;0 days 14:44:00;14.733333333333333;2.4434389140271495
0059;2328;Doublé;weekend;0 days 07:12:34;0 days 21:02:00;33.0;0.0;6.0;4.0;4.0;8.0;9.0;2.0;0.0;0 days 13:49:26;13.823888888888888;2.387171964795242
0059;2331;Noë;weekday;0 days 06:03:42;0 days 21:23:00;37.0;2.0;8.0;4.0;4.0;6.0;9.0;4.0;0.0;0 days 15:19:18;15.321666666666667;2.414880887631894
0059;2331;Noë;weekend;0 days 06:57:42;0 days 21:23:00;34.0;1.0;5.0;4.0;4.0;9.0;8.0;3.0;0.0;0 days 14:25:18;14.421666666666667;2.357563850687623
0059;2332;Epalet;weekday;0 days 06:05:00;0 days 21:24:10;37.0;2.0;8.0;4.0;4.0;6.0;9.0;4.0;0.0;0 days 15:19:10;15.319444444444445;2.415231187669991
0059;2332;Epalet;weekend;0 days 06:59:00;0 days 21:24:10;34.0;1.0;5.0;4.0;4.0;8.0;9.0;3.0;0.0;0 days 14:25:10;14.419444444444444;2.3579271816605663
0059;2334;Pasteur;weekday;0 days 06:10:45;0 days 21:29:10;37.0;2.0;8.0;4.0;4.0;6.0;9.0;4.0;0.0;0 days 15:18:25;15.306944444444444;2.4172035205516744
0059;2334;Pasteur;weekend;0 days 07:04:45;0 days 21:30:00;34.0;0.0;6.0;4.0;4.0;8.0;8.0;4.0;0.0;0 days 14:25:15;14.420833333333333;2.3577000866801505
0059;2335;Bobinais;weekday;0 days 06:12:00;0 days 21:30:00;37.0;2.0;8.0;4.0;4.0;6.0;9.0;4.0;0.0;0 days 15:18:00;15.3;2.418300653594771
0059;2335;Bobinais;weekend;0 days 07:06:00;0 days 21:31:00;34.0;0.0;6.0;4.0;4.0;8.0;8.0;4.0;0.0;0 days 14:25:00;14.416666666666666;2.3583815028901736
0059;2336;Champ Niguel;weekday;0 days 06:12:58;0 days 21:31:00;37.0;2.0;8.0;4.0;4.0;6.0;9.0;4.0;0.0;0 days 15:18:02;15.300555555555556;2.418212846301877
0059;2336;Champ Niguel;weekend;0 days 07:06:50;0 days 21:32:00;34.0;0.0;6.0;4.0;4.0;8.0;8.0;4.0;0.0;0 days 14:25:10;14.419444444444444;2.3579271816605663
0059;2337;Lavoisier;weekday;0 days 06:13:36;0 days 21:31:22;37.0;2.0;8.0;4.0;4.0;6.0;9.0;4.0;0.0;0 days 15:17:46;15.296111111111111;2.4189154832382957
0059;2337;Lavoisier;weekend;0 days 07:07:00;0 days 21:32:22;34.0;0.0;6.0;4.0;4.0;8.0;8.0;4.0;0.0;0 days 14:25:22;14.422777777777778;2.357382227186934
0059;2338;Lavoisier;weekday;0 days 06:19:00;0 days 21:03:00;36.0;2.0;7.0;4.0;4.0;7.0;8.0;4.0;0.0;0 days 14:44:00;14.733333333333333;2.4434389140271495
0059;2338;Lavoisier;weekend;0 days 07:13:40;0 days 21:03:00;33.0;0.0;6.0;4.0;4.0;8.0;9.0;2.0;0.0;0 days 13:49:20;13.822222222222223;2.387459807073955
0059;2339;Champ Niguel;weekday;0 days 06:20:30;0 days 21:04:00;36.0;1.0;8.0;4.0;4.0;7.0;8.0;4.0;0.0;0 days 14:43:30;14.725;2.4448217317487266
0059;2339;Champ Niguel;weekend;0 days 07:14:35;0 days 21:04:00;33.0;0.0;6.0;4.0;4.0;8.0;9.0;2.0;0.0;0 days 13:49:25;13.823611111111111;2.387219933688335
0059;2340;Bobinais;weekday;0 days 06:21:00;0 days 21:04:00;36.0;1.0;8.0;4.0;4.0;7.0;8.0;4.0;0.0;0 days 14:43:00;14.716666666666667;2.4462061155152885
0059;2340;Bobinais;weekend;0 days 07:15:00;0 days 21:04:00;33.0;0.0;6.0;4.0;4.0;8.0;9.0;2.0;0.0;0 days 13:49:00;13.816666666666666;2.388419782870929
0059;2341;Pasteur;weekday;0 days 06:22:00;0 days 21:05:09;36.0;1.0;8.0;4.0;4.0;6.0;9.0;4.0;0.0;0 days 14:43:09;14.719166666666666;2.4457906357923345
0059;2341;Pasteur;weekend;0 days 07:15:51;0 days 21:05:09;33.0;0.0;6.0;4.0;4.0;8.0;9.0;2.0;0.0;0 days 13:49:18;13.821666666666667;2.387555769926444
0059;2343;Epalet;weekday;0 days 06:27:00;0 days 21:11:00;36.0;1.0;8.0;4.0;4.0;6.0;9.0;4.0;0.0;0 days 14:44:00;14.733333333333333;2.4434389140271495
0059;2343;Epalet;weekend;0 days 07:20:00;0 days 21:11:00;33.0;0.0;6.0;4.0;4.0;7.0;9.0;3.0;0.0;0 days 13:51:00;13.85;2.3826714801444044
0059;2344;Noë;weekday;0 days 06:28:00;0 days 21:12:15;36.0;1.0;8.0;4.0;4.0;6.0;9.0;4.0;0.0;0 days 14:44:15;14.7375;2.4427480916030535
0059;2344;Noë;weekend;0 days 07:21:00;0 days 21:12:15;33.0;0.0;6.0;4.0;4.0;7.0;9.0;3.0;0.0;0 days 13:51:15;13.854166666666666;2.381954887218045
0059;2348;Victor Hugo;weekday;0 days 06:23:54;0 days 21:07:00;36.0;1.0;8.0;4.0;4.0;6.0;9.0;4.0;0.0;0 days 14:43:06;14.718333333333334;2.4459291133506964
0059;2348;Victor Hugo;weekend;0 days 07:17:00;0 days 21:07:00;33.0;0.0;6.0;4.0;4.0;8.0;9.0;2.0;0.0;0 days 13:50:00;13.833333333333334;2.3855421686746987
0059;2353;Victor Hugo;weekday;0 days 06:09:00;0 days 21:28:00;37.0;2.0;8.0;4.0;4.0;6.0;9.0;4.0;0.0;0 days 15:19:00;15.316666666666666;2.4156692056583244
0059;2353;Victor Hugo;weekend;0 days 07:03:00;0 days 21:28:00;34.0;0.0;6.0;4.0;4.0;8.0;9.0;3.0;0.0;0 days 14:25:00;14.416666666666666;2.3583815028901736
0059;2359;Doublé;weekday;0 days 06:15:00;0 days 21:33:00;37.0;2.0;8.0;4.0;4.0;6.0;9.0;4.0;0.0;0 days 15:18:00;15.3;2.418300653594771
0059;2359;Doublé;weekend;0 days 07:08:59;0 days 21:34:00;34.0;0.0;6.0;4.0;4.0;8.0;8.0;4.0;0.0;0 days 14:25:01;14.416944444444445;2.3583360628889616
0059;2372;Bruz Gare;weekday;0 days 06:00:00;0 days 21:20:00;73.0;3.0;16.0;8.0;8.0;12.0;18.0;8.0;0.0;0 days 15:20:00;15.333333333333334;4.760869565217391
0059;2372;Bruz Gare;weekend;0 days 06:55:00;0 days 21:20:00;67.0;1.0;11.0;8.0;8.0;16.0;17.0;6.0;0.0;0 days 14:25:00;14.416666666666666;4.647398843930636
0059;2374;Châteliers;weekday;0 days 06:03:00;0 days 21:22:00;37.0;2.0;8.0;4.0;4.0;6.0;9.0;4.0;0.0;0 days 15:19:00;15.316666666666666;2.4156692056583244
0059;2374;Châteliers;weekend;0 days 06:57:00;0 days 21:22:00;34.0;1.0;5.0;4.0;4.0;9.0;8.0;3.0;0.0;0 days 14:25:00;14.416666666666666;2.3583815028901736
0059;2375;Châteliers;weekday;0 days 06:29:00;0 days 21:13:00;36.0;1.0;8.0;4.0;4.0;6.0;9.0;4.0;0.0;0 days 14:44:00;14.733333333333333;2.4434389140271495
0059;2375;Châteliers;weekend;0 days 07:22:00;0 days 21:13:00;33.0;0.0;6.0;4.0;4.0;7.0;9.0;3.0;0.0;0 days 13:51:00;13.85;2.3826714801444044
0059;2701;Janais;weekday;0 days 06:22:00;0 days 21:39:26;37.0;1.0;9.0;4.0;4.0;5.0;9.0;5.0;0.0;0 days 15:17:26;15.290555555555555;2.4197943538131748
0059;2701;Janais;weekend;0 days 07:14:44;0 days 21:40:00;34.0;0.0;6.0;4.0;4.0;8.0;8.0;4.0;0.0;0 days 14:25:16;14.421111111111111;2.3576546729332
0059;2702;Vallon;weekday;0 days 06:24:00;0 days 21:42:00;37.0;1.0;9.0;3.0;5.0;5.0;9.0;5.0;0.0;0 days 15:18:00;15.3;2.418300653594771
0059;2702;Vallon;weekend;0 days 07:16:00;0 days 21:41:26;34.0;0.0;6.0;4.0;4.0;8.0;8.0;4.0;0.0;0 days 14:25:26;14.42388888888889;2.357200631668143
0059;2704;Janais;weekday;0 days 06:11:50;0 days 20:56:11;36.0;2.0;7.0;4.0;4.0;7.0;9.0;3.0;0.0;0 days 14:44:21;14.739166666666666;2.4424718719963816
0059;2704;Janais;weekend;0 days 07:06:50;0 days 20:56:11;33.0;0.0;6.0;4.0;4.0;8.0;9.0;2.0;0.0;0 days 13:49:21;13.8225;2.387411828540423
0059;2901;Croix aux Potiers;weekday;0 days 06:19:00;0 days 21:36:00;37.0;2.0;8.0;4.0;4.0;6.0;9.0;4.0;0.0;0 days 15:17:00;15.283333333333333;2.420937840785169
0059;2901;Croix aux Potiers;weekend;0 days 07:12:00;0 days 21:37:00;34.0;0.0;6.0;4.0;4.0;8.0;8.0;4.0;0.0;0 days 14:25:00;14.416666666666666;2.3583815028901736
0059;2902;Croix aux Potiers;weekday;0 days 06:15:00;0 days 20:59:00;36.0;2.0;7.0;4.0;4.0;7.0;8.0;4.0;0.0;0 days 14:44:00;14.733333333333333;2.4434389140271495
0059;2902;Croix aux Potiers;weekend;0 days 07:10:00;0 days 20:59:00;33.0;0.0;6.0;4.0;4.0;8.0;9.0;2.0;0.0;0 days 13:49:00;13.816666666666666;2.388419782870929
0061;2705;Bray;weekday;0 days 06:02:00;0 days 21:06:18;40.0;3.0;10.0;4.0;4.0;8.0;8.0;3.0;0.0;0 days 15:04:18;15.071666666666667;2.653986508901913
0061;2705;Bray;weekend;0 days 06:17:00;0 days 21:11:18;21.5;1.0;5.0;3.0;3.0;4.5;5.5;2.5;0.0;0 days 14:54:18;14.905;1.442468970144247
0061;2706;Molène;weekday;0 days 06:06:43;0 days 21:10:08;40.0;3.0;10.0;4.0;4.0;7.0;9.0;3.0;0.0;0 days 15:03:25;15.056944444444444;2.65658149617194
0061;2706;Molène;weekend;0 days 06:21:00;0 days 21:15:08;21.5;1.0;5.0;3.0;3.0;4.5;5.5;2.5;0.0;0 days 14:54:08;14.902222222222223;1.4427378467044436
0061;2707;Potiers;weekday;0 days 06:08:00;0 days 21:11:00;40.0;3.0;10.0;4.0;4.0;7.0;9.0;3.0;0.0;0 days 15:03:00;15.05;2.6578073089700998
0061;2707;Potiers;weekend;0 days 06:22:00;0 days 21:16:00;21.5;1.0;5.0;3.0;3.0;4.5;5.5;2.5;0.0;0 days 14:54:00;14.9;1.4429530201342282
0061;2708;Centre;weekday;0 days 06:09:45;0 days 21:13:00;40.0;3.0;9.5;4.0;4.0;7.5;9.0;3.0;0.0;0 days 15:03:15;15.054166666666667;2.6570716855798504
0061;2708;Centre;weekend;0 days 06:23:45;0 days 21:17:10;21.5;1.0;4.5;3.0;3.0;4.75;5.5;2.5;0.0;0 days 14:53:25;14.890277777777778;1.4438951590336722
0061;2709;Louis Texier;weekday;0 days 06:11:00;0 days 21:14:00;40.0;3.0;9.0;4.0;4.0;8.0;9.0;3.0;0.0;0 days 15:03:00;15.05;2.6578073089700998
0061;2709;Louis Texier;weekend;0 days 06:25:00;0 days 21:18:00;21.5;1.0;4.0;3.0;3.0;5.0;5.5;2.5;0.0;0 days 14:53:00;14.883333333333333;1.444568868980963
0061;2710;Petite Saudrais;weekday;0 days 06:12:00;0 days 21:16:00;40.0;3.0;9.0;4.0;4.0;8.0;8.0;4.0;0.0;0 days 15:04:00;15.066666666666666;2.6548672566371683
0061;2710;Petite Saudrais;weekend;0 days 06:26:00;0 days 21:19:00;21.5;1.0;4.0;3.0;3.0;5.0;5.5;2.5;0.0;0 days 14:53:00;14.883333333333333;1.444568868980963
0061;2711;Croix Fleurie;weekday;0 days 06:13:00;0 days 21:17:25;40.0;2.5;9.5;4.0;4.0;8.0;8.0;4.0;0.0;0 days 15:04:25;15.073611111111111;2.653644153690224
0061;2711;Croix Fleurie;weekend;0 days 06:27:47;0 days 21:21:00;21.5;1.0;4.0;3.0;3.0;5.0;5.5;2.5;0.0;0 days 14:53:13;14.886944444444444;1.4442184613662232
0061;2712;Mail Lancé;weekday;0 days 06:14:00;0 days 21:18:18;40.0;2.0;10.0;4.0;4.0;8.0;8.0;4.0;0.0;0 days 15:04:18;15.071666666666667;2.653986508901913
0061;2712;Mail Lancé;weekend;0 days 06:28:53;0 days 21:22:00;21.5;1.0;4.0;3.0;3.0;5.0;5.5;2.5;0.0;0 days 14:53:07;14.885277777777778;1.4443801668315075
0061;2713;Petit Beaulieu;weekday;0 days 06:14:52;0 days 21:19:00;40.0;2.0;10.0;4.0;4.0;8.0;8.0;4.0;0.0;0 days 15:04:08;15.068888888888889;2.654475741041144
0061;2713;Petit Beaulieu;weekend;0 days 06:29:35;0 days 21:23:00;21.5;1.0;4.0;3.0;3.0;5.0;5.5;2.5;0.0;0 days 14:53:25;14.890277777777778;1.4438951590336722
0061;2714;Hil-Bintinais;weekday;0 days 06:16:00;0 days 21:20:00;33.0;2.0;10.0;4.0;4.0;6.0;3.0;4.0;0.0;0 days 15:04:00;15.066666666666666;2.190265486725664
0061;2714;Hil-Bintinais;weekend;0 days 06:31:00;0 days 21:24:00;21.5;1.0;4.0;3.0;3.0;5.0;5.0;3.0;0.0;0 days 14:53:00;14.883333333333333;1.444568868980963
0061;2715;Hil-Bintinais;weekday;0 days 06:35:00;1 days 01:50:00;38.4;1.0;9.0;4.0;4.0;8.0;9.0;3.0;2.0;0 days 19:15:00;19.25;1.9948051948051948
0061;2715;Hil-Bintinais;weekend;0 days 06:46:00;1 days 01:50:00;23.5;1.0;5.0;3.0;3.0;5.0;5.5;3.0;2.0;0 days 19:04:00;19.066666666666666;1.2325174825174825
0061;2716;Petit Beaulieu;weekday;0 days 06:36:31;1 days 01:52:00;38.4;1.0;9.0;4.0;4.0;8.0;9.0;3.0;2.0;0 days 19:15:29;19.258055555555554;1.9939707770197177
0061;2716;Petit Beaulieu;weekend;0 days 06:47:00;1 days 01:52:00;23.5;1.0;5.0;3.0;3.0;5.0;5.5;3.0;2.0;0 days 19:05:00;19.083333333333332;1.2314410480349345
0061;2717;Mail Lancé;weekday;0 days 06:37:00;1 days 01:52:14;38.4;1.0;9.0;4.0;4.0;8.0;9.0;3.0;2.0;0 days 19:15:14;19.253888888888888;1.9944022852526186
0061;2717;Mail Lancé;weekend;0 days 06:47:47;1 days 01:52:14;23.5;1.0;5.0;3.0;3.0;5.0;5.5;3.0;2.0;0 days 19:04:27;19.074166666666667;1.2320328542094456
0061;2718;Croix Fleurie;weekday;0 days 06:38:00;1 days 01:53:19;38.4;1.0;9.0;4.0;4.0;8.0;9.0;3.0;2.0;0 days 19:15:19;19.255277777777778;1.994258428425107
0061;2718;Croix Fleurie;weekend;0 days 06:48:39;1 days 01:53:19;23.5;1.0;5.0;3.0;3.0;5.0;5.5;3.0;2.0;0 days 19:04:40;19.07777777777778;1.2317996505532904
0061;2719;Petite Saudrais;weekday;0 days 06:40:00;1 days 01:55:00;38.4;1.0;9.0;4.0;4.0;8.0;8.0;4.0;2.0;0 days 19:15:00;19.25;1.9948051948051948
0061;2719;Petite Saudrais;weekend;0 days 06:50:00;1 days 01:55:00;23.5;1.0;5.0;3.0;3.0;5.0;5.5;3.0;2.0;0 days 19:05:00;19.083333333333332;1.2314410480349345
0061;2720;Louis Texier;weekday;0 days 06:42:00;1 days 01:57:00;38.4;1.0;9.0;4.0;4.0;8.0;8.0;4.0;2.0;0 days 19:15:00;19.25;1.9948051948051948
0061;2720;Louis Texier;weekend;0 days 06:51:00;1 days 01:57:00;23.5;1.0;5.0;3.0;3.0;5.0;5.5;3.0;2.0;0 days 19:06:00;19.1;1.2303664921465967
0061;2721;Centre;weekday;0 days 06:42:54;1 days 01:58:00;38.4;1.0;9.0;4.0;4.0;8.0;8.0;4.0;2.0;0 days 19:15:06;19.251666666666665;1.9946324993507056
0061;2721;Centre;weekend;0 days 06:51:54;1 days 01:58:00;23.5;1.0;5.0;3.0;3.0;5.0;5.0;3.5;2.0;0 days 19:06:06;19.101666666666667;1.2302591396911264
0061;2722;Potiers;weekday;0 days 06:44:00;1 days 01:59:00;38.4;1.0;9.0;4.0;4.0;8.0;8.0;3.0;1.4;0 days 19:15:00;19.25;1.9948051948051948
0061;2722;Potiers;weekend;0 days 06:53:00;1 days 01:59:00;23.5;1.0;5.0;3.0;3.0;4.5;5.5;3.0;3.0;0 days 19:06:00;19.1;1.2303664921465967
0061;2723;Molène;weekday;0 days 06:44:57;1 days 02:00:00;38.4;1.0;9.0;4.0;4.0;8.0;8.0;3.0;1.4;0 days 19:15:03;19.250833333333333;1.994718843340115
0061;2723;Molène;weekend;0 days 06:53:57;1 days 02:00:00;23.5;1.0;5.0;3.0;3.0;4.5;5.5;2.75;2.3333333333333335;0 days 19:06:03;19.100833333333334;1.2303128135770691
0061;2724;Bray;weekday;0 days 06:48:48;1 days 02:04:00;38.4;1.0;8.0;4.0;4.0;9.0;8.0;3.0;1.4;0 days 19:15:12;19.253333333333334;1.9944598337950137
0061;2724;Bray;weekend;0 days 06:57:48;1 days 02:04:00;23.5;1.0;4.0;3.0;3.0;5.0;5.5;2.5;2.0;0 days 19:06:12;19.10333333333333;1.2301518059675451
0061;2727;Pont;weekday;0 days 06:05:00;0 days 21:09:00;40.0;3.0;10.0;4.0;4.0;7.0;9.0;3.0;0.0;0 days 15:04:00;15.066666666666666;2.6548672566371683
0061;2727;Pont;weekend;0 days 06:20:00;0 days 21:14:00;21.5;1.0;5.0;3.0;3.0;4.5;5.5;2.5;0.0;0 days 14:54:00;14.9;1.4429530201342282
0061;2732;Pont;weekday;0 days 06:46:00;1 days 02:01:00;38.4;1.0;9.0;4.0;4.0;8.0;8.0;3.0;1.4;0 days 19:15:00;19.25;1.9948051948051948
0061;2732;Pont;weekend;0 days 06:55:00;1 days 02:01:00;23.5;1.0;5.0;3.0;3.0;4.5;5.5;2.5;2.0;0 days 19:06:00;19.1;1.2303664921465967
0061;2733;Deux Rives;weekday;0 days 06:47:00;1 days 02:02:23;38.4;1.0;9.0;3.0;4.0;9.0;8.0;3.0;1.4;0 days 19:15:23;19.25638888888889;1.9941433579043029
0061;2733;Deux Rives;weekend;0 days 06:56:00;1 days 02:02:23;23.5;1.0;5.0;3.0;3.0;4.5;5.5;2.5;2.0;0 days 19:06:23;19.10638888888889;1.2299550761089222
0061;2734;Deux Rives;weekday;0 days 06:03:40;0 days 21:08:00;40.0;3.0;10.0;4.0;4.0;7.0;9.0;3.0;0.0;0 days 15:04:20;15.072222222222223;2.6538886841135274
0061;2734;Deux Rives;weekend;0 days 06:18:40;0 days 21:13:00;21.5;1.0;5.0;3.0;3.0;4.5;5.5;2.5;0.0;0 days 14:54:20;14.905555555555555;1.4424152068579947
0061;2773;Ise;weekday;0 days 06:48:00;1 days 02:03:00;38.4;1.0;8.0;4.0;4.0;9.0;8.0;3.0;1.4;0 days 19:15:00;19.25;1.9948051948051948
0061;2773;Ise;weekend;0 days 06:57:00;1 days 02:03:00;23.5;1.0;4.0;3.0;3.0;5.0;5.5;2.5;2.0;0 days 19:06:00;19.1;1.2303664921465967
0061;2774;Ise;weekday;0 days 06:03:00;0 days 21:07:00;40.0;3.0;10.0;4.0;4.0;7.0;9.0;3.0;0.0;0 days 15:04:00;15.066666666666666;2.6548672566371683
0061;2774;Ise;weekend;0 days 06:18:00;0 days 21:12:00;21.5;1.0;5.0;3.0;3.0;4.5;5.5;2.5;0.0;0 days 14:54:00;14.9;1.4429530201342282
0061;2776;Hil Boëdrier;weekday;0 days 16:34:00;0 days 19:09:00;7.0;0.0;0.0;0.0;0.0;1.0;6.0;0.0;0.0;0 days 02:35:00;2.5833333333333335;2.7096774193548385
0061;2777;Hil Boëdrier;weekday;0 days 07:03:00;0 days 08:54:00;6.0;0.0;6.0;0.0;0.0;0.0;0.0;0.0;0.0;0 days 01:51:00;1.85;3.243243243243243
0061;3209;Surcouf;weekend;0 days 09:47:39;0 days 20:17:00;10.0;0.0;1.0;1.0;2.0;3.0;2.0;1.0;0.0;0 days 10:29:21;10.489166666666666;0.95336458250576
0061;3210;Coteau;weekend;0 days 09:49:00;0 days 20:18:00;10.0;0.0;1.0;1.0;2.0;3.0;2.0;1.0;0.0;0 days 10:29:00;10.483333333333333;0.9538950715421305
0061;3211;Groupe Scolaire;weekend;0 days 09:49:54;0 days 20:19:00;10.0;0.0;1.0;1.0;2.0;3.0;2.0;1.0;0.0;0 days 10:29:06;10.485;0.9537434430138293
0061;3212;Levant;weekend;0 days 09:51:00;0 days 20:20:00;10.0;0.0;1.0;1.0;2.0;3.0;2.0;1.0;0.0;0 days 10:29:00;10.483333333333333;0.9538950715421305
0061;3213;Plardière;weekend;0 days 09:53:53;0 days 20:23:00;10.0;0.0;1.0;1.0;2.0;3.0;2.0;1.0;0.0;0 days 10:29:07;10.485277777777778;0.9537181762789095
0061;3216;Plardière;weekday;0 days 22:15:00;1 days 02:14:05;1.4;0.0;0.0;0.0;0.0;0.0;0.0;0.0;1.4;0 days 03:59:05;3.984722222222222;0.3513419309864064
0061;3216;Plardière;weekend;0 days 10:23:00;1 days 02:13:05;7.0;0.0;0.0;2.0;2.0;2.0;3.0;1.0;2.0;0 days 15:50:05;15.834722222222222;0.4420664853960179
0061;3217;Levant;weekday;0 days 22:17:00;1 days 02:16:00;1.4;0.0;0.0;0.0;0.0;0.0;0.0;0.0;1.4;0 days 03:59:00;3.9833333333333334;0.3514644351464435
0061;3217;Levant;weekend;0 days 10:26:00;1 days 02:15:00;7.0;0.0;0.0;2.0;2.0;2.0;3.0;1.0;2.0;0 days 15:49:00;15.816666666666666;0.44257112750263433
0061;3218;Groupe Scolaire;weekday;0 days 22:18:00;1 days 02:17:06;1.4;0.0;0.0;0.0;0.0;0.0;0.0;0.0;1.4;0 days 03:59:06;3.985;0.35131744040150564
0061;3218;Groupe Scolaire;weekend;0 days 10:27:00;1 days 02:16:06;7.0;0.0;0.0;2.0;2.0;2.0;3.0;1.0;2.0;0 days 15:49:06;15.818333333333333;0.44252449689179224
0061;3219;Coteau;weekday;0 days 22:19:00;1 days 02:18:00;1.4;0.0;0.0;0.0;0.0;0.0;0.0;0.0;1.4;0 days 03:59:00;3.9833333333333334;0.3514644351464435
0061;3219;Coteau;weekend;0 days 10:28:00;1 days 02:17:00;7.0;0.0;0.0;2.0;2.0;2.0;3.0;1.0;2.0;0 days 15:49:00;15.816666666666666;0.44257112750263433
0061;3220;Surcouf;weekday;0 days 22:20:39;1 days 02:20:00;1.4;0.0;0.0;0.0;0.0;0.0;0.0;0.0;1.4;0 days 03:59:21;3.9891666666666667;0.35095049091288905
0061;3220;Surcouf;weekend;0 days 10:29:39;1 days 02:19:00;7.0;0.0;0.0;2.0;1.0;3.0;3.0;1.0;2.0;0 days 15:49:21;15.8225;0.4424079633433402
0061;3249;Orgerblon;weekday;0 days 22:14:00;1 days 02:13:00;1.4;0.0;0.0;0.0;0.0;0.0;0.0;0.0;1.4;0 days 03:59:00;3.9833333333333334;0.3514644351464435
0061;3249;Orgerblon;weekend;0 days 10:22:00;1 days 02:12:00;7.0;0.0;0.0;2.0;2.0;2.0;3.0;1.0;2.0;0 days 15:50:00;15.833333333333334;0.4421052631578947
0061;3250;Orgerblon;weekend;0 days 09:55:00;0 days 20:24:00;10.0;0.0;1.0;1.0;2.0;3.0;2.0;1.0;0.0;0 days 10:29:00;10.483333333333333;0.9538950715421305
0061;3257;Haye Longue;weekday;0 days 22:16:00;1 days 02:15:00;1.4;0.0;0.0;0.0;0.0;0.0;0.0;0.0;1.4;0 days 03:59:00;3.9833333333333334;0.3514644351464435
0061;3257;Haye Longue;weekend;0 days 10:24:00;1 days 02:14:00;7.0;0.0;0.0;2.0;2.0;2.0;3.0;1.0;2.0;0 days 15:50:00;15.833333333333334;0.4421052631578947
0061;3258;Haye Longue;weekend;0 days 09:53:00;0 days 20:22:00;10.0;0.0;1.0;1.0;2.0;3.0;2.0;1.0;0.0;0 days 10:29:00;10.483333333333333;0.9538950715421305
0061;3259;Ormes Blanches;weekday;0 days 22:22:00;1 days 02:21:00;1.4;0.0;0.0;0.0;0.0;0.0;0.0;0.0;1.4;0 days 03:59:00;3.9833333333333334;0.3514644351464435
0061;3259;Ormes Blanches;weekend;0 days 10:31:00;1 days 02:20:00;7.0;0.0;0.0;2.0;1.0;3.0;3.0;1.0;2.0;0 days 15:49:00;15.816666666666666;0.44257112750263433
0061;3260;Ormes Blanches;weekend;0 days 09:46:00;0 days 20:15:00;10.0;0.0;1.0;1.0;2.0;3.0;2.0;1.0;0.0;0 days 10:29:00;10.483333333333333;0.9538950715421305
0061;3801;Centre de Loisirs;weekday;0 days 22:30:00;1 days 02:29:00;1.4;0.0;0.0;0.0;0.0;0.0;0.0;0.0;1.4;0 days 03:59:00;3.9833333333333334;0.3514644351464435
0061;3801;Centre de Loisirs;weekend;0 days 09:37:00;1 days 02:28:00;12.0;0.0;1.0;4.0;2.0;6.0;4.0;3.0;2.0;0 days 16:51:00;16.85;0.7121661721068249
0061;3802;Bourgbarré Mairie;weekend;0 days 09:39:44;0 days 20:09:03;10.0;0.0;1.0;1.5;1.5;3.0;2.0;1.0;0.0;0 days 10:29:19;10.488611111111112;0.9534150798485128
0061;3803;La Motte;weekend;0 days 09:41:00;0 days 20:10:00;10.0;0.0;1.0;1.0;2.0;3.0;2.0;1.0;0.0;0 days 10:29:00;10.483333333333333;0.9538950715421305
0061;3804;La Basse Erable;weekend;0 days 09:41:59;0 days 20:11:00;10.0;0.0;1.0;1.0;2.0;3.0;2.0;1.0;0.0;0 days 10:29:01;10.483611111111111;0.9538697967727405
0061;3805;Perelle;weekend;0 days 09:43:00;0 days 20:12:00;10.0;0.0;1.0;1.0;2.0;3.0;2.0;1.0;0.0;0 days 10:29:00;10.483333333333333;0.9538950715421305
0061;3806;Perelle;weekday;0 days 22:25:00;1 days 02:24:00;1.4;0.0;0.0;0.0;0.0;0.0;0.0;0.0;1.4;0 days 03:59:00;3.9833333333333334;0.3514644351464435
0061;3806;Perelle;weekend;0 days 10:34:00;1 days 02:23:00;7.0;0.0;0.0;2.0;1.0;3.0;3.0;1.0;2.0;0 days 15:49:00;15.816666666666666;0.44257112750263433
0061;3807;La Basse Erable;weekday;0 days 22:26:00;1 days 02:25:04;1.4;0.0;0.0;0.0;0.0;0.0;0.0;0.0;1.4;0 days 03:59:04;3.9844444444444442;0.35136642498605686
0061;3807;La Basse Erable;weekend;0 days 10:35:00;1 days 02:24:04;7.0;0.0;0.0;2.0;1.0;3.0;3.0;1.0;2.0;0 days 15:49:04;15.817777777777778;0.4425400393368924
0061;3808;La Motte;weekday;0 days 22:27:00;1 days 02:26:00;1.4;0.0;0.0;0.0;0.0;0.0;0.0;0.0;1.4;0 days 03:59:00;3.9833333333333334;0.3514644351464435
0061;3808;La Motte;weekend;0 days 10:36:00;1 days 02:25:00;7.0;0.0;0.0;2.0;1.0;3.0;3.0;1.0;2.0;0 days 15:49:00;15.816666666666666;0.44257112750263433
0061;3809;Bourgbarré Mairie;weekday;0 days 22:27:54;1 days 02:27:00;1.4;0.0;0.0;0.0;0.0;0.0;0.0;0.0;1.4;0 days 03:59:06;3.985;0.35131744040150564
0061;3809;Bourgbarré Mairie;weekend;0 days 10:37:00;1 days 02:26:00;7.0;0.0;0.0;2.0;1.0;3.0;3.0;1.0;2.0;0 days 15:49:00;15.816666666666666;0.44257112750263433
0061;3838;Salle de Sports;weekend;0 days 09:38:00;0 days 20:08:00;10.0;0.0;1.0;2.0;1.0;3.0;2.0;1.0;0.0;0 days 10:30:00;10.5;0.9523809523809523
0061;3839;Salle de Sports;weekday;0 days 22:29:00;1 days 02:28:00;1.4;0.0;0.0;0.0;0.0;0.0;0.0;0.0;1.4;0 days 03:59:00;3.9833333333333334;0.3514644351464435
0061;3839;Salle de Sports;weekend;0 days 10:38:40;1 days 02:27:00;7.0;0.0;0.0;2.0;1.0;3.0;2.5;1.5;2.0;0 days 15:48:20;15.805555555555555;0.4428822495606327
0061;4351;Parc d'Activités;weekday;0 days 05:55:00;0 days 21:21:00;77.0;4.0;18.0;8.0;8.0;16.0;17.0;6.0;0.0;0 days 15:26:00;15.433333333333334;4.989200863930885
0061;4351;Parc d'Activités;weekend;0 days 06:10:00;0 days 21:22:00;66.0;1.0;10.0;8.0;8.0;15.0;16.0;8.0;0.0;0 days 15:12:00;15.2;4.342105263157895
0061;4352;Champ Mulon;weekday;0 days 05:56:00;0 days 21:01:00;40.0;3.0;10.0;4.0;4.0;8.0;8.0;3.0;0.0;0 days 15:05:00;15.083333333333334;2.6519337016574585
0061;4352;Champ Mulon;weekend;0 days 06:11:00;0 days 21:06:00;21.5;1.0;3.0;2.5;3.0;5.0;5.0;2.5;0.0;0 days 14:55:00;14.916666666666666;1.4413407821229052
0061;4353;Paul Féval;weekday;0 days 05:57:00;0 days 21:02:00;40.0;3.0;10.0;4.0;4.0;8.0;8.0;3.0;0.0;0 days 15:05:00;15.083333333333334;2.6519337016574585
0061;4353;Paul Féval;weekend;0 days 06:12:00;0 days 21:07:00;21.5;1.0;3.0;2.5;3.0;5.0;5.0;2.5;0.0;0 days 14:55:00;14.916666666666666;1.4413407821229052
0061;4354;Paul Féval;weekday;0 days 06:52:00;1 days 02:09:00;38.4;1.0;8.0;4.0;4.0;8.0;9.0;3.0;1.4;0 days 19:17:00;19.283333333333335;1.9913569576490922
0061;4354;Paul Féval;weekend;0 days 07:01:00;1 days 02:08:09;23.5;0.0;5.0;3.0;3.0;5.0;5.5;2.5;2.0;0 days 19:07:09;19.11916666666667;1.2291330689099071
0061;4355;Champ Mulon;weekday;0 days 06:53:00;1 days 02:10:00;38.4;1.0;8.0;4.0;4.0;8.0;9.0;3.0;1.4;0 days 19:17:00;19.283333333333335;1.9913569576490922
0061;4355;Champ Mulon;weekend;0 days 07:02:00;1 days 02:09:00;23.5;0.0;5.0;3.0;3.0;5.0;5.5;2.5;2.0;0 days 19:07:00;19.116666666666667;1.2292938099389712
0061;4356;Croix du Pigeonnet;weekend;0 days 09:55:34;0 days 20:25:00;10.0;0.0;1.0;1.0;2.0;3.0;2.0;1.0;0.0;0 days 10:29:26;10.490555555555556;0.9532383625483238
0061;4357;Croix du Pigeonnet;weekday;0 days 22:13:00;1 days 02:12:09;1.4;0.0;0.0;0.0;0.0;0.0;0.0;0.0;1.4;0 days 03:59:09;3.9858333333333333;0.35124398912816224
0061;4357;Croix du Pigeonnet;weekend;0 days 10:21:00;1 days 02:11:09;7.0;0.0;0.0;2.0;2.0;2.0;3.0;1.0;2.0;0 days 15:50:09;15.835833333333333;0.44203546808398675
0061;4358;Croix Faucheux;weekday;0 days 05:59:00;0 days 21:03:00;40.0;3.0;10.0;4.0;4.0;8.0;8.0;3.0;0.0;0 days 15:04:00;15.066666666666666;2.6548672566371683
0061;4358;Croix Faucheux;weekend;0 days 06:14:00;0 days 21:08:00;21.5;1.0;5.0;3.0;3.0;4.5;5.5;2.5;0.0;0 days 14:54:00;14.9;1.4429530201342282
0061;4359;Leuzières;weekday;0 days 06:01:00;0 days 21:05:00;40.0;3.0;10.0;4.0;4.0;8.0;8.0;3.0;0.0;0 days 15:04:00;15.066666666666666;2.6548672566371683
0061;4359;Leuzières;weekend;0 days 06:16:00;0 days 21:10:00;21.5;1.0;5.0;3.0;3.0;4.5;5.5;2.5;0.0;0 days 14:54:00;14.9;1.4429530201342282
0061;4360;Leuzières;weekday;0 days 06:50:00;1 days 02:05:00;38.4;1.0;8.0;4.0;4.0;9.0;8.0;3.0;1.4;0 days 19:15:00;19.25;1.9948051948051948
0061;4360;Leuzières;weekend;0 days 06:59:00;1 days 02:05:00;23.5;1.0;4.0;3.0;3.0;5.0;5.5;2.5;2.0;0 days 19:06:00;19.1;1.2303664921465967
0061;4361;Croix Faucheux;weekday;0 days 06:51:00;1 days 02:07:00;38.4;1.0;8.0;4.0;4.0;8.0;9.0;3.0;1.4;0 days 19:16:00;19.266666666666666;1.9930795847750866
0061;4361;Croix Faucheux;weekend;0 days 07:00:00;1 days 02:07:00;23.5;0.0;5.0;3.0;3.0;5.0;5.5;2.5;2.0;0 days 19:07:00;19.116666666666667;1.2292938099389712
0061;4362;Alexandre Gilois;weekday;0 days 05:58:00;0 days 21:02:26;40.0;3.0;10.0;4.0;4.0;8.0;8.0;3.0;0.0;0 days 15:04:26;15.073888888888888;2.6535952530129365
0061;4362;Alexandre Gilois;weekend;0 days 06:13:00;0 days 21:07:26;21.5;1.0;3.0;2.5;3.0;5.0;5.0;2.5;0.0;0 days 14:54:26;14.907222222222222;1.442253941042746
0061;4363;Alexandre Gilois;weekday;0 days 06:51:32;1 days 02:08:00;38.4;1.0;8.0;4.0;4.0;8.0;9.0;3.0;1.4;0 days 19:16:28;19.274444444444445;1.9922753213812185
0061;4363;Alexandre Gilois;weekend;0 days 07:00:32;1 days 02:08:00;23.5;0.0;5.0;3.0;3.0;5.0;5.5;2.5;2.0;0 days 19:07:28;19.124444444444446;1.2287938647455263
0061;4379;Collège Saint-Paul;weekend;0 days 09:56:00;0 days 20:25:24;10.0;0.0;1.0;1.0;2.0;3.0;2.0;1.0;0.0;0 days 10:29:24;10.49;0.9532888465204957
0061;4380;Collège Saint-Paul;weekday;0 days 22:12:00;1 days 02:11:11;1.4;0.0;0.0;0.0;0.0;0.0;0.0;0.0;1.4;0 days 03:59:11;3.986388888888889;0.3511950386732632
0061;4380;Collège Saint-Paul;weekend;0 days 10:20:00;1 days 02:10:11;7.0;0.0;0.0;2.0;2.0;2.0;3.0;1.0;2.0;0 days 15:50:11;15.836388888888889;0.4420199610601463
0061;4384;Simone Marchand;weekday;0 days 06:00:00;0 days 21:04:02;40.0;3.0;10.0;4.0;4.0;8.0;8.0;3.0;0.0;0 days 15:04:02;15.067222222222222;2.6547693669112498
0061;4384;Simone Marchand;weekend;0 days 06:15:00;0 days 21:09:02;21.5;1.0;5.0;3.0;3.0;4.5;5.5;2.5;0.0;0 days 14:54:02;14.900555555555556;1.4428992207598523
0061;4385;Simone Marchand;weekday;0 days 06:50:32;1 days 02:06:05;38.4;1.0;8.0;4.0;4.0;9.0;8.0;3.0;1.4;0 days 19:15:33;19.259166666666665;1.9938557396910563
0061;4385;Simone Marchand;weekend;0 days 06:59:32;1 days 02:06:05;23.5;1.0;4.5;3.0;3.0;5.0;5.5;2.5;2.0;0 days 19:06:33;19.109166666666667;1.2297762853778726
0062;2601;Croix Malinge;weekday;0 days 06:05:00;1 days 02:01:00;76.5;4.0;16.0;9.0;8.1;13.0;18.0;7.0;1.4;0 days 19:56:00;19.933333333333334;3.8377926421404682
0062;2601;Croix Malinge;weekend;0 days 07:00:00;1 days 02:02:00;38.5;0.0;12.0;4.5;4.5;8.5;8.0;5.0;2.0;0 days 19:02:00;19.033333333333335;2.0227670753064797
0062;2602;Bel Air;weekday;0 days 06:06:37;0 days 21:17:00;38.0;2.0;8.0;5.0;4.0;6.0;9.0;4.0;0.0;0 days 15:10:23;15.173055555555555;2.504439521813156
0062;2602;Bel Air;weekend;0 days 07:01:33;0 days 21:17:00;24.5;0.0;7.0;3.0;3.5;5.5;5.5;3.5;0.0;0 days 14:15:27;14.2575;1.7183938278099247
0062;2603;La Poste;weekend;0 days 07:02:00;0 days 15:03:00;18.0;0.0;7.0;4.0;4.0;3.0;0.0;0.0;0.0;0 days 08:01:00;8.016666666666667;2.245322245322245
0062;2604;Croix Rouge;weekday;0 days 06:09:00;0 days 21:19:00;38.0;2.0;8.0;4.0;4.0;7.0;9.0;4.0;0.0;0 days 15:10:00;15.166666666666666;2.5054945054945055
0062;2604;Croix Rouge;weekend;0 days 10:34:00;0 days 21:19:00;15.5;0.0;0.0;2.0;3.0;4.0;5.5;3.5;0.0;0 days 10:45:00;10.75;1.441860465116279
0062;2605;Fosse Gauchère;weekday;0 days 06:22:00;1 days 01:57:02;38.5;2.0;8.0;4.0;4.1;7.0;9.0;4.0;2.0;0 days 19:35:02;19.58388888888889;1.965901676548183
0062;2605;Fosse Gauchère;weekend;0 days 07:46:00;1 days 01:58:02;25.0;0.0;5.0;3.5;3.5;5.5;5.5;3.5;2.0;0 days 18:12:02;18.200555555555557;1.3735844449192636
0062;2606;Solidor;weekday;0 days 06:11:00;0 days 21:21:00;38.0;2.0;8.0;4.0;4.0;7.0;9.0;4.0;0.0;0 days 15:10:00;15.166666666666666;2.5054945054945055
0062;2606;Solidor;weekend;0 days 07:05:55;0 days 21:21:13;24.5;0.0;6.0;3.0;4.0;5.5;5.5;3.5;0.0;0 days 14:15:18;14.255;1.7186951946685372
0062;2607;Haute Abbaye;weekday;0 days 06:11:53;0 days 21:21:25;38.0;2.0;8.0;4.0;4.0;7.0;9.0;4.0;0.0;0 days 15:09:32;15.158888888888889;2.5067800337169244
0062;2607;Haute Abbaye;weekend;0 days 07:06:00;0 days 21:22:00;24.5;0.0;6.0;3.0;4.0;5.5;5.5;3.5;0.0;0 days 14:16:00;14.266666666666667;1.717289719626168
0062;2608;Bretonnière;weekday;0 days 06:14:00;0 days 21:23:00;38.0;2.0;8.0;4.0;4.0;7.0;9.0;4.0;0.0;0 days 15:09:00;15.15;2.5082508250825084
0062;2608;Bretonnière;weekend;0 days 07:08:00;0 days 21:24:00;24.5;0.0;6.0;3.0;4.0;5.5;5.5;3.5;0.0;0 days 14:16:00;14.266666666666667;1.717289719626168
0062;2609;Val d'Orson;weekday;0 days 06:16:00;0 days 21:25:00;38.0;2.0;8.0;4.0;4.0;7.0;9.0;4.0;0.0;0 days 15:09:00;15.15;2.5082508250825084
0062;2609;Val d'Orson;weekend;0 days 07:10:00;0 days 21:26:00;24.5;0.0;6.0;3.0;4.0;5.5;5.5;3.5;0.0;0 days 14:16:00;14.266666666666667;1.717289719626168
0062;2610;Garenne;weekday;0 days 06:16:57;0 days 21:26:00;38.0;2.0;8.0;4.0;4.0;7.0;9.0;4.0;0.0;0 days 15:09:03;15.150833333333333;2.5081128650789286
0062;2610;Garenne;weekend;0 days 07:10:57;0 days 21:27:00;24.5;0.0;6.0;3.0;4.0;5.5;5.5;3.5;0.0;0 days 14:16:03;14.2675;1.7171894165060453
0062;2611;Hallerais;weekday;0 days 06:18:00;0 days 21:27:00;38.0;2.0;8.0;4.0;4.0;7.0;9.0;4.0;0.0;0 days 15:09:00;15.15;2.5082508250825084
0062;2611;Hallerais;weekend;0 days 07:12:00;0 days 21:28:00;24.5;0.0;6.0;3.0;4.0;5.5;5.5;3.5;0.0;0 days 14:16:00;14.266666666666667;1.717289719626168
0062;2612;Hallerais;weekday;0 days 06:14:00;1 days 01:49:00;38.5;2.0;8.0;4.0;4.1;8.0;8.0;4.0;2.0;0 days 19:35:00;19.583333333333332;1.9659574468085108
0062;2612;Hallerais;weekend;0 days 07:39:00;1 days 01:49:00;25.0;0.0;5.0;3.5;3.5;5.5;5.5;3.5;2.0;0 days 18:10:00;18.166666666666668;1.3761467889908257
0062;2613;Garenne;weekday;0 days 06:15:00;1 days 01:50:12;38.5;2.0;8.0;4.0;4.1;8.0;8.0;4.0;2.0;0 days 19:35:12;19.586666666666666;1.965622872702519
0062;2613;Garenne;weekend;0 days 07:40:00;1 days 01:50:12;25.0;0.0;5.0;3.5;3.5;5.5;5.5;3.5;2.0;0 days 18:10:12;18.17;1.3758943313153549
0062;2614;Val d'Orson;weekday;0 days 06:16:00;1 days 01:51:19;38.5;2.0;8.0;4.0;4.1;8.0;8.0;4.0;2.0;0 days 19:35:19;19.58861111111111;1.9654277570583816
0062;2614;Val d'Orson;weekend;0 days 07:41:00;1 days 01:51:19;25.0;0.0;5.0;3.5;3.5;5.5;5.5;3.5;2.0;0 days 18:10:19;18.171944444444446;1.3757471071095553
0062;2615;Bretonnière;weekday;0 days 06:18:00;1 days 01:53:00;38.5;2.0;8.0;4.0;4.1;7.0;9.0;4.0;2.0;0 days 19:35:00;19.583333333333332;1.9659574468085108
0062;2615;Bretonnière;weekend;0 days 07:42:00;1 days 01:53:00;25.0;0.0;5.0;3.5;3.5;5.5;5.5;3.5;2.0;0 days 18:11:00;18.183333333333334;1.374885426214482
0062;2616;Haute Abbaye;weekday;0 days 06:20:00;1 days 01:55:03;38.5;2.0;8.0;4.0;4.1;7.0;9.0;4.0;2.0;0 days 19:35:03;19.58416666666667;1.96587379260457
0062;2616;Haute Abbaye;weekend;0 days 07:44:00;1 days 01:56:00;25.0;0.0;5.0;3.5;3.5;5.5;5.5;3.5;2.0;0 days 18:12:00;18.2;1.3736263736263736
0062;2617;Fosse Gauchère;weekday;0 days 06:10:00;0 days 21:20:00;38.0;2.0;8.0;4.0;4.0;7.0;9.0;4.0;0.0;0 days 15:10:00;15.166666666666666;2.5054945054945055
0062;2617;Fosse Gauchère;weekend;0 days 07:05:00;0 days 21:20:00;24.5;0.0;6.0;3.0;4.0;5.5;5.5;3.5;0.0;0 days 14:15:00;14.25;1.719298245614035
0062;2618;Croix Rouge;weekday;0 days 06:23:00;1 days 01:58:00;38.5;2.0;8.0;4.0;4.1;7.0;9.0;4.0;2.0;0 days 19:35:00;19.583333333333332;1.9659574468085108
0062;2618;Croix Rouge;weekend;0 days 10:26:00;1 days 01:59:00;16.5;0.0;0.0;3.0;2.0;4.0;5.5;3.5;2.0;0 days 15:33:00;15.55;1.0610932475884245
0062;2619;La Poste;weekend;0 days 07:48:48;0 days 15:16:00;17.0;0.0;5.0;4.0;4.5;3.5;0.0;0.0;0.0;0 days 07:27:12;7.453333333333333;2.2808586762075134
0062;2620;Bel Air;weekday;0 days 06:24:47;1 days 02:00:00;38.5;2.0;8.0;4.0;4.1;7.0;9.0;3.0;1.4;0 days 19:35:13;19.586944444444445;1.9655949966672812
0062;2620;Bel Air;weekend;0 days 07:49:00;1 days 02:01:00;25.0;0.0;5.0;3.5;3.0;6.0;5.5;2.75;2.3333333333333335;0 days 18:12:00;18.2;1.3736263736263736
0062;2621;Vern La Touche;weekday;0 days 06:25:00;1 days 02:00:27;38.5;2.0;8.0;4.0;4.1;7.0;9.0;3.0;1.4;0 days 19:35:27;19.590833333333332;1.9652048151771664
0062;2621;Vern La Touche;weekend;0 days 07:50:00;1 days 02:01:27;25.0;0.0;5.0;3.5;3.0;6.0;5.5;2.5;2.0;0 days 18:11:27;18.190833333333334;1.3743185670438407
0062;2627;Vaugon;weekend;0 days 11:13:39;0 days 20:14:00;7.0;0.0;0.0;1.0;1.0;2.0;2.0;1.0;0.0;0 days 09:00:21;9.005833333333333;0.7772739890811511
0062;2628;Vaugon;weekend;0 days 10:31:38;0 days 19:35:00;7.0;0.0;0.0;1.0;2.0;2.0;2.0;0.0;0.0;0 days 09:03:22;9.056111111111111;0.7729587141893135
0062;2629;Vern Eglise;weekday;0 days 06:07:50;0 days 21:18:00;38.0;2.0;8.0;5.0;4.0;6.0;9.0;4.0;0.0;0 days 15:10:10;15.169444444444444;2.5050357077458343
0062;2629;Vern Eglise;weekend;0 days 10:32:46;0 days 21:18:00;15.5;0.0;0.0;2.0;3.0;4.0;5.5;3.5;0.0;0 days 10:45:14;10.75388888888889;1.441339050472697
0062;2630;Maillardière;weekend;0 days 10:28:00;0 days 20:48:00;8.0;0.0;0.0;2.0;1.0;2.0;2.0;1.0;0.0;0 days 10:20:00;10.333333333333334;0.7741935483870968
0062;2631;Moulin;weekend;0 days 10:27:00;0 days 20:47:00;8.0;0.0;0.0;2.0;1.0;2.0;2.0;1.0;0.0;0 days 10:20:00;10.333333333333334;0.7741935483870968
0062;2632;Moulin;weekday;1 days 00:29:00;1 days 02:04:00;2.0;0.0;0.0;0.0;0.0;0.0;0.0;0.0;2.0;0 days 01:35:00;1.5833333333333333;1.2631578947368423
0062;2632;Moulin;weekend;0 days 11:21:00;1 days 02:05:00;5.0;0.0;0.0;1.0;1.0;2.0;2.0;2.0;2.0;0 days 14:44:00;14.733333333333333;0.3393665158371041
0062;2633;Maillardière;weekday;1 days 00:28:00;1 days 02:03:00;2.0;0.0;0.0;0.0;0.0;0.0;0.0;0.0;2.0;0 days 01:35:00;1.5833333333333333;1.2631578947368423
0062;2633;Maillardière;weekend;0 days 11:20:00;1 days 02:04:00;5.0;0.0;0.0;1.0;1.0;2.0;2.0;2.0;2.0;0 days 14:44:00;14.733333333333333;0.3393665158371041
0062;2634;Vern Eglise;weekday;0 days 06:23:51;1 days 01:59:00;38.5;2.0;8.0;4.0;4.1;7.0;9.0;4.0;2.0;0 days 19:35:09;19.585833333333333;1.9657065055524827
0062;2634;Vern Eglise;weekend;0 days 10:27:00;1 days 02:00:00;16.5;0.0;0.0;3.0;2.0;4.0;5.5;3.25;2.5;0 days 15:33:00;15.55;1.0610932475884245
0062;2635;Croix Malinge;weekend;0 days 10:30:00;0 days 20:50:00;15.0;0.0;0.0;2.0;3.0;4.0;4.0;2.0;0.0;0 days 10:20:00;10.333333333333334;1.4516129032258063
0062;2637;Solidor;weekday;0 days 06:21:00;1 days 01:56:00;38.5;2.0;8.0;4.0;4.1;7.0;9.0;4.0;2.0;0 days 19:35:00;19.583333333333332;1.9659574468085108
0062;2637;Solidor;weekend;0 days 07:45:00;1 days 01:57:00;25.0;0.0;5.0;3.5;3.5;5.5;5.5;3.5;2.0;0 days 18:12:00;18.2;1.3736263736263736
0062;2640;Croix Malinge;weekend;0 days 10:30:00;0 days 19:33:00;7.0;0.0;0.0;1.0;2.0;2.0;2.0;0.0;0.0;0 days 09:03:00;9.05;0.7734806629834253
0062;3024;Martinière;weekday;0 days 06:18:54;0 days 21:28:07;38.0;2.0;8.0;4.0;4.0;7.0;9.0;4.0;0.0;0 days 15:09:13;15.153611111111111;2.5076531079867284
0062;3024;Martinière;weekend;0 days 07:13:00;0 days 21:29:07;24.5;0.0;6.0;3.0;3.5;6.0;5.5;3.5;0.0;0 days 14:16:07;14.268611111111111;1.717055697237526
0062;3025;Martinière;weekday;0 days 06:13:00;1 days 01:48:03;38.5;3.0;7.0;4.0;5.1;7.0;8.0;4.0;2.0;0 days 19:35:03;19.58416666666667;1.96587379260457
0062;3025;Martinière;weekend;0 days 07:38:00;1 days 01:48:03;25.0;0.0;5.0;3.5;3.5;5.5;5.5;3.5;2.0;0 days 18:10:03;18.1675;1.3760836658868858
0062;3401;Parc des Sports;weekday;1 days 00:39:00;1 days 02:14:00;2.0;0.0;0.0;0.0;0.0;0.0;0.0;0.0;2.0;0 days 01:35:00;1.5833333333333333;1.2631578947368423
0062;3401;Parc des Sports;weekend;0 days 10:16:00;1 days 02:15:00;9.0;0.0;0.0;3.0;2.0;4.0;4.0;3.0;2.0;0 days 15:59:00;15.983333333333333;0.5630865484880083
0062;3402;Langlois;weekday;1 days 00:38:00;1 days 02:13:08;2.0;0.0;0.0;0.0;0.0;0.0;0.0;0.0;2.0;0 days 01:35:08;1.5855555555555556;1.2613875262789067
0062;3402;Langlois;weekend;0 days 11:31:00;1 days 02:14:08;5.0;0.0;0.0;1.0;1.0;2.0;2.0;2.0;2.0;0 days 14:43:08;14.71888888888889;0.3396995546161395
0062;3404;Menault;weekend;0 days 10:18:00;0 days 20:39:14;8.0;0.0;0.0;2.0;1.0;2.0;2.0;1.0;0.0;0 days 10:21:14;10.35388888888889;0.7726565434351021
0062;3405;Eclosel;weekend;0 days 10:21:41;0 days 20:42:10;8.0;0.0;0.0;2.0;1.0;2.0;2.0;1.0;0.0;0 days 10:20:29;10.341388888888888;0.7735904805393645
0062;3406;Eclosel;weekday;1 days 00:34:00;1 days 02:09:03;2.0;0.0;0.0;0.0;0.0;0.0;0.0;0.0;2.0;0 days 01:35:03;1.5841666666666667;1.2624934245134138
0062;3406;Eclosel;weekend;0 days 11:26:31;1 days 02:10:03;5.0;0.0;0.0;1.0;1.0;2.0;2.0;2.0;2.0;0 days 14:43:32;14.725555555555555;0.3395457632234211
0062;3407;Grée Barel;weekday;1 days 00:35:35;1 days 02:11:00;2.0;0.0;0.0;0.0;0.0;0.0;0.0;0.0;2.0;0 days 01:35:25;1.5902777777777777;1.25764192139738
0062;3407;Grée Barel;weekend;0 days 11:28:00;1 days 02:12:00;5.0;0.0;0.0;1.0;1.0;2.0;2.0;2.0;2.0;0 days 14:44:00;14.733333333333333;0.3393665158371041
0062;3409;Menault;weekday;1 days 00:36:00;1 days 02:11:17;2.0;0.0;0.0;0.0;0.0;0.0;0.0;0.0;2.0;0 days 01:35:17;1.5880555555555556;1.2594017841525276
0062;3409;Menault;weekend;0 days 11:29:00;1 days 02:12:17;5.0;0.0;0.0;1.0;1.0;2.0;2.0;2.0;2.0;0 days 14:43:17;14.721388888888889;0.33964186652074646
0062;3410;Langlois;weekend;0 days 10:16:36;0 days 20:38:00;8.0;0.0;0.0;2.0;1.0;2.0;2.0;1.0;0.0;0 days 10:21:24;10.356666666666667;0.7724493080141616
0062;3420;La Porte;weekend;0 days 10:17:00;0 days 20:38:03;8.0;0.0;0.0;2.0;1.0;2.0;2.0;1.0;0.0;0 days 10:21:03;10.350833333333334;0.7728846308670799
0062;3421;La Porte;weekday;1 days 00:37:00;1 days 02:12:22;2.0;0.0;0.0;0.0;0.0;0.0;0.0;0.0;2.0;0 days 01:35:22;1.5894444444444444;1.258301293254107
0062;3421;La Porte;weekend;0 days 11:30:00;1 days 02:13:22;5.0;0.0;0.0;1.0;1.0;2.0;2.0;2.0;2.0;0 days 14:43:22;14.722777777777777;0.33960982604430023
0062;3427;Chêne Centenaire;weekend;0 days 10:18:00;0 days 20:39:00;8.0;0.0;0.0;2.0;1.0;2.0;2.0;1.0;0.0;0 days 10:21:00;10.35;0.7729468599033816
0062;3428;Chêne Centenaire;weekday;1 days 00:36:41;1 days 02:12:00;2.0;0.0;0.0;0.0;0.0;0.0;0.0;0.0;2.0;0 days 01:35:19;1.5886111111111112;1.2589613568805735
0062;3428;Chêne Centenaire;weekend;0 days 11:29:00;1 days 02:13:00;5.0;0.0;0.0;1.0;1.0;2.0;2.0;2.0;2.0;0 days 14:44:00;14.733333333333333;0.3393665158371041
0062;3816;Launay Garnier;weekend;0 days 11:04:00;0 days 20:06:00;7.0;0.0;0.0;1.0;1.0;2.0;2.0;1.0;0.0;0 days 09:02:00;9.033333333333333;0.7749077490774908
0062;3817;Launay Garnier;weekday;1 days 00:52:55;1 days 02:28:00;2.0;0.0;0.0;0.0;0.0;0.0;0.0;0.0;2.0;0 days 01:35:05;1.5847222222222221;1.26205083260298
0062;3817;Launay Garnier;weekend;0 days 10:41:00;1 days 02:29:00;5.0;0.0;0.0;1.0;2.0;2.0;2.0;1.0;2.0;0 days 15:48:00;15.8;0.3164556962025316
0062;3834;ZA Bourgbarré;weekend;0 days 11:05:33;0 days 20:07:00;7.0;0.0;0.0;1.0;1.0;2.0;2.0;1.0;0.0;0 days 09:01:27;9.024166666666666;0.7756948933419522
0062;3835;ZA Bourgbarré;weekday;1 days 00:52:00;1 days 02:27:05;2.0;0.0;0.0;0.0;0.0;0.0;0.0;0.0;2.0;0 days 01:35:05;1.5847222222222221;1.26205083260298
0062;3835;ZA Bourgbarré;weekend;0 days 10:40:00;1 days 02:28:05;5.0;0.0;0.0;1.0;2.0;2.0;2.0;1.0;2.0;0 days 15:48:05;15.801388888888889;0.3164278808121649
0062;4102;Huberdières;weekend;0 days 10:57:00;0 days 19:59:11;7.0;0.0;0.0;1.0;2.0;2.0;2.0;0.0;0.0;0 days 09:02:11;9.036388888888888;0.7746457225415758
0062;4103;Place de Kildare;weekend;0 days 10:59:00;0 days 20:01:04;7.0;0.0;0.0;1.0;1.0;2.0;2.0;1.0;0.0;0 days 09:02:04;9.034444444444444;0.7748124461935801
0062;4104;Corps-Nuds Mairie;weekend;0 days 11:00:00;0 days 20:02:00;7.0;0.0;0.0;1.0;1.0;2.0;2.0;1.0;0.0;0 days 09:02:00;9.033333333333333;0.7749077490774908
0062;4105;Chêne Hervé;weekend;0 days 11:00:30;0 days 20:02:27;7.0;0.0;0.0;1.0;1.0;2.0;2.0;1.0;0.0;0 days 09:01:57;9.0325;0.7749792416274564
0062;4108;Chêne Hervé;weekday;1 days 00:55:36;1 days 02:31:00;2.0;0.0;0.0;0.0;0.0;0.0;0.0;0.0;2.0;0 days 01:35:24;1.59;1.2578616352201257
0062;4108;Chêne Hervé;weekend;0 days 10:44:30;1 days 02:32:00;5.0;0.0;0.0;1.0;2.0;2.0;2.0;1.0;2.0;0 days 15:47:30;15.791666666666666;0.316622691292876
0062;4109;Corps-Nuds Mairie;weekday;1 days 00:56:00;1 days 02:31:00;2.0;0.0;0.0;0.0;0.0;0.0;0.0;0.0;2.0;0 days 01:35:00;1.5833333333333333;1.2631578947368423
0062;4109;Corps-Nuds Mairie;weekend;0 days 10:45:00;1 days 02:32:00;5.0;0.0;0.0;1.0;2.0;2.0;2.0;1.0;2.0;0 days 15:47:00;15.783333333333333;0.3167898627243928
0062;4110;Place de Kildare;weekday;1 days 00:56:41;1 days 02:32:00;2.0;0.0;0.0;0.0;0.0;0.0;0.0;0.0;2.0;0 days 01:35:19;1.5886111111111112;1.2589613568805735
0062;4110;Place de Kildare;weekend;0 days 10:45:55;1 days 02:33:00;5.0;0.0;0.0;1.0;2.0;2.0;2.0;1.0;2.0;0 days 15:47:05;15.784722222222221;0.31676198856137266
0062;4111;Huberdières;weekday;1 days 00:58:00;1 days 02:33:04;2.0;0.0;0.0;0.0;0.0;0.0;0.0;0.0;2.0;0 days 01:35:04;1.5844444444444445;1.2622720897615707
0062;4111;Huberdières;weekend;0 days 10:47:46;1 days 02:34:04;5.0;0.0;0.0;1.0;2.0;2.0;2.0;1.0;2.0;0 days 15:46:18;15.771666666666667;0.3170241995138962
0062;4112;Corps-Nuds Gare;weekday;1 days 00:59:00;1 days 02:34:00;2.0;0.0;0.0;0.0;0.0;0.0;0.0;0.0;2.0;0 days 01:35:00;1.5833333333333333;1.2631578947368423
0062;4112;Corps-Nuds Gare;weekend;0 days 10:49:00;1 days 02:35:00;8.5;0.0;0.0;2.0;4.0;4.0;4.0;1.0;2.0;0 days 15:46:00;15.766666666666667;0.5391120507399577
0062;4113;Grands Sillons;weekend;0 days 11:01:39;0 days 20:03:28;7.0;0.0;0.0;1.0;1.0;2.0;2.0;1.0;0.0;0 days 09:01:49;9.030277777777778;0.77516995293611
0062;4114;Grands Sillons;weekday;1 days 00:54:47;1 days 02:30:00;2.0;0.0;0.0;0.0;0.0;0.0;0.0;0.0;2.0;0 days 01:35:13;1.5869444444444445;1.2602835638018555
0062;4114;Grands Sillons;weekend;0 days 10:43:00;1 days 02:31:00;5.0;0.0;0.0;1.0;2.0;2.0;2.0;1.0;2.0;0 days 15:48:00;15.8;0.3164556962025316
0062;4551;Saint-Armel Eglise;weekday;1 days 00:49:00;1 days 02:24:00;2.0;0.0;0.0;0.0;0.0;0.0;0.0;0.0;2.0;0 days 01:35:00;1.5833333333333333;1.2631578947368423
0062;4551;Saint-Armel Eglise;weekend;0 days 10:37:00;1 days 02:25:00;8.5;0.0;0.0;2.0;3.0;4.0;4.0;2.0;2.0;0 days 15:48:00;15.8;0.5379746835443038
0062;4552;Saint-Armel Gare;weekend;0 days 10:36:00;0 days 19:39:00;7.0;0.0;0.0;1.0;2.0;2.0;2.0;0.0;0.0;0 days 09:03:00;9.05;0.7734806629834253
0062;4553;Lande du Jardin;weekend;0 days 10:35:00;0 days 19:38:20;7.0;0.0;0.0;1.0;2.0;2.0;2.0;0.0;0.0;0 days 09:03:20;9.055555555555555;0.7730061349693251
0062;4554;Lande du Jardin;weekday;1 days 00:50:00;1 days 02:25:24;2.0;0.0;0.0;0.0;0.0;0.0;0.0;0.0;2.0;0 days 01:35:24;1.59;1.2578616352201257
0062;4554;Lande du Jardin;weekend;0 days 11:10:31;1 days 02:26:24;5.0;0.0;0.0;1.0;1.0;2.0;2.0;2.0;2.0;0 days 15:15:53;15.264722222222222;0.3275526358888505
0062;4555;Saint-Armel Gare;weekday;1 days 00:50:00;1 days 02:25:00;2.0;0.0;0.0;0.0;0.0;0.0;0.0;0.0;2.0;0 days 01:35:00;1.5833333333333333;1.2631578947368423
0062;4555;Saint-Armel Gare;weekend;0 days 11:10:00;1 days 02:26:00;5.0;0.0;0.0;1.0;1.0;2.0;2.0;2.0;2.0;0 days 15:16:00;15.266666666666667;0.32751091703056767
0064;2002;Cesson Hôpital Privé;weekday;0 days 06:29:58;1 days 01:52:00;38.9;2.0;7.5;4.0;3.0;7.0;11.0;4.0;2.0;0 days 19:22:02;19.36722222222222;2.0085482344166836
0064;2002;Cesson Hôpital Privé;weekend;0 days 06:57:58;1 days 01:51:28;24.5;1.0;6.0;3.0;3.0;5.5;6.0;2.5;2.0;0 days 18:53:30;18.891666666666666;1.2968681076312307
0064;2003;Cesson Hôpital Privé;weekday;0 days 06:18:57;0 days 21:36:00;39.3;2.0;8.0;3.0;4.3;6.2;11.8;4.0;0.0;0 days 15:17:03;15.284166666666666;2.571288370317867
0064;2003;Cesson Hôpital Privé;weekend;0 days 07:12:57;0 days 21:34:00;23.5;0.0;6.0;3.0;3.0;5.5;6.0;3.0;0.0;0 days 14:21:03;14.350833333333334;1.6375355670402414
0064;2044;Belle Fontaine;weekday;0 days 06:16:00;0 days 21:33:00;39.3;2.0;8.0;3.0;4.3;6.2;11.8;4.0;0.0;0 days 15:17:00;15.283333333333333;2.571428571428571
0064;2044;Belle Fontaine;weekend;0 days 07:10:00;0 days 21:31:00;23.5;0.0;6.0;3.0;3.0;5.5;6.0;3.0;0.0;0 days 14:21:00;14.35;1.637630662020906
0064;2045;Atalante;weekday;0 days 06:17:00;0 days 21:34:01;39.3;2.0;8.0;3.0;4.3;6.2;11.8;4.0;0.0;0 days 15:17:01;15.283611111111112;2.5713818360262444
0064;2045;Atalante;weekend;0 days 07:11:00;0 days 21:32:01;23.5;0.0;6.0;3.0;3.0;5.5;6.0;3.0;0.0;0 days 14:21:01;14.350277777777778;1.6375989624668512
0064;2046;Atalante;weekday;0 days 06:32:00;1 days 01:54:01;38.9;2.0;7.5;3.0;4.0;7.0;10.0;5.0;2.0;0 days 19:22:01;19.366944444444446;2.0085770427848137
0064;2046;Atalante;weekend;0 days 07:00:00;1 days 01:53:11;24.5;0.0;6.0;3.0;3.0;6.0;6.0;2.5;2.0;0 days 18:53:11;18.886388888888888;1.2972305158035622
0064;2047;Belle Fontaine;weekday;0 days 06:33:00;1 days 01:55:00;38.9;2.0;7.5;3.0;4.0;7.0;10.0;5.0;2.0;0 days 19:22:00;19.366666666666667;2.008605851979346
0064;2047;Belle Fontaine;weekend;0 days 07:01:00;1 days 01:54:00;24.5;0.0;6.0;3.0;3.0;6.0;6.0;2.5;2.0;0 days 18:53:00;18.883333333333333;1.297440423654016
0064;2079;Verger;weekday;0 days 06:13:59;0 days 21:32:00;39.3;2.0;8.0;3.0;4.3;6.2;11.8;4.0;0.0;0 days 15:18:01;15.300277777777778;2.568580817341733
0064;2079;Verger;weekend;0 days 07:07:59;0 days 21:29:00;23.5;0.0;6.0;3.0;3.0;5.5;6.0;3.0;0.0;0 days 14:21:01;14.350277777777778;1.6375989624668512
0064;2083;Gaudais;weekday;0 days 06:34:00;1 days 01:56:01;38.9;2.0;7.5;3.0;4.0;7.0;10.0;5.0;2.0;0 days 19:22:01;19.366944444444446;2.0085770427848137
0064;2083;Gaudais;weekend;0 days 07:02:00;1 days 01:55:01;24.5;0.0;6.0;3.0;3.0;6.0;6.0;2.5;2.0;0 days 18:53:01;18.88361111111111;1.2974213383151174
0064;2084;Verger;weekday;0 days 06:35:00;1 days 01:57:00;38.9;2.0;7.5;3.0;4.0;7.0;10.0;5.0;2.0;0 days 19:22:00;19.366666666666667;2.008605851979346
0064;2084;Verger;weekend;0 days 07:03:00;1 days 01:56:00;24.5;0.0;6.0;3.0;3.0;6.0;6.0;2.5;2.0;0 days 18:53:00;18.883333333333333;1.297440423654016
0064;2101;Village Collectivités;weekday;0 days 06:13:00;0 days 21:31:00;39.3;2.0;8.0;3.0;4.3;6.2;11.8;4.0;0.0;0 days 15:18:00;15.3;2.568627450980392
0064;2101;Village Collectivités;weekend;0 days 07:07:00;0 days 21:28:00;23.5;0.0;6.0;3.0;3.0;5.5;6.0;3.0;0.0;0 days 14:21:00;14.35;1.637630662020906
0064;2140;Cesson - Viasilva;weekday;0 days 06:22:00;1 days 01:49:00;78.2;4.0;15.5;7.0;6.3;14.2;22.8;8.0;2.0;0 days 19:27:00;19.45;4.020565552699229
0064;2140;Cesson - Viasilva;weekend;0 days 06:55:00;1 days 01:49:00;48.0;1.0;12.0;6.0;6.0;11.0;12.0;5.5;2.0;0 days 18:54:00;18.9;2.53968253968254
0064;2156;Gaudais;weekday;0 days 06:14:53;0 days 21:32:15;39.3;2.0;8.0;3.0;4.3;6.2;11.8;4.0;0.0;0 days 15:17:22;15.289444444444445;2.570400784855201
0064;2156;Gaudais;weekend;0 days 07:08:53;0 days 21:30:00;23.5;0.0;6.0;3.0;3.0;5.5;6.0;3.0;0.0;0 days 14:21:07;14.351944444444445;1.6374087909110262
0064;3316;Village Collectivités;weekday;0 days 06:36:00;1 days 01:58:00;38.9;2.0;7.5;3.0;4.0;7.0;10.0;5.0;2.0;0 days 19:22:00;19.366666666666667;2.008605851979346
0064;3316;Village Collectivités;weekend;0 days 07:04:00;1 days 01:57:00;24.5;0.0;6.0;3.0;3.0;6.0;6.0;2.5;2.0;0 days 18:53:00;18.883333333333333;1.297440423654016
0064;3317;Pâtis du Moulinet;weekday;0 days 06:10:00;0 days 21:28:19;38.0;2.0;8.0;3.0;4.0;7.0;10.0;4.0;0.0;0 days 15:18:19;15.305277777777778;2.4828036806475615
0064;3317;Pâtis du Moulinet;weekend;0 days 07:04:00;0 days 21:25:19;23.5;0.0;6.0;3.0;3.0;5.5;6.0;3.0;0.0;0 days 14:21:19;14.355277777777777;1.6370285802743862
0064;3318;Pâtis du Moulinet;weekday;0 days 06:38:45;1 days 02:01:00;38.9;2.0;7.5;3.0;4.0;7.0;10.0;5.0;2.0;0 days 19:22:15;19.370833333333334;2.00817380081738
0064;3318;Pâtis du Moulinet;weekend;0 days 07:06:45;1 days 02:00:00;24.5;0.0;6.0;3.0;3.0;6.0;5.5;3.0;2.0;0 days 18:53:15;18.8875;1.2971542025148908
0064;4001;Timonière;weekday;0 days 06:00:00;1 days 02:12:00;76.9;4.0;15.5;7.0;6.0;14.0;22.0;7.0;1.4;0 days 20:12:00;20.2;3.806930693069307
0064;4001;Timonière;weekend;0 days 06:55:00;1 days 02:11:00;48.0;1.0;12.0;6.0;6.0;11.0;11.5;5.0;2.0;0 days 19:16:00;19.266666666666666;2.491349480968858
0064;4002;Verdaudais;weekday;0 days 06:04:00;0 days 21:22:00;38.0;3.0;7.0;4.0;3.0;7.0;11.0;3.0;0.0;0 days 15:18:00;15.3;2.4836601307189543
0064;4002;Verdaudais;weekend;0 days 06:58:41;0 days 21:19:18;23.5;1.0;6.0;3.0;2.75;5.75;5.5;3.0;0.0;0 days 14:20:37;14.34361111111111;1.6383600906326858
0064;4003;Acigné Mairie;weekday;0 days 06:05:34;0 days 21:23:00;38.0;2.0;8.0;3.0;4.0;7.0;11.0;3.0;0.0;0 days 15:17:26;15.290555555555555;2.4851942012135306
0064;4003;Acigné Mairie;weekend;0 days 06:59:46;0 days 21:21:00;23.5;1.0;5.5;3.0;3.0;6.0;5.5;3.0;0.0;0 days 14:21:14;14.35388888888889;1.6371869799125285
0064;4004;Foyer;weekday;0 days 06:06:00;0 days 21:23:24;38.0;2.0;8.0;3.0;4.0;7.0;11.0;3.0;0.0;0 days 15:17:24;15.29;2.485284499672989
0064;4004;Foyer;weekend;0 days 07:00:00;0 days 21:21:19;23.5;0.0;6.0;3.0;3.0;6.0;5.5;3.0;0.0;0 days 14:21:19;14.355277777777777;1.6370285802743862
0064;4006;Pont d'Ohin;weekday;0 days 06:08:00;0 days 21:26:00;38.0;2.0;8.0;3.0;4.0;7.0;10.0;4.0;0.0;0 days 15:18:00;15.3;2.4836601307189543
0064;4006;Pont d'Ohin;weekend;0 days 07:02:00;0 days 21:23:04;23.5;0.0;6.0;3.0;3.0;6.0;5.5;3.0;0.0;0 days 14:21:04;14.351111111111111;1.6375038711675443
0064;4007;Boulais;weekday;0 days 06:09:00;0 days 21:27:00;38.0;2.0;8.0;3.0;4.0;7.0;10.0;4.0;0.0;0 days 15:18:00;15.3;2.4836601307189543
0064;4007;Boulais;weekend;0 days 07:03:00;0 days 21:24:00;23.5;0.0;6.0;3.0;3.0;6.0;5.5;3.0;0.0;0 days 14:21:00;14.35;1.637630662020906
0064;4008;Boulais;weekday;0 days 06:40:00;1 days 02:02:00;38.9;2.0;7.5;3.0;4.0;7.0;10.0;5.0;2.0;0 days 19:22:00;19.366666666666667;2.008605851979346
0064;4008;Boulais;weekend;0 days 07:08:00;1 days 02:01:00;24.5;0.0;6.0;3.0;3.0;6.0;5.5;3.0;2.0;0 days 18:53:00;18.883333333333333;1.297440423654016
0064;4009;Pont d'Ohin;weekday;0 days 06:41:00;1 days 02:04:00;38.9;1.0;8.5;3.0;4.0;7.0;10.0;5.0;2.0;0 days 19:23:00;19.383333333333333;2.006878761822872
0064;4009;Pont d'Ohin;weekend;0 days 07:09:53;1 days 02:03:00;24.5;0.0;6.0;3.0;3.0;6.0;5.5;3.0;2.0;0 days 18:53:07;18.885277777777777;1.2973068380719843
0064;4010;Lande;weekday;0 days 06:42:00;1 days 02:05:00;38.9;1.0;8.5;3.0;4.0;7.0;10.0;4.0;1.4;0 days 19:23:00;19.383333333333333;2.006878761822872
0064;4010;Lande;weekend;0 days 07:11:00;1 days 02:04:00;24.5;0.0;6.0;3.0;3.0;6.0;5.5;2.0;2.0;0 days 18:53:00;18.883333333333333;1.297440423654016
0064;4011;Foyer;weekday;0 days 06:42:54;1 days 02:06:03;38.9;1.0;8.5;3.0;4.0;7.0;10.0;4.0;1.4;0 days 19:23:09;19.385833333333334;2.00661995443408
0064;4011;Foyer;weekend;0 days 07:11:54;1 days 02:05:03;24.5;0.0;6.0;3.0;3.0;6.0;5.5;2.0;2.0;0 days 18:53:09;18.885833333333334;1.2972686758152054
0064;4012;Acigné Mairie;weekday;0 days 06:43:00;1 days 02:07:00;38.9;1.0;8.5;3.0;4.0;7.0;10.0;4.0;1.4;0 days 19:24:00;19.4;2.0051546391752577
0064;4012;Acigné Mairie;weekend;0 days 07:12:00;1 days 02:06:00;24.5;0.0;6.0;3.0;3.0;6.0;5.5;2.0;2.0;0 days 18:54:00;18.9;1.2962962962962965
0064;4013;Verdaudais;weekday;0 days 06:44:35;1 days 02:08:01;38.9;1.0;8.5;3.0;4.0;7.0;10.0;4.0;1.4;0 days 19:23:26;19.390555555555554;2.0061312781136293
0064;4013;Verdaudais;weekend;0 days 07:13:35;1 days 02:07:01;24.5;0.0;6.0;3.0;3.0;6.0;5.5;2.0;2.0;0 days 18:53:26;18.890555555555554;1.2969443872599478
0064;4018;Lande;weekday;0 days 06:07:00;0 days 21:24:00;38.0;2.0;8.0;3.0;4.0;7.0;10.0;4.0;0.0;0 days 15:17:00;15.283333333333333;2.486368593238822
0064;4018;Lande;weekend;0 days 07:01:00;0 days 21:22:00;23.5;0.0;6.0;3.0;3.0;6.0;5.5;3.0;0.0;0 days 14:21:00;14.35;1.637630662020906
0064;4019;Botrel;weekday;0 days 06:01:42;0 days 21:19:27;38.0;3.0;7.0;4.0;3.0;7.0;11.0;3.0;0.0;0 days 15:17:45;15.295833333333333;2.484336692999183
0064;4019;Botrel;weekend;0 days 06:56:00;0 days 21:17:00;23.5;1.0;6.0;3.0;3.0;5.5;5.5;3.0;0.0;0 days 14:21:00;14.35;1.637630662020906
0064;4020;Botrel;weekday;0 days 06:46:46;1 days 02:11:00;38.9;1.0;8.5;3.0;3.0;7.0;11.0;4.0;1.4;0 days 19:24:14;19.40388888888889;2.004752770063275
0064;4020;Botrel;weekend;0 days 07:15:46;1 days 02:10:00;24.5;0.0;6.0;3.0;3.0;5.5;6.0;2.0;2.0;0 days 18:54:14;18.90388888888889;1.296029623534252
0065;3107;Renan;weekday;0 days 06:26:53;0 days 20:27:00;32.0;2.0;11.0;2.0;3.0;5.0;8.0;1.0;0.0;0 days 14:00:07;14.001944444444444;2.285396869482413
0065;3107;Renan;weekend;0 days 07:13:31;0 days 20:30:00;18.0;0.0;3.0;2.0;3.0;4.0;5.0;1.0;0.0;0 days 13:16:29;13.274722222222222;1.3559605767017515
0065;3108;Duchesse Anne;weekday;0 days 06:28:00;0 days 20:28:00;32.0;2.0;11.0;2.0;3.0;5.0;8.0;1.0;0.0;0 days 14:00:00;14.0;2.2857142857142856
0065;3108;Duchesse Anne;weekend;0 days 07:15:00;0 days 20:31:00;18.0;0.0;3.0;2.0;3.0;4.0;5.0;1.0;0.0;0 days 13:16:00;13.266666666666667;1.3567839195979898
0065;3109;Pacé Cimetière;weekday;0 days 06:29:00;0 days 20:29:00;32.0;2.0;11.0;1.0;4.0;5.0;8.0;1.0;0.0;0 days 14:00:00;14.0;2.2857142857142856
0065;3109;Pacé Cimetière;weekend;0 days 07:17:00;0 days 20:32:00;18.0;0.0;3.0;1.0;4.0;4.0;5.0;1.0;0.0;0 days 13:15:00;13.25;1.3584905660377358
0065;3110;Carré Dumaine;weekday;0 days 06:29:57;0 days 20:30:00;32.0;2.0;11.0;1.0;4.0;5.0;8.0;1.0;0.0;0 days 14:00:03;14.000833333333333;2.2855782393905124
0065;3110;Carré Dumaine;weekend;0 days 07:17:57;0 days 20:33:00;11.0;0.0;3.0;1.0;2.5;3.0;3.0;1.0;0.0;0 days 13:15:03;13.250833333333333;0.83013646940444
0065;3111;Le Ponant;weekday;0 days 06:31:00;0 days 20:31:00;32.0;2.0;11.0;1.0;4.0;5.0;8.0;1.0;0.0;0 days 14:00:00;14.0;2.2857142857142856
0065;3111;Le Ponant;weekend;0 days 07:19:00;0 days 20:34:00;18.0;0.0;3.0;1.0;4.0;4.0;5.0;1.0;0.0;0 days 13:15:00;13.25;1.3584905660377358
0065;3113;Le Ponant;weekday;0 days 06:57:00;0 days 21:00:00;30.6;1.0;5.0;2.0;3.0;7.0;10.6;2.0;0.0;0 days 14:03:00;14.05;2.1779359430604983
0065;3113;Le Ponant;weekend;0 days 07:50:00;0 days 21:00:00;18.0;0.0;2.0;2.0;3.0;4.0;5.0;2.0;0.0;0 days 13:10:00;13.166666666666666;1.3670886075949367
0065;3114;Carré Dumaine;weekday;0 days 06:57:00;0 days 21:01:00;30.6;1.0;5.0;2.0;3.0;7.0;10.6;2.0;0.0;0 days 14:04:00;14.066666666666666;2.175355450236967
0065;3114;Carré Dumaine;weekend;0 days 07:50:56;0 days 21:00:28;11.0;0.0;2.0;2.0;2.0;2.5;3.5;2.0;0.0;0 days 13:09:32;13.158888888888889;0.8359368403276197
0065;3115;Pacé Cimetière;weekday;0 days 06:58:00;0 days 21:02:00;30.6;1.0;5.0;2.0;3.0;7.0;10.6;2.0;0.0;0 days 14:04:00;14.066666666666666;2.175355450236967
0065;3115;Pacé Cimetière;weekend;0 days 07:52:00;0 days 21:01:00;18.0;0.0;2.0;2.0;3.0;4.0;5.0;2.0;0.0;0 days 13:09:00;13.15;1.3688212927756653
0065;3116;Duchesse Anne;weekday;0 days 06:59:00;0 days 21:03:00;30.6;1.0;5.0;2.0;3.0;7.0;10.6;2.0;0.0;0 days 14:04:00;14.066666666666666;2.175355450236967
0065;3116;Duchesse Anne;weekend;0 days 07:53:00;0 days 21:02:00;18.0;0.0;2.0;2.0;3.0;4.0;5.0;2.0;0.0;0 days 13:09:00;13.15;1.3688212927756653
0065;3117;Renan;weekday;0 days 07:00:00;0 days 21:04:08;30.6;0.0;6.0;2.0;3.0;7.0;10.6;2.0;0.0;0 days 14:04:08;14.068888888888889;2.175011846469752
0065;3117;Renan;weekend;0 days 07:53:45;0 days 21:03:00;18.0;0.0;2.0;2.0;3.0;4.0;5.0;2.0;0.0;0 days 13:09:15;13.154166666666667;1.3683877098511246
0065;3123;Chapitre;weekday;0 days 06:21:42;0 days 20:22:00;28.0;2.0;7.0;2.0;3.0;5.0;8.0;1.0;0.0;0 days 14:00:18;14.005;1.9992859692966796
0065;3123;Chapitre;weekend;0 days 07:07:00;0 days 20:25:00;11.0;0.0;3.0;2.0;2.0;3.0;3.0;1.0;0.0;0 days 13:18:00;13.3;0.8270676691729323
0065;3124;Chapitre;weekday;0 days 07:05:00;0 days 21:09:29;26.6;0.0;6.0;2.0;3.0;6.0;6.6;3.0;0.0;0 days 14:04:29;14.074722222222222;1.889912964534528
0065;3124;Chapitre;weekend;0 days 07:58:52;0 days 21:08:00;11.0;0.0;2.0;2.0;2.0;2.5;3.25;2.5;0.0;0 days 13:09:08;13.152222222222223;0.8363605643321788
0065;3136;Pont Amelin;weekday;0 days 06:25:00;0 days 20:25:00;32.0;2.0;11.0;2.0;3.0;5.0;8.0;1.0;0.0;0 days 14:00:00;14.0;2.2857142857142856
0065;3136;Pont Amelin;weekend;0 days 07:11:00;0 days 20:28:00;18.0;0.0;3.0;2.0;3.0;4.0;5.0;1.0;0.0;0 days 13:17:00;13.283333333333333;1.355081555834379
0065;3141;Pont Amelin;weekday;0 days 07:02:00;0 days 21:06:00;30.6;0.0;6.0;2.0;3.0;7.0;10.6;2.0;0.0;0 days 14:04:00;14.066666666666666;2.175355450236967
0065;3141;Pont Amelin;weekend;0 days 07:55:00;0 days 21:04:00;18.0;0.0;2.0;2.0;3.0;4.0;5.0;2.0;0.0;0 days 13:09:00;13.15;1.3688212927756653
0065;3142;Haute Rabine;weekday;0 days 06:22:45;0 days 20:23:00;28.0;2.0;7.0;2.0;3.0;5.0;8.0;1.0;0.0;0 days 14:00:15;14.004166666666666;1.9994049390062483
0065;3142;Haute Rabine;weekend;0 days 07:08:30;0 days 20:26:00;11.0;0.0;3.0;2.0;2.0;3.0;3.0;1.0;0.0;0 days 13:17:30;13.291666666666666;0.8275862068965517
0065;3143;Haute Rabine;weekday;0 days 07:04:00;0 days 21:08:22;26.6;0.0;6.0;2.0;3.0;6.0;7.6;2.0;0.0;0 days 14:04:22;14.072777777777778;1.8901740949824326
0065;3143;Haute Rabine;weekend;0 days 07:57:38;0 days 21:07:00;11.0;0.0;2.0;2.0;2.0;2.5;3.5;2.0;0.0;0 days 13:09:22;13.15611111111111;0.8361133398082852
0065;3145;Touche Champagne;weekday;0 days 06:19:58;0 days 20:20:00;28.0;2.0;7.0;2.0;3.0;5.0;8.0;1.0;0.0;0 days 14:00:02;14.000555555555556;1.999920638069918
0065;3145;Touche Champagne;weekend;0 days 07:05:00;0 days 20:23:00;11.0;0.0;3.0;2.0;2.0;3.0;3.0;1.0;0.0;0 days 13:18:00;13.3;0.8270676691729323
0065;3146;Touche Champagne;weekday;0 days 07:07:00;0 days 21:11:01;26.6;0.0;6.0;2.0;3.0;6.0;6.6;3.0;0.0;0 days 14:04:01;14.066944444444445;1.8909579194723642
0065;3146;Touche Champagne;weekend;0 days 08:00:34;0 days 21:10:00;11.0;0.0;2.0;2.0;1.5;3.0;3.0;3.0;0.0;0 days 13:09:26;13.157222222222222;0.8360427310729215
0065;3602;Parthenay Mairie;weekday;0 days 06:16:00;0 days 20:16:00;28.0;2.0;7.0;2.0;3.0;6.0;7.0;1.0;0.0;0 days 14:00:00;14.0;2.0
0065;3602;Parthenay Mairie;weekend;0 days 07:01:00;0 days 20:19:00;11.0;0.0;3.0;2.0;2.0;3.0;3.0;1.0;0.0;0 days 13:18:00;13.3;0.8270676691729323
0065;3603;Clos des Tilleuls;weekday;0 days 06:16:00;0 days 20:16:27;28.0;2.0;7.0;2.0;3.0;6.0;7.0;1.0;0.0;0 days 14:00:27;14.0075;1.9989291451008389
0065;3603;Clos des Tilleuls;weekend;0 days 07:01:30;0 days 20:19:27;11.0;0.0;3.0;2.0;2.0;3.0;3.0;1.0;0.0;0 days 13:17:57;13.299166666666666;0.827119493702613
0065;3604;La Noë;weekday;0 days 06:16:43;0 days 20:17:00;28.0;2.0;7.0;2.0;3.0;6.0;7.0;1.0;0.0;0 days 14:00:17;14.004722222222222;1.9993256242933932
0065;3604;La Noë;weekend;0 days 07:01:48;0 days 20:20:00;11.0;0.0;3.0;2.0;2.0;3.0;3.0;1.0;0.0;0 days 13:18:12;13.303333333333333;0.8268604359809572
0065;3605;Placis de la Touche;weekday;0 days 06:17:00;0 days 20:17:11;28.0;2.0;7.0;2.0;3.0;6.0;7.0;1.0;0.0;0 days 14:00:11;14.003055555555555;1.999563587312293
0065;3605;Placis de la Touche;weekend;0 days 07:02:00;0 days 20:20:11;11.0;0.0;3.0;2.0;2.0;3.0;3.0;1.0;0.0;0 days 13:18:11;13.303055555555556;0.826877701447036
0065;3606;Le Reuvre;weekday;0 days 06:17:58;0 days 20:18:00;28.0;2.0;7.0;2.0;3.0;6.0;7.0;1.0;0.0;0 days 14:00:02;14.000555555555556;1.999920638069918
0065;3606;Le Reuvre;weekend;0 days 07:03:00;0 days 20:21:00;11.0;0.0;3.0;2.0;2.0;3.0;3.0;1.0;0.0;0 days 13:18:00;13.3;0.8270676691729323
0065;3611;Le Reuvre;weekday;0 days 07:09:00;0 days 21:13:04;26.6;0.0;6.0;2.0;3.0;6.0;6.6;3.0;0.0;0 days 14:04:04;14.067777777777778;1.8908459047468607
0065;3611;Le Reuvre;weekend;0 days 08:02:51;0 days 21:12:00;11.0;0.0;2.0;2.0;1.5;3.0;3.0;3.0;0.0;0 days 13:09:09;13.1525;0.8363429005892415
0065;3612;Placis de la Touche;weekday;0 days 07:09:43;0 days 21:14:00;26.6;0.0;6.0;2.0;2.5;6.5;6.6;3.0;0.0;0 days 14:04:17;14.071388888888889;1.8903606609155696
0065;3612;Placis de la Touche;weekend;0 days 08:03:34;0 days 21:13:00;11.0;0.0;2.0;2.0;1.5;3.0;3.0;3.0;0.0;0 days 13:09:26;13.157222222222222;0.8360427310729215
0065;3613;La Noë;weekday;0 days 07:10:00;0 days 21:14:13;26.6;0.0;6.0;2.0;2.0;7.0;6.6;3.0;0.0;0 days 14:04:13;14.070277777777777;1.8905099401812333
0065;3613;La Noë;weekend;0 days 08:04:00;0 days 21:13:07;11.0;0.0;2.0;2.0;1.5;3.0;3.0;3.0;0.0;0 days 13:09:07;13.151944444444444;0.8363782288212559
0065;3614;Clos des Tilleuls;weekday;0 days 07:10:36;0 days 21:15:00;26.6;0.0;6.0;2.0;2.0;7.0;6.6;3.0;0.0;0 days 14:04:24;14.073333333333334;1.8900994789199432
0065;3614;Clos des Tilleuls;weekend;0 days 08:04:33;0 days 21:14:00;11.0;0.0;2.0;2.0;1.5;3.0;3.0;3.0;0.0;0 days 13:09:27;13.1575;0.8360250807524225
0065;3615;Parthenay Mairie;weekday;0 days 07:11:00;0 days 21:15:00;26.6;0.0;6.0;2.0;2.0;7.0;6.6;3.0;0.0;0 days 14:04:00;14.066666666666666;1.8909952606635072
0065;3615;Parthenay Mairie;weekend;0 days 08:05:00;0 days 21:14:00;11.0;0.0;2.0;2.0;1.5;3.0;3.0;3.0;0.0;0 days 13:09:00;13.15;0.8365019011406843
0065;3617;Parthenay Fontaine;weekday;0 days 06:15:00;0 days 21:16:00;54.6;2.0;13.0;4.0;5.0;13.0;13.6;4.0;0.0;0 days 15:01:00;15.016666666666667;3.6359600443951163
0065;3617;Parthenay Fontaine;weekend;0 days 07:00:00;0 days 21:14:01;22.0;0.0;5.0;4.0;3.5;6.0;6.0;4.0;0.0;0 days 14:14:01;14.233611111111111;1.545637282644757
0067;2016;Taillis;weekday;0 days 06:11:00;0 days 21:01:00;37.0;2.0;9.0;3.0;4.0;8.0;8.0;3.0;0.0;0 days 14:50:00;14.833333333333334;2.49438202247191
0067;2016;Taillis;weekend;0 days 07:30:00;0 days 20:50:00;28.0;0.0;6.0;4.0;4.0;6.0;6.0;2.0;0.0;0 days 13:20:00;13.333333333333334;2.1
0067;2017;Champs Péans;weekday;0 days 06:12:00;0 days 21:02:09;37.0;2.0;9.0;3.0;4.0;7.5;8.5;3.0;0.0;0 days 14:50:09;14.835833333333333;2.4939616918496883
0067;2017;Champs Péans;weekend;0 days 07:31:00;0 days 20:51:09;28.0;0.0;6.0;4.0;4.0;6.0;6.0;2.0;0.0;0 days 13:20:09;13.335833333333333;2.099606323814285
0067;2019;Champs Péans;weekday;0 days 06:42:44;0 days 20:53:00;35.0;1.0;8.0;3.0;4.0;8.0;9.0;2.0;0.0;0 days 14:10:16;14.171111111111111;2.469813391877058
0067;2019;Champs Péans;weekend;0 days 07:06:00;0 days 20:51:09;28.0;0.0;6.0;4.0;4.0;6.0;6.0;2.0;0.0;0 days 13:45:09;13.7525;2.035993455735321
0067;2020;Taillis;weekday;0 days 06:44:00;0 days 20:54:00;35.0;1.0;8.0;3.0;4.0;8.0;9.0;2.0;0.0;0 days 14:10:00;14.166666666666666;2.4705882352941178
0067;2020;Taillis;weekend;0 days 07:07:00;0 days 20:52:00;28.0;0.0;6.0;4.0;4.0;6.0;6.0;2.0;0.0;0 days 13:45:00;13.75;2.036363636363636
0067;2038;Haut Grippé;weekday;0 days 06:01:51;0 days 20:52:00;37.0;3.0;8.0;4.0;4.0;7.0;8.0;3.0;0.0;0 days 14:50:09;14.835833333333333;2.4939616918496883
0067;2038;Haut Grippé;weekend;0 days 07:21:00;0 days 20:41:23;28.0;0.0;6.0;4.0;4.0;6.0;6.0;2.0;0.0;0 days 13:20:23;13.339722222222223;2.0989942319305332
0067;2039;Bordage;weekday;0 days 06:04:00;0 days 20:54:00;37.0;3.0;8.0;4.0;4.0;7.0;8.0;3.0;0.0;0 days 14:50:00;14.833333333333334;2.49438202247191
0067;2039;Bordage;weekend;0 days 07:23:00;0 days 20:43:00;28.0;0.0;6.0;4.0;4.0;6.0;6.0;2.0;0.0;0 days 13:20:00;13.333333333333334;2.1
0067;2057;Cesson Gare;weekday;0 days 06:04:48;0 days 20:55:00;37.0;2.5;8.5;3.5;4.5;7.0;8.0;3.0;0.0;0 days 14:50:12;14.836666666666666;2.493821613120647
0067;2057;Cesson Gare;weekend;0 days 07:23:48;0 days 20:44:00;28.0;0.0;6.0;4.0;4.0;6.0;6.0;2.0;0.0;0 days 13:20:12;13.336666666666666;2.0994751312171958
0067;2058;Peupliers;weekday;0 days 06:05:52;0 days 20:56:00;37.0;2.0;9.0;3.0;4.5;7.5;8.0;3.0;0.0;0 days 14:50:08;14.835555555555555;2.4940083882564412
0067;2058;Peupliers;weekend;0 days 07:24:52;0 days 20:45:00;28.0;0.0;6.0;4.0;4.0;6.0;6.0;2.0;0.0;0 days 13:20:08;13.335555555555555;2.099650058323613
0067;2059;Monniais;weekday;0 days 06:07:00;0 days 20:57:00;37.0;2.0;9.0;3.0;4.0;8.0;8.0;3.0;0.0;0 days 14:50:00;14.833333333333334;2.49438202247191
0067;2059;Monniais;weekend;0 days 07:26:00;0 days 20:46:00;28.0;0.0;6.0;4.0;4.0;6.0;6.0;2.0;0.0;0 days 13:20:00;13.333333333333334;2.1
0067;2060;Rond Point de Bray;weekday;0 days 06:08:00;0 days 20:58:11;37.0;2.0;9.0;3.0;4.0;8.0;8.0;3.0;0.0;0 days 14:50:11;14.836388888888889;2.4938683042818894
0067;2060;Rond Point de Bray;weekend;0 days 07:27:00;0 days 20:47:11;28.0;0.0;6.0;4.0;4.0;6.0;6.0;2.0;0.0;0 days 13:20:11;13.336388888888889;2.09951886026119
0067;2062;Rond Point de Bray;weekday;0 days 06:47:00;0 days 20:57:11;35.0;1.0;8.0;3.0;4.0;8.0;9.0;2.0;0.0;0 days 14:10:11;14.169722222222223;2.4700554782301856
0067;2062;Rond Point de Bray;weekend;0 days 07:10:00;0 days 20:55:11;28.0;0.0;6.0;4.0;4.0;6.0;6.0;2.0;0.0;0 days 13:45:11;13.753055555555555;2.0359112116499363
0067;2063;Monniais;weekday;0 days 06:48:00;0 days 20:58:00;35.0;1.0;8.0;3.0;4.0;8.0;8.0;3.0;0.0;0 days 14:10:00;14.166666666666666;2.4705882352941178
0067;2063;Monniais;weekend;0 days 07:11:00;0 days 20:56:00;28.0;0.0;6.0;4.0;4.0;6.0;6.0;2.0;0.0;0 days 13:45:00;13.75;2.036363636363636
0067;2064;Peupliers;weekday;0 days 06:49:47;0 days 20:59:20;35.0;1.0;7.0;4.0;4.0;8.0;8.0;3.0;0.0;0 days 14:09:33;14.159166666666666;2.471896886587017
0067;2064;Peupliers;weekend;0 days 07:12:00;0 days 20:57:20;28.0;0.0;6.0;3.0;4.0;6.0;7.0;2.0;0.0;0 days 13:45:20;13.755555555555556;2.035541195476575
0067;2065;Cesson Gare;weekday;0 days 06:51:00;0 days 21:00:22;35.0;1.0;7.0;4.0;4.0;8.0;8.0;3.0;0.0;0 days 14:09:22;14.15611111111111;2.472430438365841
0067;2065;Cesson Gare;weekend;0 days 07:13:00;0 days 20:58:22;28.0;0.0;5.0;4.0;4.0;6.0;7.0;2.0;0.0;0 days 13:45:22;13.75611111111111;2.035458987924559
0067;2085;Champelé;weekday;0 days 06:00:00;0 days 20:50:00;37.0;3.0;8.0;4.0;4.0;7.0;8.0;3.0;0.0;0 days 14:50:00;14.833333333333334;2.49438202247191
0067;2085;Champelé;weekend;0 days 07:20:00;0 days 20:40:00;28.0;0.0;6.0;4.0;4.0;6.0;6.0;2.0;0.0;0 days 13:20:00;13.333333333333334;2.1
0067;2086;Bordage;weekday;0 days 06:52:00;0 days 21:01:00;35.0;1.0;7.0;4.0;4.0;8.0;8.0;3.0;0.0;0 days 14:09:00;14.15;2.4734982332155475
0067;2086;Bordage;weekend;0 days 07:14:00;0 days 20:59:00;28.0;0.0;5.0;4.0;4.0;6.0;6.0;3.0;0.0;0 days 13:45:00;13.75;2.036363636363636
0067;2104;Haut Grippé;weekday;0 days 07:23:37;0 days 18:59:00;15.0;0.0;6.0;2.0;2.0;3.0;2.0;0.0;0.0;0 days 11:35:23;11.589722222222223;1.2942501737650696
0067;2104;Haut Grippé;weekend;0 days 09:04:37;0 days 14:04:00;6.0;0.0;1.0;2.0;2.0;1.0;0.0;0.0;0.0;0 days 04:59:23;4.989722222222222;1.202471747480933
0067;2106;Champelé;weekday;0 days 07:25:00;0 days 19:01:00;15.0;0.0;6.0;2.0;2.0;3.0;2.0;0.0;0.0;0 days 11:36:00;11.6;1.293103448275862
0067;2106;Champelé;weekend;0 days 09:06:00;0 days 14:06:00;6.0;0.0;1.0;2.0;2.0;1.0;0.0;0.0;0.0;0 days 05:00:00;5.0;1.2
0067;2161;Rigourdière;weekday;0 days 06:53:00;0 days 21:02:00;35.0;1.0;7.0;4.0;4.0;8.0;8.0;3.0;0.0;0 days 14:09:00;14.15;2.4734982332155475
0067;2161;Rigourdière;weekend;0 days 07:16:00;0 days 21:01:00;28.0;0.0;5.0;4.0;4.0;6.0;6.0;3.0;0.0;0 days 13:45:00;13.75;2.036363636363636
0067;4151;Anjou;weekday;0 days 06:13:00;0 days 21:17:00;49.0;2.0;12.0;3.0;4.0;10.0;13.0;5.0;0.0;0 days 15:04:00;15.066666666666666;3.252212389380531
0067;4151;Anjou;weekend;0 days 07:05:00;0 days 21:16:00;26.5;0.0;8.0;2.5;3.0;7.5;7.5;4.0;0.0;0 days 14:11:00;14.183333333333334;1.8683901292596945
0067;4152;Mainguère;weekday;0 days 06:16:00;0 days 20:37:00;24.0;2.0;5.0;2.0;2.0;5.0;6.0;2.0;0.0;0 days 14:21:00;14.35;1.6724738675958188
0067;4152;Mainguère;weekend;0 days 07:07:48;0 days 20:28:00;13.0;0.0;4.0;1.5;1.5;4.0;3.5;1.0;0.0;0 days 13:20:12;13.336666666666666;0.9747563109222694
0067;4153;Saules;weekday;0 days 06:17:00;0 days 20:37:29;24.0;2.0;5.0;2.0;2.0;5.0;6.0;2.0;0.0;0 days 14:20:29;14.341388888888888;1.6734780840225456
0067;4153;Saules;weekend;0 days 07:08:00;0 days 20:28:29;13.0;0.0;4.0;1.5;1.5;4.0;3.5;1.0;0.0;0 days 13:20:29;13.341388888888888;0.9744112931770389
0067;4154;Provence;weekday;0 days 06:18:00;0 days 20:38:20;24.0;2.0;5.0;2.0;2.0;5.0;6.0;2.0;0.0;0 days 14:20:20;14.338888888888889;1.6737698566447115
0067;4154;Provence;weekend;0 days 07:09:00;0 days 20:29:20;13.0;0.0;4.0;1.5;1.5;4.0;3.5;1.0;0.0;0 days 13:20:20;13.338888888888889;0.9745939192003332
0067;4155;Destiers;weekday;0 days 06:19:00;0 days 20:39:00;24.0;2.0;5.0;2.0;2.0;5.0;6.0;2.0;0.0;0 days 14:20:00;14.333333333333334;1.6744186046511627
0067;4155;Destiers;weekend;0 days 07:10:00;0 days 20:30:00;13.0;0.0;4.0;1.5;1.5;3.5;3.5;2.0;0.0;0 days 13:20:00;13.333333333333334;0.975
0067;4156;Pâtis;weekday;0 days 06:21:52;0 days 20:42:00;24.0;2.0;5.0;2.0;2.0;5.0;6.0;2.0;0.0;0 days 14:20:08;14.335555555555555;1.6741590451092854
0067;4156;Pâtis;weekend;0 days 07:12:00;0 days 20:32:09;13.0;0.0;4.0;1.5;1.5;3.5;3.5;2.0;0.0;0 days 13:20:09;13.335833333333333;0.9748172217709179
0067;4157;Pâtis;weekday;0 days 07:03:40;0 days 21:12:00;25.0;0.0;7.0;2.0;1.0;5.0;7.0;3.0;0.0;0 days 14:08:20;14.13888888888889;1.768172888015717
0067;4157;Pâtis;weekend;0 days 07:26:00;0 days 21:11:00;13.5;0.0;4.0;2.0;1.5;3.5;4.0;3.0;0.0;0 days 13:45:00;13.75;0.9818181818181818
0067;4158;Destiers;weekday;0 days 07:06:00;0 days 21:14:00;25.0;0.0;7.0;2.0;1.0;5.0;7.0;3.0;0.0;0 days 14:08:00;14.133333333333333;1.7688679245283019
0067;4158;Destiers;weekend;0 days 07:28:00;0 days 21:13:00;13.5;0.0;4.0;2.0;1.5;3.5;4.0;3.0;0.0;0 days 13:45:00;13.75;0.9818181818181818
0067;4159;Provence;weekday;0 days 07:06:59;0 days 21:15:00;25.0;0.0;7.0;2.0;1.0;5.0;7.0;3.0;0.0;0 days 14:08:01;14.133611111111112;1.7688331597256344
0067;4159;Provence;weekend;0 days 07:28:00;0 days 21:14:00;13.5;0.0;4.0;2.0;1.5;3.5;4.0;3.0;0.0;0 days 13:46:00;13.766666666666667;0.9806295399515738
0067;4160;Saules;weekday;0 days 07:08:00;0 days 21:16:00;25.0;0.0;7.0;1.5;1.5;5.0;7.0;3.0;0.0;0 days 14:08:00;14.133333333333333;1.7688679245283019
0067;4160;Saules;weekend;0 days 07:29:00;0 days 21:15:00;13.5;0.0;4.0;2.0;1.5;3.5;4.0;3.0;0.0;0 days 13:46:00;13.766666666666667;0.9806295399515738
0067;4161;Mainguère;weekday;0 days 07:09:00;0 days 21:16:22;25.0;0.0;7.0;1.0;2.0;5.0;7.0;3.0;0.0;0 days 14:07:22;14.122777777777777;1.7701900003933757
0067;4161;Mainguère;weekend;0 days 07:29:35;0 days 21:15:22;13.5;0.0;4.0;2.0;1.5;3.5;4.0;3.0;0.0;0 days 13:45:47;13.763055555555555;0.9808868347225866
0067;4162;Turbanière;weekday;0 days 06:23:00;0 days 20:43:00;24.0;2.0;5.0;2.0;2.0;5.0;6.0;2.0;0.0;0 days 14:20:00;14.333333333333334;1.6744186046511627
0067;4162;Turbanière;weekend;0 days 07:13:00;0 days 20:33:00;13.0;0.0;4.0;1.5;1.5;3.5;3.5;2.0;0.0;0 days 13:20:00;13.333333333333334;0.975
0067;4163;Turbanière;weekday;0 days 07:03:00;0 days 21:11:00;25.0;0.0;7.0;2.0;1.0;5.0;7.0;3.0;0.0;0 days 14:08:00;14.133333333333333;1.7688679245283019
0067;4163;Turbanière;weekend;0 days 07:26:00;0 days 21:10:00;13.5;0.0;4.0;2.0;1.5;3.5;4.0;3.0;0.0;0 days 13:44:00;13.733333333333333;0.9830097087378641
0068;2830;Grand Quartier;weekday;0 days 06:48:00;0 days 21:07:00;29.0;1.0;6.0;4.0;3.0;6.0;7.0;2.0;0.0;0 days 14:19:00;14.316666666666666;2.0256111757857975
0068;2830;Grand Quartier;weekend;0 days 07:43:00;0 days 21:07:00;20.0;0.0;2.0;2.0;3.0;6.0;5.0;2.0;0.0;0 days 13:24:00;13.4;1.4925373134328357
0068;2837;La Brosse;weekday;0 days 06:56:00;0 days 21:14:00;29.0;1.0;6.0;4.0;3.0;6.0;6.0;3.0;0.0;0 days 14:18:00;14.3;2.027972027972028
0068;2837;La Brosse;weekend;0 days 07:51:00;0 days 21:15:00;20.0;0.0;2.0;2.0;3.0;5.0;5.0;3.0;0.0;0 days 13:24:00;13.4;1.4925373134328357
0068;2860;Robiquette;weekday;0 days 06:48:34;0 days 21:08:00;29.0;1.0;6.0;4.0;3.0;6.0;7.0;2.0;0.0;0 days 14:19:26;14.323888888888888;2.024589846022573
0068;2860;Robiquette;weekend;0 days 07:43:34;0 days 21:08:00;20.0;0.0;2.0;2.0;3.0;6.0;5.0;2.0;0.0;0 days 13:24:26;13.407222222222222;1.4917333112335807
0068;3506;Décoparc;weekday;0 days 06:24:00;0 days 20:43:00;30.0;2.0;7.0;4.0;3.0;5.0;7.0;2.0;0.0;0 days 14:19:00;14.316666666666666;2.0954598370197903
0068;3506;Décoparc;weekend;0 days 07:19:00;0 days 20:43:00;19.0;0.0;3.0;2.0;2.0;5.0;5.0;2.0;0.0;0 days 13:24:00;13.4;1.417910447761194
0068;3516;Décoparc;weekday;0 days 06:52:00;0 days 21:11:00;29.0;1.0;6.0;4.0;3.0;6.0;6.0;3.0;0.0;0 days 14:19:00;14.316666666666666;2.0256111757857975
0068;3516;Décoparc;weekend;0 days 07:47:00;0 days 21:11:00;20.0;0.0;2.0;2.0;3.0;5.0;5.0;3.0;0.0;0 days 13:24:00;13.4;1.4925373134328357
0068;4062;La Brosse;weekday;0 days 06:20:00;0 days 20:39:00;30.0;2.0;7.0;4.0;3.0;6.0;7.0;1.0;0.0;0 days 14:19:00;14.316666666666666;2.0954598370197903
0068;4062;La Brosse;weekend;0 days 07:15:00;0 days 20:39:00;19.0;0.0;3.0;2.0;2.0;5.0;5.0;2.0;0.0;0 days 13:24:00;13.4;1.417910447761194
0068;4077;Confortland;weekday;0 days 06:57:59;0 days 21:16:00;29.0;1.0;6.0;4.0;3.0;6.0;6.0;3.0;0.0;0 days 14:18:01;14.300277777777778;2.0279326353411937
0068;4077;Confortland;weekend;0 days 07:52:48;0 days 21:17:00;20.0;0.0;2.0;2.0;3.0;5.0;5.0;3.0;0.0;0 days 13:24:12;13.403333333333334;1.4921661278288982
0068;4078;Confortland;weekday;0 days 06:18:00;0 days 20:37:11;30.0;2.0;7.0;4.0;3.0;6.0;7.0;1.0;0.0;0 days 14:19:11;14.319722222222222;2.0950127058640957
0068;4078;Confortland;weekend;0 days 07:13:00;0 days 20:37:11;19.0;0.0;3.0;2.0;2.0;5.0;5.0;2.0;0.0;0 days 13:24:11;13.403055555555556;1.4175872002652794
0068;4502;Gévezé Mairie;weekday;0 days 06:10:00;0 days 20:29:00;30.0;2.0;7.0;4.0;3.0;6.0;7.0;1.0;0.0;0 days 14:19:00;14.316666666666666;2.0954598370197903
0068;4502;Gévezé Mairie;weekend;0 days 07:05:00;0 days 20:29:00;19.0;0.0;3.0;2.0;2.0;6.0;5.0;1.0;0.0;0 days 13:24:00;13.4;1.417910447761194
0068;4503;Flume;weekday;0 days 07:06:00;0 days 21:23:00;29.0;0.0;7.0;3.0;4.0;6.0;6.0;3.0;0.0;0 days 14:17:00;14.283333333333333;2.030338389731622
0068;4503;Flume;weekend;0 days 08:00:00;0 days 21:24:00;20.0;0.0;2.0;2.0;3.0;5.0;5.0;3.0;0.0;0 days 13:24:00;13.4;1.4925373134328357
0068;4504;Flume;weekday;0 days 06:10:41;0 days 20:30:00;30.0;2.0;7.0;4.0;3.0;6.0;7.0;1.0;0.0;0 days 14:19:19;14.321944444444444;2.094687639403402
0068;4504;Flume;weekend;0 days 07:05:41;0 days 20:30:00;19.0;0.0;3.0;2.0;2.0;6.0;5.0;1.0;0.0;0 days 13:24:19;13.405277777777778;1.4173522037340185
0068;4505;Gévezé Mairie;weekday;0 days 07:07:00;0 days 21:23:00;29.0;0.0;7.0;3.0;4.0;6.0;6.0;3.0;0.0;0 days 14:16:00;14.266666666666667;2.0327102803738315
0068;4505;Gévezé Mairie;weekend;0 days 08:01:00;0 days 21:24:00;20.0;0.0;2.0;2.0;3.0;5.0;5.0;3.0;0.0;0 days 13:23:00;13.383333333333333;1.4943960149439601
0068;4507;Cheval Blanc;weekday;0 days 06:05:00;0 days 21:28:00;59.0;3.0;14.0;6.0;7.0;11.0;14.0;4.0;0.0;0 days 15:23:00;15.383333333333333;3.8353196099674975
0068;4507;Cheval Blanc;weekend;0 days 07:00:00;0 days 21:29:00;39.0;0.0;5.0;4.0;6.0;10.0;10.0;4.0;0.0;0 days 14:29:00;14.483333333333333;2.6927502876869966
0068;4508;Coualeuc;weekday;0 days 06:06:00;0 days 20:26:00;30.0;3.0;7.0;3.0;3.0;6.0;7.0;1.0;0.0;0 days 14:20:00;14.333333333333334;2.093023255813953
0068;4508;Coualeuc;weekend;0 days 07:01:00;0 days 20:26:00;19.0;0.0;3.0;2.0;3.0;5.0;5.0;1.0;0.0;0 days 13:25:00;13.416666666666666;1.4161490683229814
0068;4509;Coualeuc;weekday;0 days 07:10:00;0 days 21:26:19;29.0;0.0;7.0;3.0;4.0;6.0;6.0;3.0;0.0;0 days 14:16:19;14.271944444444445;2.0319585823001614
0068;4509;Coualeuc;weekend;0 days 08:03:39;0 days 21:27:19;20.0;0.0;2.0;2.0;3.0;5.0;5.0;3.0;0.0;0 days 13:23:40;13.394444444444444;1.4931563666528411
0068;4510;Prés Verts;weekday;0 days 06:08:00;0 days 20:28:00;30.0;3.0;7.0;3.0;3.0;6.0;7.0;1.0;0.0;0 days 14:20:00;14.333333333333334;2.093023255813953
0068;4510;Prés Verts;weekend;0 days 07:03:00;0 days 20:28:00;19.0;0.0;3.0;2.0;3.0;5.0;5.0;1.0;0.0;0 days 13:25:00;13.416666666666666;1.4161490683229814
0068;4511;Prés Verts;weekday;0 days 07:08:35;0 days 21:25:00;29.0;0.0;7.0;3.0;4.0;6.0;6.0;3.0;0.0;0 days 14:16:25;14.27361111111111;2.0317213194512016
0068;4511;Prés Verts;weekend;0 days 08:02:00;0 days 21:26:00;20.0;0.0;2.0;2.0;3.0;5.0;5.0;3.0;0.0;0 days 13:24:00;13.4;1.4925373134328357
0070;2407;Haye Renaud Gare;weekday;0 days 06:35:00;0 days 20:23:00;23.0;2.0;7.0;1.0;2.0;3.0;7.0;1.0;0.0;0 days 13:48:00;13.8;1.6666666666666665
0070;2407;Haye Renaud Gare;weekend;0 days 06:59:00;0 days 20:23:00;10.0;1.0;2.0;1.5;1.5;2.5;2.0;1.0;0.0;0 days 13:24:00;13.4;0.7462686567164178
0070;2408;Marronniers;weekday;0 days 06:36:00;0 days 20:24:04;23.0;2.0;6.0;2.0;2.0;3.0;7.0;1.0;0.0;0 days 13:48:04;13.801111111111112;1.666532485307141
0070;2408;Marronniers;weekend;0 days 07:00:00;0 days 20:24:04;10.0;0.0;3.0;1.5;1.5;2.5;2.0;1.0;0.0;0 days 13:24:04;13.401111111111112;0.7462067821905314
0070;2409;Housset;weekday;0 days 06:37:40;0 days 20:25:00;23.0;2.0;6.0;2.0;2.0;3.0;7.0;1.0;0.0;0 days 13:47:20;13.78888888888889;1.6680096696212732
0070;2409;Housset;weekend;0 days 07:01:00;0 days 20:25:00;10.0;0.0;3.0;1.5;1.5;2.5;2.0;1.0;0.0;0 days 13:24:00;13.4;0.7462686567164178
0070;2410;Enseigne Abbaye;weekday;0 days 06:39:00;0 days 20:26:00;23.0;2.0;6.0;2.0;2.0;3.0;7.0;1.0;0.0;0 days 13:47:00;13.783333333333333;1.6686819830713422
0070;2410;Enseigne Abbaye;weekend;0 days 07:02:00;0 days 20:26:00;10.0;0.0;3.0;1.5;1.5;2.5;2.0;1.0;0.0;0 days 13:24:00;13.4;0.7462686567164178
0070;2411;Betton Vallée;weekday;0 days 06:40:41;0 days 20:28:00;23.0;1.0;7.0;2.0;2.0;3.0;7.0;1.0;0.0;0 days 13:47:19;13.788611111111111;1.6680432724269223
0070;2411;Betton Vallée;weekend;0 days 07:03:00;0 days 20:27:15;10.0;0.0;3.0;1.5;1.5;2.5;2.0;1.0;0.0;0 days 13:24:15;13.404166666666667;0.7460366801367734
0070;2412;Betton Vallée;weekday;0 days 07:02:51;0 days 20:43:00;22.0;0.0;6.0;2.0;2.0;4.0;6.0;2.0;0.0;0 days 13:40:09;13.669166666666667;1.6094616838383222
0070;2412;Betton Vallée;weekend;0 days 07:18:51;0 days 20:44:00;9.5;0.0;3.0;1.5;1.5;2.0;2.5;1.0;0.0;0 days 13:25:09;13.419166666666667;0.7079426193876917
0070;2413;Enseigne Abbaye;weekday;0 days 07:04:00;0 days 20:44:00;22.0;0.0;6.0;2.0;2.0;4.0;6.0;2.0;0.0;0 days 13:40:00;13.666666666666666;1.6097560975609757
0070;2413;Enseigne Abbaye;weekend;0 days 07:20:00;0 days 20:45:00;9.5;0.0;3.0;1.5;1.5;2.0;2.5;1.0;0.0;0 days 13:25:00;13.416666666666666;0.7080745341614907
0070;2414;Housset;weekday;0 days 07:05:00;0 days 20:45:26;22.0;0.0;6.0;2.0;2.0;4.0;6.0;2.0;0.0;0 days 13:40:26;13.67388888888889;1.6089058627554544
0070;2414;Housset;weekend;0 days 07:21:00;0 days 20:46:05;9.5;0.0;3.0;1.5;1.5;2.0;2.5;1.0;0.0;0 days 13:25:05;13.418055555555556;0.7080012421074423
0070;2415;Marronniers;weekday;0 days 07:06:47;0 days 20:47:00;22.0;0.0;6.0;2.0;2.0;4.0;6.0;2.0;0.0;0 days 13:40:13;13.670277777777779;1.6093308678601181
0070;2415;Marronniers;weekend;0 days 07:22:00;0 days 20:47:05;9.5;0.0;3.0;1.5;1.5;2.0;2.5;1.0;0.0;0 days 13:25:05;13.418055555555556;0.7080012421074423
0070;2416;Haye Renaud Gare;weekday;0 days 07:08:00;0 days 20:48:00;22.0;0.0;6.0;2.0;2.0;4.0;6.0;2.0;0.0;0 days 13:40:00;13.666666666666666;1.6097560975609757
0070;2416;Haye Renaud Gare;weekend;0 days 07:23:00;0 days 20:48:00;9.5;0.0;3.0;1.5;1.5;2.0;2.5;1.0;0.0;0 days 13:25:00;13.416666666666666;0.7080745341614907
0070;2422;Petite Hublais;weekday;0 days 06:31:00;0 days 20:19:00;23.0;2.0;7.0;2.0;2.0;2.0;7.0;1.0;0.0;0 days 13:48:00;13.8;1.6666666666666665
0070;2422;Petite Hublais;weekend;0 days 06:55:00;0 days 20:19:00;10.0;1.0;3.0;1.5;1.5;2.5;1.5;1.0;0.0;0 days 13:24:00;13.4;0.7462686567164178
0070;2429;Petite Hublais;weekday;0 days 07:12:00;0 days 20:52:00;22.0;0.0;6.0;2.0;2.0;3.0;7.0;2.0;0.0;0 days 13:40:00;13.666666666666666;1.6097560975609757
0070;2429;Petite Hublais;weekend;0 days 07:27:00;0 days 20:52:00;9.5;0.0;3.0;1.5;1.5;2.0;2.5;1.0;0.0;0 days 13:25:00;13.416666666666666;0.7080745341614907
0070;2461;La Haute Plesse;weekday;0 days 06:33:00;0 days 20:21:00;23.0;2.0;7.0;2.0;2.0;2.0;7.0;1.0;0.0;0 days 13:48:00;13.8;1.6666666666666665
0070;2461;La Haute Plesse;weekend;0 days 06:57:00;0 days 20:21:00;10.0;1.0;3.0;1.5;1.5;2.5;1.5;1.0;0.0;0 days 13:24:00;13.4;0.7462686567164178
0070;2466;Les Ormes;weekday;0 days 07:08:49;0 days 20:49:00;22.0;0.0;6.0;2.0;2.0;4.0;6.0;2.0;0.0;0 days 13:40:11;13.669722222222223;1.6093962731909532
0070;2466;Les Ormes;weekend;0 days 07:23:49;0 days 20:49:00;9.5;0.0;3.0;1.5;1.5;2.0;2.5;1.0;0.0;0 days 13:25:11;13.419722222222223;0.7079133116681501
0070;2467;La Haute Plesse;weekday;0 days 07:10:00;0 days 20:50:00;22.0;0.0;6.0;2.0;2.0;4.0;6.0;2.0;0.0;0 days 13:40:00;13.666666666666666;1.6097560975609757
0070;2467;La Haute Plesse;weekend;0 days 07:25:00;0 days 20:50:00;9.5;0.0;3.0;1.5;1.5;2.0;2.5;1.0;0.0;0 days 13:25:00;13.416666666666666;0.7080745341614907
0070;2468;Les Ormes;weekday;0 days 06:34:00;0 days 20:22:25;23.0;2.0;7.0;1.0;2.0;3.0;7.0;1.0;0.0;0 days 13:48:25;13.806944444444444;1.6658283874861686
0070;2468;Les Ormes;weekend;0 days 06:58:00;0 days 20:22:25;10.0;1.0;3.0;1.5;1.5;2.5;1.5;1.0;0.0;0 days 13:24:25;13.406944444444445;0.7458821091888532
0070;2827;Maison Blanche;weekday;0 days 06:43:00;0 days 20:30:00;23.0;1.0;7.0;2.0;2.0;3.0;6.0;2.0;0.0;0 days 13:47:00;13.783333333333333;1.6686819830713422
0070;2827;Maison Blanche;weekend;0 days 07:05:00;0 days 20:29:00;10.0;0.0;3.0;1.5;1.5;2.5;2.0;1.0;0.0;0 days 13:24:00;13.4;0.7462686567164178
0070;2829;Maison Blanche;weekday;0 days 07:01:00;0 days 20:41:00;22.0;0.0;6.0;2.0;2.0;4.0;6.0;2.0;0.0;0 days 13:40:00;13.666666666666666;1.6097560975609757
0070;2829;Maison Blanche;weekend;0 days 07:17:00;0 days 20:42:00;9.5;0.0;3.0;1.5;1.5;2.0;2.5;1.0;0.0;0 days 13:25:00;13.416666666666666;0.7080745341614907
0070;3951;Cropy;weekday;0 days 06:20:00;0 days 21:00:00;45.0;2.0;13.0;4.0;4.0;6.0;12.0;4.0;0.0;0 days 14:40:00;14.666666666666666;3.0681818181818183
0070;3951;Cropy;weekend;0 days 06:45:00;0 days 21:01:00;19.5;1.0;6.0;2.5;3.0;5.0;4.0;1.5;0.0;0 days 14:16:00;14.266666666666667;1.366822429906542
0070;3952;Chesnais;weekday;0 days 06:21:00;0 days 20:11:00;23.0;2.0;7.0;2.0;2.0;3.0;6.0;1.0;0.0;0 days 13:50:00;13.833333333333334;1.6626506024096386
0070;3952;Chesnais;weekend;0 days 06:46:00;0 days 20:11:00;10.0;1.0;3.0;1.5;1.5;2.5;2.0;1.0;0.0;0 days 13:25:00;13.416666666666666;0.7453416149068324
0070;3953;Bourg;weekday;0 days 06:23:00;0 days 20:12:13;23.0;2.0;7.0;2.0;2.0;3.0;6.0;1.0;0.0;0 days 13:49:13;13.820277777777777;1.6642212529897695
0070;3953;Bourg;weekend;0 days 06:47:46;0 days 20:12:13;10.0;1.0;3.0;1.5;1.5;2.5;2.0;1.0;0.0;0 days 13:24:27;13.4075;0.7458512026850643
0070;3954;Terrain des Sports;weekday;0 days 07:17:46;0 days 20:57:00;22.0;0.0;6.0;2.0;2.0;3.0;6.0;3.0;0.0;0 days 13:39:14;13.653888888888888;1.6112625625584898
0070;3954;Terrain des Sports;weekend;0 days 07:31:46;0 days 20:57:00;9.5;0.0;3.0;1.5;1.5;2.0;2.5;1.0;0.0;0 days 13:25:14;13.420555555555556;0.7078693546384071
0070;3955;Tronchay;weekday;0 days 06:26:00;0 days 20:14:00;23.0;2.0;7.0;2.0;2.0;3.0;6.0;1.0;0.0;0 days 13:48:00;13.8;1.6666666666666665
0070;3955;Tronchay;weekend;0 days 06:50:00;0 days 20:14:00;10.0;1.0;3.0;1.5;1.5;2.5;1.5;1.0;0.0;0 days 13:24:00;13.4;0.7462686567164178
0070;3956;Oliverie;weekday;0 days 06:28:00;0 days 20:16:09;23.0;2.0;7.0;2.0;2.0;3.0;6.0;1.0;0.0;0 days 13:48:09;13.8025;1.6663647889875022
0070;3956;Oliverie;weekend;0 days 06:52:00;0 days 20:16:09;10.0;1.0;3.0;1.5;1.5;2.5;1.5;1.0;0.0;0 days 13:24:09;13.4025;0.7461294534601753
0070;3957;Oliverie;weekday;0 days 07:14:44;0 days 20:54:11;22.0;0.0;6.0;2.0;2.0;3.0;7.0;2.0;0.0;0 days 13:39:27;13.6575;1.610836536701446
0070;3957;Oliverie;weekend;0 days 07:29:00;0 days 20:54:11;9.5;0.0;3.0;1.5;1.5;2.0;2.5;1.0;0.0;0 days 13:25:11;13.419722222222223;0.7079133116681501
0070;3958;Lande Saint-Denis;weekday;0 days 07:15:40;0 days 20:55:00;22.0;0.0;6.0;2.0;2.0;3.0;6.5;2.5;0.0;0 days 13:39:20;13.655555555555555;1.61106590724166
0070;3958;Lande Saint-Denis;weekend;0 days 07:29:56;0 days 20:55:00;9.5;0.0;3.0;1.5;1.5;2.0;2.5;1.0;0.0;0 days 13:25:04;13.417777777777777;0.7080158993044054
0070;3959;Tronchay;weekday;0 days 07:17:00;0 days 20:56:00;22.0;0.0;6.0;2.0;2.0;3.0;6.0;3.0;0.0;0 days 13:39:00;13.65;1.6117216117216118
0070;3959;Tronchay;weekend;0 days 07:31:00;0 days 20:56:00;9.5;0.0;3.0;1.5;1.5;2.0;2.5;1.0;0.0;0 days 13:25:00;13.416666666666666;0.7080745341614907
0070;3960;Terrain des Sports;weekday;0 days 06:24:51;0 days 20:13:14;23.0;2.0;7.0;2.0;2.0;3.0;6.0;1.0;0.0;0 days 13:48:23;13.80638888888889;1.6658954187875983
0070;3960;Terrain des Sports;weekend;0 days 06:49:00;0 days 20:13:14;10.0;1.0;3.0;1.5;1.5;2.5;2.0;1.0;0.0;0 days 13:24:14;13.403888888888888;0.7460521407551706
0070;3961;Bourg;weekday;0 days 07:18:43;0 days 20:58:00;22.0;0.0;6.0;2.0;2.0;3.0;6.0;3.0;0.0;0 days 13:39:17;13.654722222222222;1.6111642288992412
0070;3961;Bourg;weekend;0 days 07:32:43;0 days 20:58:00;9.5;0.0;3.0;1.5;1.5;2.0;2.5;1.0;0.0;0 days 13:25:17;13.421388888888888;0.7078254030672434
0070;3962;Chesnais;weekday;0 days 07:20:00;0 days 20:59:00;22.0;0.0;6.0;2.0;2.0;3.0;6.0;3.0;0.0;0 days 13:39:00;13.65;1.6117216117216118
0070;3962;Chesnais;weekend;0 days 07:34:00;0 days 20:59:00;9.5;0.0;3.0;2.0;1.5;2.5;2.5;1.0;0.0;0 days 13:25:00;13.416666666666666;0.7080745341614907
0070;3964;Lande Saint-Denis;weekday;0 days 06:27:00;0 days 20:15:12;23.0;2.0;7.0;2.0;2.0;3.0;6.0;1.0;0.0;0 days 13:48:12;13.803333333333333;1.6662641873943493
0070;3964;Lande Saint-Denis;weekend;0 days 06:51:00;0 days 20:15:12;10.0;1.0;3.0;1.5;1.5;2.5;1.5;1.0;0.0;0 days 13:24:12;13.403333333333334;0.7460830639144491
0071;2406;Betton Centre;weekday;0 days 06:44:00;0 days 20:17:00;20.0;1.0;5.0;2.0;2.0;3.0;6.0;1.0;0.0;0 days 13:33:00;13.55;1.4760147601476015
0071;2406;Betton Centre;weekend;0 days 07:26:35;0 days 20:32:14;9.5;0.0;3.0;1.5;1.5;2.0;2.5;1.0;0.0;0 days 13:05:39;13.094166666666666;0.7255139056831923
0071;2410;Enseigne Abbaye;weekday;0 days 06:47:00;0 days 20:19:00;20.0;1.0;5.0;2.0;2.0;3.0;6.0;1.0;0.0;0 days 13:32:00;13.533333333333333;1.477832512315271
0071;2410;Enseigne Abbaye;weekend;0 days 07:29:00;0 days 20:35:00;9.5;0.0;3.0;1.5;1.5;2.0;2.5;1.0;0.0;0 days 13:06:00;13.1;0.7251908396946565
0071;2411;Betton Vallée;weekday;0 days 06:48:41;0 days 20:21:00;20.0;1.0;5.0;2.0;2.0;3.0;6.0;1.0;0.0;0 days 13:32:19;13.538611111111111;1.477256406573791
0071;2411;Betton Vallée;weekend;0 days 07:30:41;0 days 20:37:00;9.5;0.0;3.0;1.5;1.5;2.0;2.5;1.0;0.0;0 days 13:06:19;13.105277777777777;0.7248987897157634
0071;2412;Betton Vallée;weekday;0 days 06:38:00;0 days 20:52:28;21.0;1.0;5.0;2.0;2.0;3.0;6.0;2.0;0.0;0 days 14:14:28;14.241111111111111;1.474604041507373
0071;2412;Betton Vallée;weekend;0 days 07:49:00;0 days 20:53:28;9.5;0.0;3.0;2.0;1.5;2.0;2.5;1.0;0.0;0 days 13:04:28;13.074444444444444;0.7266083113792811
0071;2413;Enseigne Abbaye;weekday;0 days 06:40:00;0 days 20:54:00;21.0;1.0;5.0;2.0;2.0;3.0;6.0;2.0;0.0;0 days 14:14:00;14.233333333333333;1.4754098360655739
0071;2413;Enseigne Abbaye;weekend;0 days 07:51:00;0 days 20:55:00;9.5;0.0;3.0;2.0;1.0;2.5;2.5;1.0;0.0;0 days 13:04:00;13.066666666666666;0.7270408163265306
0071;2417;Betton Centre;weekday;0 days 06:43:00;0 days 20:57:13;21.0;1.0;5.0;2.0;2.0;3.0;6.0;2.0;0.0;0 days 14:14:13;14.236944444444445;1.475035607671746
0071;2417;Betton Centre;weekend;0 days 07:53:51;0 days 20:58:00;9.5;0.0;3.0;2.0;1.0;2.5;2.5;1.0;0.0;0 days 13:04:09;13.069166666666666;0.7269017407383792
0071;2430;Betton Rue de Rennes;weekday;0 days 06:46:00;0 days 20:18:00;20.0;1.0;5.0;2.0;2.0;3.0;6.0;1.0;0.0;0 days 13:32:00;13.533333333333333;1.477832512315271
0071;2430;Betton Rue de Rennes;weekend;0 days 07:28:00;0 days 20:34:00;9.5;0.0;3.0;1.5;1.5;2.0;2.5;1.0;0.0;0 days 13:06:00;13.1;0.7251908396946565
0071;2432;J. Sébastien Bach;weekday;0 days 06:42:00;0 days 20:15:04;20.0;1.0;5.0;2.0;2.0;3.0;6.0;1.0;0.0;0 days 13:33:04;13.551111111111112;1.475893735651033
0071;2432;J. Sébastien Bach;weekend;0 days 07:25:00;0 days 20:30:21;9.5;0.0;3.0;1.5;1.5;2.0;2.5;1.0;0.0;0 days 13:05:21;13.089166666666667;0.7257910485770676
0071;2434;J. Sébastien Bach;weekday;0 days 06:45:00;0 days 20:59:16;21.0;1.0;5.0;2.0;2.0;3.0;6.0;2.0;0.0;0 days 14:14:16;14.237777777777778;1.4749492742313095
0071;2434;J. Sébastien Bach;weekend;0 days 07:55:33;0 days 21:00:00;9.5;0.0;3.0;2.0;1.0;2.5;2.0;1.5;0.0;0 days 13:04:27;13.074166666666667;0.7266237491235897
0071;2436;Betton Rue de Rennes;weekday;0 days 06:41:00;0 days 20:55:00;21.0;1.0;5.0;2.0;2.0;3.0;6.0;2.0;0.0;0 days 14:14:00;14.233333333333333;1.4754098360655739
0071;2436;Betton Rue de Rennes;weekend;0 days 07:52:00;0 days 20:56:00;9.5;0.0;3.0;2.0;1.0;2.5;2.5;1.0;0.0;0 days 13:04:00;13.066666666666666;0.7270408163265306
0071;2451;Gentilhommière;weekday;0 days 06:41:00;0 days 20:14:00;20.0;1.0;5.0;2.0;2.0;3.0;6.0;1.0;0.0;0 days 13:33:00;13.55;1.4760147601476015
0071;2451;Gentilhommière;weekend;0 days 07:24:00;0 days 20:29:00;9.5;0.0;3.0;1.5;1.5;2.0;2.5;1.0;0.0;0 days 13:05:00;13.083333333333334;0.7261146496815286
0071;2458;Gentilhommière;weekday;0 days 06:47:00;0 days 21:01:00;21.0;1.0;5.0;2.0;2.0;3.0;6.0;2.0;0.0;0 days 14:14:00;14.233333333333333;1.4754098360655739
0071;2458;Gentilhommière;weekend;0 days 07:57:00;0 days 21:01:00;9.5;0.0;3.0;2.0;1.0;2.5;2.0;1.5;0.0;0 days 13:04:00;13.066666666666666;0.7270408163265306
0071;2462;Basse Robinais;weekday;0 days 06:40:00;0 days 20:13:00;20.0;1.0;5.0;2.0;2.0;3.0;6.0;1.0;0.0;0 days 13:33:00;13.55;1.4760147601476015
0071;2462;Basse Robinais;weekend;0 days 07:23:00;0 days 20:28:00;9.5;0.0;3.0;1.5;1.5;2.0;2.5;1.0;0.0;0 days 13:05:00;13.083333333333334;0.7261146496815286
0071;2463;Basse Robinais;weekday;0 days 06:48:00;0 days 21:02:00;21.0;1.0;5.0;2.0;2.0;3.0;6.0;2.0;0.0;0 days 14:14:00;14.233333333333333;1.4754098360655739
0071;2463;Basse Robinais;weekend;0 days 07:58:00;0 days 21:02:00;9.5;0.0;3.0;2.0;1.0;2.5;2.0;1.5;0.0;0 days 13:04:00;13.066666666666666;0.7270408163265306
0071;2827;Maison Blanche;weekday;0 days 06:51:00;0 days 20:23:00;20.0;1.0;5.0;2.0;2.0;3.0;6.0;1.0;0.0;0 days 13:32:00;13.533333333333333;1.477832512315271
0071;2827;Maison Blanche;weekend;0 days 07:33:00;0 days 20:39:00;9.5;0.0;3.0;1.5;1.5;2.0;2.5;1.0;0.0;0 days 13:06:00;13.1;0.7251908396946565
0071;2829;Maison Blanche;weekday;0 days 06:36:00;0 days 20:50:00;21.0;1.0;5.0;2.0;2.0;3.0;6.0;2.0;0.0;0 days 14:14:00;14.233333333333333;1.4754098360655739
0071;2829;Maison Blanche;weekend;0 days 07:47:00;0 days 20:51:00;9.5;0.0;3.0;2.0;1.5;2.0;2.5;1.0;0.0;0 days 13:04:00;13.066666666666666;0.7270408163265306
0071;4601;Chevaigné Mairie;weekday;0 days 06:53:00;0 days 21:07:00;21.0;1.0;5.0;2.0;2.0;3.0;6.0;2.0;0.0;0 days 14:14:00;14.233333333333333;1.4754098360655739
0071;4601;Chevaigné Mairie;weekend;0 days 08:03:00;0 days 21:07:00;9.5;0.0;2.0;2.0;1.5;2.5;2.0;1.5;0.0;0 days 13:04:00;13.066666666666666;0.7270408163265306
0071;4602;Fonderies;weekday;0 days 06:54:00;0 days 21:08:00;21.0;1.0;4.0;3.0;2.0;3.0;6.0;2.0;0.0;0 days 14:14:00;14.233333333333333;1.4754098360655739
0071;4602;Fonderies;weekend;0 days 08:03:38;0 days 21:08:00;9.5;0.0;2.0;2.0;1.5;2.5;2.0;1.5;0.0;0 days 13:04:22;13.072777777777778;0.7267009476860311
0071;4603;Pommiers;weekday;0 days 06:56:00;0 days 21:09:00;21.0;1.0;4.0;3.0;2.0;3.0;6.0;2.0;0.0;0 days 14:13:00;14.216666666666667;1.477139507620164
0071;4603;Pommiers;weekend;0 days 08:05:00;0 days 21:09:00;9.5;0.0;2.0;2.0;1.5;2.5;2.0;1.5;0.0;0 days 13:04:00;13.066666666666666;0.7270408163265306
0071;4604;Pommiers;weekday;0 days 06:30:00;0 days 20:05:00;20.0;1.0;5.0;2.0;2.0;3.0;6.0;1.0;0.0;0 days 13:35:00;13.583333333333334;1.4723926380368098
0071;4604;Pommiers;weekend;0 days 07:15:00;0 days 20:20:00;9.5;0.0;3.0;1.5;1.5;2.0;2.5;1.0;0.0;0 days 13:05:00;13.083333333333334;0.7261146496815286
0071;4605;Fonderies;weekday;0 days 06:32:00;0 days 20:07:00;20.0;1.0;5.0;2.0;2.0;3.0;6.0;1.0;0.0;0 days 13:35:00;13.583333333333334;1.4723926380368098
0071;4605;Fonderies;weekend;0 days 07:16:57;0 days 20:22:00;9.5;0.0;3.0;1.5;1.5;2.0;2.5;1.0;0.0;0 days 13:05:03;13.084166666666667;0.7260684032864149
0071;4606;Chevaigné Mairie;weekday;0 days 06:33:00;0 days 20:08:00;20.0;1.0;5.0;2.0;2.0;3.0;6.0;1.0;0.0;0 days 13:35:00;13.583333333333334;1.4723926380368098
0071;4606;Chevaigné Mairie;weekend;0 days 07:17:40;0 days 20:23:00;9.5;0.0;3.0;1.5;1.5;2.0;2.5;1.0;0.0;0 days 13:05:20;13.088888888888889;0.7258064516129032
0071;4607;Chevaigné Gare;weekday;0 days 06:35:00;0 days 20:09:00;20.0;1.0;5.0;2.0;2.0;3.0;6.0;1.0;0.0;0 days 13:34:00;13.566666666666666;1.4742014742014742
0071;4607;Chevaigné Gare;weekend;0 days 07:19:00;0 days 20:24:00;9.5;0.0;3.0;1.5;1.5;2.0;2.5;1.0;0.0;0 days 13:05:00;13.083333333333334;0.7261146496815286
0071;4608;Chevaigné Gare;weekday;0 days 06:52:00;0 days 21:06:00;21.0;1.0;5.0;2.0;2.0;3.0;6.0;2.0;0.0;0 days 14:14:00;14.233333333333333;1.4754098360655739
0071;4608;Chevaigné Gare;weekend;0 days 08:02:00;0 days 21:06:00;9.5;0.0;2.0;2.0;1.5;2.5;2.0;1.5;0.0;0 days 13:04:00;13.066666666666666;0.7270408163265306
0071;4609;Chopinais;weekday;0 days 06:38:00;0 days 20:12:00;20.0;1.0;5.0;2.0;2.0;3.0;6.0;1.0;0.0;0 days 13:34:00;13.566666666666666;1.4742014742014742
0071;4609;Chopinais;weekend;0 days 07:21:36;0 days 20:27:00;9.5;0.0;3.0;1.5;1.5;2.0;2.5;1.0;0.0;0 days 13:05:24;13.09;0.7257448433919023
0071;4610;Chopinais;weekday;0 days 06:49:00;0 days 21:03:23;21.0;1.0;5.0;2.0;2.0;3.0;6.0;2.0;0.0;0 days 14:14:23;14.239722222222222;1.4747478688332716
0071;4610;Chopinais;weekend;0 days 07:59:00;0 days 21:03:23;9.5;0.0;2.0;2.0;1.5;2.5;2.0;1.5;0.0;0 days 13:04:23;13.073055555555555;0.7266855066612838
0072;2262;Vallon;weekday;0 days 06:15:00;1 days 01:53:00;41.4;3.0;8.0;2.0;4.0;10.0;10.0;4.0;2.0;0 days 19:38:00;19.633333333333333;2.108658743633277
0072;2262;Vallon;weekend;0 days 07:14:00;1 days 01:53:00;24.5;0.0;6.0;3.0;3.0;5.5;6.0;3.0;2.0;0 days 18:39:00;18.65;1.313672922252011
0072;2272;Mivoie;weekday;0 days 06:56:00;0 days 18:36:00;13.0;1.0;5.0;0.0;0.0;3.0;4.0;0.0;0.0;0 days 11:40:00;11.666666666666666;1.1142857142857143
0072;2701;Janais;weekday;0 days 06:30:00;0 days 21:57:27;42.0;2.0;10.0;3.0;3.0;8.0;12.0;4.0;0.0;0 days 15:27:27;15.4575;2.7171276079573023
0072;2701;Janais;weekend;0 days 07:17:00;0 days 21:27:27;22.0;0.0;5.0;3.0;2.5;6.0;5.0;3.0;0.0;0 days 14:10:27;14.174166666666666;1.5521194661649715
0072;2702;Vallon;weekday;0 days 06:32:00;0 days 21:59:00;42.0;2.0;10.0;3.0;3.0;8.0;11.0;5.0;0.0;0 days 15:27:00;15.45;2.7184466019417477
0072;2702;Vallon;weekend;0 days 07:19:00;0 days 21:29:00;22.0;0.0;5.0;3.0;2.5;6.0;5.0;3.0;0.0;0 days 14:10:00;14.166666666666666;1.5529411764705883
0072;2704;Janais;weekday;0 days 06:16:53;1 days 01:55:00;41.4;2.5;8.5;2.0;4.0;10.0;10.0;4.0;2.0;0 days 19:38:07;19.635277777777777;2.108449927143605
0072;2704;Janais;weekend;0 days 07:15:53;1 days 01:55:00;24.5;0.0;6.0;3.0;3.0;5.5;5.5;3.5;2.0;0 days 18:39:07;18.651944444444446;1.3135359733122849
0072;2749;Touche Tizon;weekday;0 days 07:26:00;0 days 17:17:00;4.0;0.0;2.0;0.0;0.0;1.0;1.0;0.0;0.0;0 days 09:51:00;9.85;0.40609137055837563
0072;2905;Callouët;weekday;0 days 06:27:00;0 days 21:54:02;42.0;2.0;10.0;3.0;3.0;9.0;11.0;4.0;0.0;0 days 15:27:02;15.450555555555555;2.7183488547696957
0072;2905;Callouët;weekend;0 days 07:14:00;0 days 21:24:02;22.0;0.0;5.0;3.0;2.5;6.0;5.0;3.0;0.0;0 days 14:10:02;14.167222222222222;1.5528802792047371
0072;2906;Croix aux Potiers;weekday;0 days 06:28:00;0 days 21:55:00;42.0;2.0;10.0;3.0;3.0;9.0;11.0;4.0;0.0;0 days 15:27:00;15.45;2.7184466019417477
0072;2906;Croix aux Potiers;weekend;0 days 07:15:00;0 days 21:25:00;22.0;0.0;5.0;3.0;2.5;6.0;5.0;3.0;0.0;0 days 14:10:00;14.166666666666666;1.5529411764705883
0072;2907;Croix aux Potiers;weekday;0 days 06:20:00;1 days 01:58:00;41.4;2.0;9.0;2.0;4.0;9.0;11.0;4.0;2.0;0 days 19:38:00;19.633333333333333;2.108658743633277
0072;2907;Croix aux Potiers;weekend;0 days 07:19:00;1 days 01:58:00;24.5;0.0;6.0;3.0;3.0;5.5;5.5;3.5;2.0;0 days 18:39:00;18.65;1.313672922252011
0072;2911;Parc de Loisirs;weekday;0 days 06:18:00;0 days 21:46:01;43.0;3.0;11.0;2.0;4.0;8.0;11.0;4.0;0.0;0 days 15:28:01;15.466944444444444;2.7801224834324096
0072;2911;Parc de Loisirs;weekend;0 days 07:06:00;0 days 21:16:00;22.0;0.0;6.0;3.0;2.5;5.5;6.0;2.0;0.0;0 days 14:10:00;14.166666666666666;1.5529411764705883
0072;2912;Argoat;weekday;0 days 06:19:00;0 days 21:47:00;43.0;3.0;11.0;2.0;4.0;8.0;11.0;4.0;0.0;0 days 15:28:00;15.466666666666667;2.7801724137931036
0072;2912;Argoat;weekend;0 days 07:06:45;0 days 21:17:00;22.0;0.0;6.0;3.0;2.5;5.5;6.0;2.0;0.0;0 days 14:10:15;14.170833333333333;1.5524845633637165
0072;2913;Cornouaille;weekday;0 days 06:20:44;0 days 21:48:03;43.0;3.0;11.0;2.0;4.0;8.0;11.0;4.0;0.0;0 days 15:27:19;15.455277777777777;2.7822211039019393
0072;2913;Cornouaille;weekend;0 days 07:08:00;0 days 21:18:03;22.0;0.0;5.0;3.0;2.5;6.0;6.0;2.0;0.0;0 days 14:10:03;14.1675;1.5528498323628022
0072;2914;Vieux Bourg;weekday;0 days 06:22:00;0 days 21:49:00;43.0;2.0;12.0;2.0;4.0;8.0;11.0;4.0;0.0;0 days 15:27:00;15.45;2.783171521035599
0072;2914;Vieux Bourg;weekend;0 days 07:09:00;0 days 21:19:00;22.0;0.0;5.0;3.0;2.5;6.0;6.0;2.0;0.0;0 days 14:10:00;14.166666666666666;1.5529411764705883
0072;2915;Collège Pôle Sud;weekday;0 days 06:24:00;0 days 21:51:05;42.0;2.0;11.0;2.0;4.0;8.0;11.0;4.0;0.0;0 days 15:27:05;15.45138888888889;2.718202247191011
0072;2915;Collège Pôle Sud;weekend;0 days 07:11:00;0 days 21:21:05;22.0;0.0;5.0;3.0;2.5;6.0;5.5;2.5;0.0;0 days 14:10:05;14.168055555555556;1.5527889422605627
0072;2916;Auditoire;weekday;0 days 06:25:00;0 days 21:52:04;42.0;2.0;10.5;2.5;3.5;8.5;11.0;4.0;0.0;0 days 15:27:04;15.45111111111111;2.71825111462678
0072;2916;Auditoire;weekend;0 days 07:12:00;0 days 21:22:04;22.0;0.0;5.0;3.0;2.5;6.0;5.5;2.5;0.0;0 days 14:10:04;14.167777777777777;1.5528193867147675
0072;2917;Chartres Centre;weekday;0 days 06:26:00;0 days 21:53:00;42.0;2.0;10.0;3.0;3.0;9.0;11.0;4.0;0.0;0 days 15:27:00;15.45;2.7184466019417477
0072;2917;Chartres Centre;weekend;0 days 07:13:00;0 days 21:23:00;22.0;0.0;5.0;3.0;2.5;6.0;5.5;2.5;0.0;0 days 14:10:00;14.166666666666666;1.5529411764705883
0072;2918;Callouët;weekday;0 days 06:21:00;1 days 01:59:17;41.4;2.0;9.0;2.0;4.0;9.0;11.0;3.0;1.4;0 days 19:38:17;19.638055555555557;2.1081516896049335
0072;2918;Callouët;weekend;0 days 07:20:00;1 days 01:59:17;24.5;0.0;6.0;3.0;2.5;6.0;5.0;3.5;3.0;0 days 18:39:17;18.654722222222222;1.3133403814941107
0072;2919;Chartres Centre;weekday;0 days 06:22:00;1 days 02:00:00;41.4;2.0;9.0;2.0;4.0;9.0;11.0;3.0;1.4;0 days 19:38:00;19.633333333333333;2.108658743633277
0072;2919;Chartres Centre;weekend;0 days 07:21:00;1 days 02:00:00;24.5;0.0;6.0;3.0;2.5;6.0;5.0;3.0;2.0;0 days 18:39:00;18.65;1.313672922252011
0072;2920;Auditoire;weekday;0 days 06:23:00;1 days 02:01:04;41.4;2.0;9.0;2.0;4.0;9.0;11.0;3.0;1.4;0 days 19:38:04;19.634444444444444;2.108539414860506
0072;2920;Auditoire;weekend;0 days 07:22:00;1 days 02:01:04;24.5;0.0;6.0;3.0;2.5;6.0;5.0;3.0;2.0;0 days 18:39:04;18.65111111111111;1.3135946622185155
0072;2921;Collège Pôle Sud;weekday;0 days 06:24:00;1 days 02:02:05;41.4;2.0;9.0;2.0;4.0;9.0;11.0;3.0;1.4;0 days 19:38:05;19.634722222222223;2.108509584777534
0072;2921;Collège Pôle Sud;weekend;0 days 07:23:00;1 days 02:02:05;24.5;0.0;6.0;3.0;2.5;6.0;5.0;3.0;2.0;0 days 18:39:05;18.65138888888889;1.3135750986670638
0072;2922;Vieux Bourg;weekday;0 days 06:26:00;1 days 02:04:00;43.2;2.0;9.0;2.2;4.2;9.8;11.6;3.0;1.4;0 days 19:38:00;19.633333333333333;2.2003395585738543
0072;2922;Vieux Bourg;weekend;0 days 07:25:00;1 days 02:04:00;24.5;0.0;6.0;2.5;3.0;6.0;5.0;3.0;2.0;0 days 18:39:00;18.65;1.313672922252011
0072;2923;Cornouaille;weekday;0 days 06:26:37;1 days 02:05:00;43.2;2.0;9.0;2.2;4.2;9.8;11.6;3.0;1.4;0 days 19:38:23;19.639722222222222;2.199623778340382
0072;2923;Cornouaille;weekend;0 days 07:25:55;1 days 02:05:00;24.5;0.0;6.0;2.5;3.0;6.0;5.0;3.0;2.0;0 days 18:39:05;18.65138888888889;1.3135750986670638
0072;2924;Argoat;weekday;0 days 06:27:00;1 days 02:06:06;43.2;2.0;8.0;3.2;4.2;9.3;12.1;3.0;1.4;0 days 19:39:06;19.651666666666667;2.198286828937325
0072;2924;Argoat;weekend;0 days 07:27:00;1 days 02:06:06;24.5;0.0;6.0;2.5;3.0;5.75;5.25;3.0;2.0;0 days 18:39:06;18.651666666666667;1.313555535698329
0072;2927;Parc de Loisirs;weekday;0 days 06:28:00;1 days 02:07:00;43.2;2.0;8.0;3.2;4.2;8.8;12.6;3.0;1.4;0 days 19:39:00;19.65;2.198473282442748
0072;2927;Parc de Loisirs;weekend;0 days 07:28:00;1 days 02:07:00;24.5;0.0;6.0;2.5;3.0;5.5;5.5;3.0;2.0;0 days 18:39:00;18.65;1.313672922252011
0072;2928;Constant Mérel;weekday;0 days 06:17:00;0 days 21:46:00;43.0;3.0;11.0;2.0;4.0;8.0;11.0;4.0;0.0;0 days 15:29:00;15.483333333333333;2.777179763186222
0072;2928;Constant Mérel;weekend;0 days 07:05:00;0 days 21:15:00;22.0;0.0;6.0;3.0;2.5;5.5;6.0;2.0;0.0;0 days 14:10:00;14.166666666666666;1.5529411764705883
0072;2930;Constant Mérel;weekday;0 days 06:29:00;1 days 02:08:00;43.2;2.0;8.0;3.2;4.2;8.8;12.6;3.0;1.4;0 days 19:39:00;19.65;2.198473282442748
0072;2930;Constant Mérel;weekend;0 days 07:29:00;1 days 02:08:00;24.5;0.0;6.0;2.5;3.0;5.5;5.5;3.0;2.0;0 days 18:39:00;18.65;1.313672922252011
0072;2942;Collège Pôle Sud;weekday;0 days 07:52:00;0 days 17:00:01;2.8;0.0;1.0;1.0;1.0;1.0;1.0;0.0;0.0;0 days 09:08:01;9.133611111111112;0.3065600194641282
0072;2944;Ferme des Peupliers;weekday;0 days 06:16:00;0 days 21:45:00;43.0;3.0;11.0;2.0;4.0;8.0;11.0;4.0;0.0;0 days 15:29:00;15.483333333333333;2.777179763186222
0072;2944;Ferme des Peupliers;weekend;0 days 07:04:00;0 days 21:14:00;22.0;0.0;6.0;3.0;2.5;5.5;6.0;2.0;0.0;0 days 14:10:00;14.166666666666666;1.5529411764705883
0072;2945;Ferme des Peupliers;weekday;0 days 06:30:00;1 days 02:09:00;43.2;2.0;8.0;3.2;4.2;8.8;12.6;3.0;1.4;0 days 19:39:00;19.65;2.198473282442748
0072;2945;Ferme des Peupliers;weekend;0 days 07:30:00;1 days 02:09:00;24.5;0.0;5.0;2.5;3.5;5.5;5.5;3.0;2.0;0 days 18:39:00;18.65;1.313672922252011
0072;3901;Bois Esnault;weekday;0 days 06:05:00;1 days 02:17:00;86.2;5.0;19.0;6.2;6.2;18.8;22.6;7.0;1.4;0 days 20:12:00;20.2;4.267326732673268
0072;3901;Bois Esnault;weekend;0 days 06:55:00;1 days 02:18:00;41.5;1.0;10.0;4.5;5.5;10.0;9.0;5.0;2.0;0 days 19:23:00;19.383333333333333;2.1410146173688736
0072;3902;Caliorne;weekday;0 days 06:06:52;0 days 21:37:00;43.0;3.0;11.0;3.0;3.0;9.0;10.0;4.0;0.0;0 days 15:30:08;15.502222222222223;2.773795871559633
0072;3902;Caliorne;weekend;0 days 06:56:00;0 days 21:06:15;22.0;1.0;5.0;3.0;3.0;5.5;5.5;2.0;0.0;0 days 14:10:15;14.170833333333333;1.5524845633637165
0072;3903;Mouton Blanc;weekday;0 days 06:08:00;0 days 21:38:00;43.0;3.0;11.0;3.0;3.0;9.0;10.0;4.0;0.0;0 days 15:30:00;15.5;2.774193548387097
0072;3903;Mouton Blanc;weekend;0 days 06:57:00;0 days 21:07:00;22.0;1.0;5.0;3.0;3.0;5.5;5.5;2.0;0.0;0 days 14:10:00;14.166666666666666;1.5529411764705883
0072;3904;Chemin Vert;weekday;0 days 06:36:00;1 days 02:14:00;43.2;2.0;8.0;3.2;3.2;9.8;12.6;3.0;1.4;0 days 19:38:00;19.633333333333333;2.2003395585738543
0072;3904;Chemin Vert;weekend;0 days 07:36:00;1 days 02:15:00;24.5;0.0;5.0;2.5;3.5;5.5;5.5;3.0;2.0;0 days 18:39:00;18.65;1.313672922252011
0072;3905;Pont-Péan Mairie;weekday;0 days 06:10:00;0 days 21:40:00;43.0;3.0;11.0;3.0;3.0;9.0;10.0;4.0;0.0;0 days 15:30:00;15.5;2.774193548387097
0072;3905;Pont-Péan Mairie;weekend;0 days 06:59:00;0 days 21:09:00;22.0;1.0;5.0;3.0;3.0;5.5;5.5;2.0;0.0;0 days 14:10:00;14.166666666666666;1.5529411764705883
0072;3906;Rivaudière;weekday;0 days 06:11:00;0 days 21:41:05;43.0;3.0;11.0;3.0;3.0;9.0;10.0;4.0;0.0;0 days 15:30:05;15.501388888888888;2.7739449870083326
0072;3906;Rivaudière;weekend;0 days 07:00:00;0 days 21:10:05;22.0;0.0;6.0;3.0;3.0;5.0;6.0;2.0;0.0;0 days 14:10:05;14.168055555555556;1.5527889422605627
0072;3907;Fontaine Blanche;weekday;0 days 06:12:00;0 days 21:42:00;43.0;3.0;11.0;3.0;3.0;9.0;10.0;4.0;0.0;0 days 15:30:00;15.5;2.774193548387097
0072;3907;Fontaine Blanche;weekend;0 days 07:00:51;0 days 21:11:00;22.0;0.0;6.0;3.0;3.0;5.0;6.0;2.0;0.0;0 days 14:10:09;14.169166666666667;1.5526671763806386
0072;3908;Renaissance;weekday;0 days 06:14:00;0 days 21:43:00;43.0;3.0;11.0;3.0;3.0;9.0;10.0;4.0;0.0;0 days 15:29:00;15.483333333333333;2.777179763186222
0072;3908;Renaissance;weekend;0 days 07:02:00;0 days 21:12:00;22.0;0.0;6.0;3.0;3.0;5.0;6.0;2.0;0.0;0 days 14:10:00;14.166666666666666;1.5529411764705883
0072;3909;Renaissance;weekday;0 days 06:32:00;1 days 02:10:00;43.2;2.0;8.0;3.2;4.2;8.8;12.6;3.0;1.4;0 days 19:38:00;19.633333333333333;2.2003395585738543
0072;3909;Renaissance;weekend;0 days 07:32:00;1 days 02:11:00;24.5;0.0;5.0;2.5;3.5;5.5;5.5;3.0;2.0;0 days 18:39:00;18.65;1.313672922252011
0072;3910;Fontaine Blanche;weekday;0 days 06:32:53;1 days 02:11:00;43.2;2.0;8.0;3.2;4.2;8.8;12.6;3.0;1.4;0 days 19:38:07;19.635277777777777;2.2001216631063705
0072;3910;Fontaine Blanche;weekend;0 days 07:32:53;1 days 02:12:00;24.5;0.0;5.0;2.5;3.5;5.5;5.5;3.0;2.0;0 days 18:39:07;18.651944444444446;1.3135359733122849
0072;3911;Rivaudière;weekday;0 days 06:33:49;1 days 02:12:00;43.2;2.0;8.0;3.2;4.2;8.8;12.6;3.0;1.4;0 days 19:38:11;19.636388888888888;2.1999971707855317
0072;3911;Rivaudière;weekend;0 days 07:33:49;1 days 02:13:00;24.5;0.0;5.0;2.5;3.5;5.5;5.5;3.0;2.0;0 days 18:39:11;18.653055555555557;1.3134577295944958
0072;3912;Pont-Péan Mairie;weekday;0 days 06:35:00;1 days 02:13:00;43.2;2.0;8.0;3.2;4.2;8.8;12.6;3.0;1.4;0 days 19:38:00;19.633333333333333;2.2003395585738543
0072;3912;Pont-Péan Mairie;weekend;0 days 07:35:00;1 days 02:14:00;24.5;0.0;5.0;2.5;3.5;5.5;5.5;3.0;2.0;0 days 18:39:00;18.65;1.313672922252011
0072;3913;Chemin Vert;weekday;0 days 06:09:00;0 days 21:39:00;43.0;3.0;11.0;3.0;3.0;9.0;10.0;4.0;0.0;0 days 15:30:00;15.5;2.774193548387097
0072;3913;Chemin Vert;weekend;0 days 06:58:00;0 days 21:08:00;22.0;1.0;5.0;3.0;3.0;5.5;5.5;2.0;0.0;0 days 14:10:00;14.166666666666666;1.5529411764705883
0072;3914;Mouton Blanc;weekday;0 days 06:37:00;1 days 02:15:00;43.2;2.0;8.0;3.2;3.2;9.8;12.6;3.0;1.4;0 days 19:38:00;19.633333333333333;2.2003395585738543
0072;3914;Mouton Blanc;weekend;0 days 07:37:00;1 days 02:16:00;24.5;0.0;5.0;2.5;3.5;5.5;5.5;3.0;2.0;0 days 18:39:00;18.65;1.313672922252011
0072;3915;Caliorne;weekday;0 days 06:37:48;1 days 02:16:00;43.2;2.0;8.0;3.2;3.2;9.8;12.6;3.0;1.4;0 days 19:38:12;19.636666666666667;2.1999660499066374
0072;3915;Caliorne;weekend;0 days 07:37:48;1 days 02:17:00;24.5;0.0;5.0;2.5;3.5;5.5;5.5;3.0;2.0;0 days 18:39:12;18.653333333333332;1.3134381701215154
0072;3924;Bois Esnault;weekend;0 days 10:21:00;0 days 21:05:00;10.0;0.0;0.0;2.0;2.0;2.0;3.0;1.0;0.0;0 days 10:44:00;10.733333333333333;0.9316770186335405
0072;4700;Point du Jour;weekend;0 days 10:16:00;0 days 21:01:00;10.0;0.0;0.0;2.0;2.0;2.0;3.0;1.0;0.0;0 days 10:45:00;10.75;0.9302325581395349
0072;4701;Point du Jour;weekday;0 days 22:23:00;1 days 02:22:00;1.4;0.0;0.0;0.0;0.0;0.0;0.0;0.0;1.4;0 days 03:59:00;3.9833333333333334;0.3514644351464435
0072;4701;Point du Jour;weekend;0 days 11:08:00;1 days 02:22:00;7.0;0.0;0.0;1.0;2.0;3.0;2.0;2.0;2.0;0 days 15:14:00;15.233333333333333;0.45951859956236324
0072;4702;Orée du Bois;weekend;0 days 10:14:00;0 days 20:59:29;10.0;0.0;0.0;2.0;2.0;2.0;3.0;1.0;0.0;0 days 10:45:29;10.758055555555556;0.9295360066100338
0072;4703;Orée du Bois;weekday;0 days 22:24:30;1 days 02:24:00;1.4;0.0;0.0;0.0;0.0;0.0;0.0;0.0;1.4;0 days 03:59:30;3.9916666666666667;0.3507306889352818
0072;4703;Orée du Bois;weekend;0 days 11:09:30;1 days 02:24:00;7.0;0.0;0.0;1.0;2.0;2.0;3.0;2.0;2.0;0 days 15:14:30;15.241666666666667;0.4592673592126845
0072;4704;Laillé Eglise;weekend;0 days 10:13:00;0 days 20:58:00;10.0;0.0;0.0;2.0;2.0;2.0;3.0;1.0;0.0;0 days 10:45:00;10.75;0.9302325581395349
0072;4705;Laillé Eglise;weekday;0 days 22:26:00;1 days 02:25:00;1.4;0.0;0.0;0.0;0.0;0.0;0.0;0.0;1.4;0 days 03:59:00;3.9833333333333334;0.3514644351464435
0072;4705;Laillé Eglise;weekend;0 days 11:11:00;1 days 02:25:00;7.0;0.0;0.0;1.0;2.0;2.0;3.0;2.0;2.0;0 days 15:14:00;15.233333333333333;0.45951859956236324
0072;4706;Châtaigneraie;weekend;0 days 10:11:40;0 days 20:57:00;10.0;0.0;0.0;2.0;2.0;2.0;3.0;1.0;0.0;0 days 10:45:20;10.755555555555556;0.9297520661157024
0072;4707;Châtaigneraie;weekday;0 days 22:26:41;1 days 02:26:00;1.4;0.0;0.0;0.0;0.0;0.0;0.0;0.0;1.4;0 days 03:59:19;3.988611111111111;0.350999373215405
0072;4707;Châtaigneraie;weekend;0 days 11:11:41;1 days 02:26:00;7.0;0.0;0.0;1.0;2.0;2.0;3.0;2.0;2.0;0 days 15:14:19;15.238611111111112;0.45935944876866147
0072;4708;Gingouillère;weekday;0 days 22:28:00;1 days 02:27:00;1.4;0.0;0.0;0.0;0.0;0.0;0.0;0.0;1.4;0 days 03:59:00;3.9833333333333334;0.3514644351464435
0072;4708;Gingouillère;weekend;0 days 10:10:00;1 days 02:27:00;12.0;0.0;0.0;3.0;4.0;4.0;6.0;3.0;2.0;0 days 16:17:00;16.283333333333335;0.7369498464687819
0073;2602;Bel Air;weekday;0 days 06:32:58;0 days 20:54:19;28.0;1.0;9.0;1.0;2.0;5.0;7.0;3.0;0.0;0 days 14:21:21;14.355833333333333;1.950426655830963
0073;2602;Bel Air;weekend;0 days 07:31:58;0 days 20:55:19;19.0;0.0;3.0;1.0;3.0;5.0;5.0;2.0;0.0;0 days 13:23:21;13.389166666666666;1.4190576958984253
0073;2603;La Poste;weekday;0 days 06:34:00;0 days 20:55:00;28.0;1.0;9.0;1.0;2.0;5.0;7.0;3.0;0.0;0 days 14:21:00;14.35;1.951219512195122
0073;2603;La Poste;weekend;0 days 07:33:00;0 days 20:56:00;19.0;0.0;3.0;1.0;3.0;5.0;5.0;2.0;0.0;0 days 13:23:00;13.383333333333333;1.4196762141967623
0073;2619;La Poste;weekday;0 days 06:14:00;0 days 20:58:00;27.0;2.0;4.0;2.0;3.2;5.0;7.8;3.0;0.0;0 days 14:44:00;14.733333333333333;1.8325791855203621
0073;2619;La Poste;weekend;0 days 06:43:00;0 days 20:58:00;21.0;1.0;2.0;2.0;3.0;5.0;5.0;3.0;0.0;0 days 14:15:00;14.25;1.4736842105263157
0073;2620;Bel Air;weekday;0 days 06:14:35;0 days 20:59:00;27.0;2.0;4.0;2.0;3.2;5.0;7.8;3.0;0.0;0 days 14:44:25;14.740277777777777;1.8317158202204844
0073;2620;Bel Air;weekend;0 days 06:43:35;0 days 20:59:00;21.0;1.0;2.0;2.0;3.0;5.0;5.0;3.0;0.0;0 days 14:15:25;14.256944444444445;1.4729663906478325
0073;2621;Vern La Touche;weekday;0 days 06:15:00;0 days 20:59:22;27.0;2.0;4.0;2.0;3.2;5.0;7.8;3.0;0.0;0 days 14:44:22;14.739444444444445;1.8318193811013532
0073;2621;Vern La Touche;weekend;0 days 06:44:00;0 days 20:59:22;21.0;1.0;2.0;2.0;3.0;5.0;5.0;3.0;0.0;0 days 14:15:22;14.25611111111111;1.4730524921086474
0073;2622;Champ Martin;weekday;0 days 16:39:00;0 days 19:19:00;5.0;0.0;0.0;0.0;0.0;1.0;4.0;0.0;0.0;0 days 02:40:00;2.6666666666666665;1.875
0073;2627;Vaugon;weekday;0 days 06:29:30;0 days 20:52:00;28.0;1.5;8.5;1.0;2.0;5.0;7.0;3.0;0.0;0 days 14:22:30;14.375;1.9478260869565218
0073;2627;Vaugon;weekend;0 days 07:28:48;0 days 20:53:00;19.0;0.0;3.0;1.0;3.0;5.0;5.0;2.0;0.0;0 days 13:24:12;13.403333333333334;1.4175578214374533
0073;2628;Vaugon;weekday;0 days 06:17:00;0 days 21:01:13;27.0;1.0;5.0;2.0;3.2;5.0;7.8;3.0;0.0;0 days 14:44:13;14.736944444444445;1.8321301340169265
0073;2628;Vaugon;weekend;0 days 06:46:00;0 days 21:02:00;21.0;1.0;2.0;2.0;3.0;5.0;5.0;3.0;0.0;0 days 14:16:00;14.266666666666667;1.4719626168224298
0073;2635;Croix Malinge;weekday;0 days 06:31:00;0 days 20:53:00;28.0;1.0;9.0;1.0;2.0;5.0;7.0;3.0;0.0;0 days 14:22:00;14.366666666666667;1.948955916473318
0073;2635;Croix Malinge;weekend;0 days 07:30:00;0 days 20:54:00;19.0;0.0;3.0;1.0;3.0;5.0;5.0;2.0;0.0;0 days 13:24:00;13.4;1.417910447761194
0073;2640;Croix Malinge;weekday;0 days 06:16:00;0 days 21:00:00;27.0;2.0;4.0;2.0;3.2;5.0;7.8;3.0;0.0;0 days 14:44:00;14.733333333333333;1.8325791855203621
0073;2640;Croix Malinge;weekend;0 days 06:45:00;0 days 21:00:00;21.0;1.0;2.0;2.0;3.0;5.0;5.0;3.0;0.0;0 days 14:15:00;14.25;1.4736842105263157
0073;2641;Champ Martin;weekday;0 days 07:27:00;0 days 12:37:00;5.0;0.0;4.0;0.0;1.0;0.0;0.0;0.0;0.0;0 days 05:10:00;5.166666666666667;0.9677419354838709
0073;2651;Bois de Soeuvres;weekday;0 days 07:26:00;0 days 12:36:07;5.0;0.0;4.0;0.0;1.0;0.0;0.0;0.0;0.0;0 days 05:10:07;5.168611111111111;0.9673778685440964
0073;2652;Bois de Soeuvres;weekday;0 days 16:39:39;0 days 19:20:00;5.0;0.0;0.0;0.0;0.0;1.0;4.0;0.0;0.0;0 days 02:40:21;2.6725;1.8709073900841908
0073;3816;Launay Garnier;weekday;0 days 06:19:00;0 days 20:43:02;26.0;2.0;6.0;2.0;2.0;5.0;7.0;2.0;0.0;0 days 14:24:02;14.400555555555556;1.8054858994637553
0073;3816;Launay Garnier;weekend;0 days 07:19:00;0 days 20:43:02;19.0;0.0;3.0;2.0;2.0;5.0;5.0;2.0;0.0;0 days 13:24:02;13.400555555555556;1.417851664524688
0073;3817;Launay Garnier;weekday;0 days 06:25:55;0 days 21:10:00;26.2;1.0;5.0;2.0;2.2;6.0;7.0;3.0;0.0;0 days 14:44:05;14.734722222222222;1.7781129229899142
0073;3817;Launay Garnier;weekend;0 days 06:54:55;0 days 21:11:00;21.0;1.0;2.0;2.0;2.0;6.0;5.0;3.0;0.0;0 days 14:16:05;14.268055555555556;1.4718193322301178
0073;3834;ZA Bourgbarré;weekday;0 days 06:20:00;0 days 20:44:00;26.0;2.0;6.0;1.0;3.0;5.0;7.0;2.0;0.0;0 days 14:24:00;14.4;1.8055555555555556
0073;3834;ZA Bourgbarré;weekend;0 days 07:20:00;0 days 20:44:00;19.0;0.0;3.0;2.0;2.0;5.0;5.0;2.0;0.0;0 days 13:24:00;13.4;1.417910447761194
0073;3835;ZA Bourgbarré;weekday;0 days 06:25:00;0 days 21:09:00;26.2;1.0;5.0;2.0;2.2;6.0;7.0;3.0;0.0;0 days 14:44:00;14.733333333333333;1.7782805429864255
0073;3835;ZA Bourgbarré;weekend;0 days 06:54:00;0 days 21:10:00;21.0;1.0;2.0;2.0;2.0;6.0;5.0;3.0;0.0;0 days 14:16:00;14.266666666666667;1.4719626168224298
0073;4102;Huberdières;weekday;0 days 06:12:00;0 days 20:37:00;26.0;2.0;6.0;2.0;2.0;5.0;7.0;2.0;0.0;0 days 14:25:00;14.416666666666666;1.8034682080924855
0073;4102;Huberdières;weekend;0 days 07:12:00;0 days 20:37:00;19.0;0.0;3.0;2.0;2.0;5.0;5.0;2.0;0.0;0 days 13:25:00;13.416666666666666;1.4161490683229814
0073;4103;Place de Kildare;weekday;0 days 06:14:00;0 days 20:38:15;26.0;2.0;6.0;2.0;2.0;5.0;7.0;2.0;0.0;0 days 14:24:15;14.404166666666667;1.8050332658374313
0073;4103;Place de Kildare;weekend;0 days 07:14:00;0 days 20:38:15;19.0;0.0;3.0;2.0;2.0;5.0;5.0;2.0;0.0;0 days 13:24:15;13.404166666666667;1.4174696922598695
0073;4104;Corps-Nuds Mairie;weekday;0 days 06:15:00;0 days 20:39:00;26.0;2.0;6.0;2.0;2.0;5.0;7.0;2.0;0.0;0 days 14:24:00;14.4;1.8055555555555556
0073;4104;Corps-Nuds Mairie;weekend;0 days 07:15:00;0 days 20:39:00;19.0;0.0;3.0;2.0;2.0;5.0;5.0;2.0;0.0;0 days 13:24:00;13.4;1.417910447761194
0073;4105;Chêne Hervé;weekday;0 days 06:15:36;0 days 20:40:00;26.0;2.0;6.0;2.0;2.0;5.0;7.0;2.0;0.0;0 days 14:24:24;14.406666666666666;1.8047200370198981
0073;4105;Chêne Hervé;weekend;0 days 07:15:36;0 days 20:40:00;19.0;0.0;3.0;2.0;2.0;5.0;5.0;2.0;0.0;0 days 13:24:24;13.406666666666666;1.4172053704624565
0073;4108;Chêne Hervé;weekday;0 days 06:29:00;0 days 21:13:21;26.2;1.0;5.0;2.0;2.2;6.0;7.0;3.0;0.0;0 days 14:44:21;14.739166666666666;1.7775767512862555
0073;4108;Chêne Hervé;weekend;0 days 06:58:00;0 days 21:14:21;21.0;1.0;2.0;2.0;2.0;6.0;5.0;3.0;0.0;0 days 14:16:21;14.2725;1.4713610089332632
0073;4109;Corps-Nuds Mairie;weekday;0 days 06:30:00;0 days 21:14:00;26.2;1.0;5.0;2.0;2.2;6.0;6.0;4.0;0.0;0 days 14:44:00;14.733333333333333;1.7782805429864255
0073;4109;Corps-Nuds Mairie;weekend;0 days 06:59:00;0 days 21:15:00;21.0;1.0;2.0;2.0;2.0;6.0;5.0;3.0;0.0;0 days 14:16:00;14.266666666666667;1.4719626168224298
0073;4110;Place de Kildare;weekday;0 days 06:30:55;0 days 21:15:00;26.2;1.0;5.0;2.0;2.2;6.0;6.0;4.0;0.0;0 days 14:44:05;14.734722222222222;1.7781129229899142
0073;4110;Place de Kildare;weekend;0 days 06:59:41;0 days 21:16:00;21.0;1.0;2.5;2.0;2.0;6.0;5.0;3.0;0.0;0 days 14:16:19;14.271944444444445;1.4714182837345997
0073;4111;Huberdières;weekday;0 days 06:32:46;0 days 21:16:04;26.2;1.0;5.0;2.0;2.2;6.0;6.0;4.0;0.0;0 days 14:43:18;14.721666666666666;1.7796897996150798
0073;4111;Huberdières;weekend;0 days 07:01:00;0 days 21:18:00;21.0;0.0;3.0;2.0;2.0;6.0;5.0;3.0;0.0;0 days 14:17:00;14.283333333333333;1.47024504084014
0073;4112;Corps-Nuds Gare;weekday;0 days 06:10:00;0 days 21:17:00;52.2;3.0;11.0;4.0;4.2;10.0;14.0;6.0;0.0;0 days 15:07:00;15.116666666666667;3.4531422271223815
0073;4112;Corps-Nuds Gare;weekend;0 days 07:02:00;0 days 21:19:00;40.0;0.0;6.0;4.0;4.0;10.0;11.0;5.0;0.0;0 days 14:17:00;14.283333333333333;2.8004667444574096
0073;4113;Grands Sillons;weekday;0 days 06:17:00;0 days 20:41:00;26.0;2.0;6.0;2.0;2.0;5.0;7.0;2.0;0.0;0 days 14:24:00;14.4;1.8055555555555556
0073;4113;Grands Sillons;weekend;0 days 07:17:00;0 days 20:41:00;19.0;0.0;3.0;2.0;2.0;5.0;5.0;2.0;0.0;0 days 13:24:00;13.4;1.417910447761194
0073;4114;Grands Sillons;weekday;0 days 06:28:00;0 days 21:12:00;26.2;1.0;5.0;2.0;2.2;6.0;7.0;3.0;0.0;0 days 14:44:00;14.733333333333333;1.7782805429864255
0073;4114;Grands Sillons;weekend;0 days 06:57:00;0 days 21:13:00;21.0;1.0;2.0;2.0;2.0;6.0;5.0;3.0;0.0;0 days 14:16:00;14.266666666666667;1.4719626168224298
0073;4551;Saint-Armel Eglise;weekday;0 days 06:22:00;0 days 21:06:00;55.0;3.0;13.0;3.0;5.2;11.0;13.8;6.0;0.0;0 days 14:44:00;14.733333333333333;3.733031674208145
0073;4551;Saint-Armel Eglise;weekend;0 days 06:51:00;0 days 21:07:00;40.0;1.0;5.0;4.0;5.0;10.0;10.0;5.0;0.0;0 days 14:16:00;14.266666666666667;2.803738317757009
0073;4552;Saint-Armel Gare;weekday;0 days 06:21:00;0 days 21:05:04;27.0;1.0;5.0;2.0;2.2;6.0;7.8;3.0;0.0;0 days 14:44:04;14.734444444444444;1.8324409923836815
0073;4552;Saint-Armel Gare;weekend;0 days 06:50:00;0 days 21:06:04;21.0;1.0;2.0;2.0;3.0;5.0;5.0;3.0;0.0;0 days 14:16:04;14.267777777777777;1.4718479869169068
0073;4553;Lande du Jardin;weekday;0 days 06:20:00;0 days 21:04:00;27.0;1.0;5.0;2.0;2.2;6.0;7.8;3.0;0.0;0 days 14:44:00;14.733333333333333;1.8325791855203621
0073;4553;Lande du Jardin;weekend;0 days 06:49:00;0 days 21:05:00;21.0;1.0;2.0;2.0;3.0;5.0;5.0;3.0;0.0;0 days 14:16:00;14.266666666666667;1.4719626168224298
0073;4554;Lande du Jardin;weekday;0 days 06:26:00;0 days 20:49:00;28.0;2.0;8.0;1.0;2.0;5.0;7.0;3.0;0.0;0 days 14:23:00;14.383333333333333;1.9466975666280417
0073;4554;Lande du Jardin;weekend;0 days 07:26:00;0 days 20:50:00;19.0;0.0;3.0;1.0;3.0;5.0;5.0;2.0;0.0;0 days 13:24:00;13.4;1.417910447761194
0073;4555;Saint-Armel Gare;weekday;0 days 06:24:52;0 days 20:48:00;28.0;2.0;8.0;1.0;2.5;5.0;6.5;3.0;0.0;0 days 14:23:08;14.385555555555555;1.9463968486908165
0073;4555;Saint-Armel Gare;weekend;0 days 07:24:52;0 days 20:49:00;19.0;0.0;3.0;1.5;2.5;5.0;5.0;2.0;0.0;0 days 13:24:08;13.402222222222223;1.4176753440557122
0074;3201;Fort Joual;weekday;0 days 06:57:00;0 days 08:28:00;2.0;1.0;1.0;0.0;0.0;0.0;0.0;0.0;0.0;0 days 01:31:00;1.5166666666666666;1.3186813186813187
0074;3202;Frogerais;weekday;0 days 06:58:00;0 days 08:29:03;2.0;1.0;1.0;0.0;0.0;0.0;0.0;0.0;0.0;0 days 01:31:03;1.5175;1.3179571663920921
0074;3203;Petite Rochelle;weekday;0 days 06:59:00;0 days 08:30:00;2.0;1.0;1.0;0.0;0.0;0.0;0.0;0.0;0.0;0 days 01:31:00;1.5166666666666666;1.3186813186813187
0074;3204;Télégraphe;weekday;0 days 07:01:00;0 days 19:00:00;5.0;0.0;2.0;0.0;0.0;0.0;3.0;0.0;0.0;0 days 11:59:00;11.983333333333333;0.41724617524339364
0074;3205;Petite Rochelle;weekday;0 days 17:02:34;0 days 19:02:08;3.0;0.0;0.0;0.0;0.0;0.0;3.0;0.0;0.0;0 days 01:59:34;1.9927777777777778;1.5054362977418456
0074;3206;Frogerais;weekday;0 days 17:03:36;0 days 19:03:00;3.0;0.0;0.0;0.0;0.0;0.0;3.0;0.0;0.0;0 days 01:59:24;1.99;1.5075376884422111
0074;3207;Fort Joual;weekday;0 days 17:06:00;0 days 19:05:00;3.0;0.0;0.0;0.0;0.0;0.0;3.0;0.0;0.0;0 days 01:59:00;1.9833333333333334;1.5126050420168067
0074;3209;Surcouf;weekday;0 days 06:11:39;0 days 20:57:00;39.0;3.0;11.0;4.0;4.0;7.0;7.0;3.0;0.0;0 days 14:45:21;14.755833333333333;2.643022533461343
0074;3209;Surcouf;weekend;0 days 06:41:39;0 days 21:12:00;30.0;1.0;6.0;4.0;4.0;6.0;6.0;3.0;0.0;0 days 14:30:21;14.505833333333333;2.0681335095076694
0074;3210;Coteau;weekday;0 days 06:13:00;0 days 20:58:00;39.0;3.0;11.0;4.0;4.0;7.0;7.0;3.0;0.0;0 days 14:45:00;14.75;2.6440677966101696
0074;3210;Coteau;weekend;0 days 06:43:00;0 days 21:13:00;30.0;1.0;6.0;4.0;4.0;6.0;6.0;3.0;0.0;0 days 14:30:00;14.5;2.0689655172413794
0074;3211;Groupe Scolaire;weekday;0 days 06:13:54;0 days 20:59:00;39.0;3.0;11.0;4.0;4.0;7.0;7.0;3.0;0.0;0 days 14:45:06;14.751666666666667;2.6437690656423003
0074;3211;Groupe Scolaire;weekend;0 days 06:43:54;0 days 21:14:00;30.0;1.0;6.0;4.0;4.0;6.0;6.0;3.0;0.0;0 days 14:30:06;14.501666666666667;2.0687277324445468
0074;3212;Levant;weekday;0 days 06:15:00;0 days 21:00:00;39.0;2.0;12.0;4.0;4.0;7.0;7.0;3.0;0.0;0 days 14:45:00;14.75;2.6440677966101696
0074;3212;Levant;weekend;0 days 06:45:00;0 days 21:15:00;30.0;1.0;6.0;4.0;4.0;6.0;6.0;3.0;0.0;0 days 14:30:00;14.5;2.0689655172413794
0074;3213;Plardière;weekday;0 days 06:17:53;0 days 21:02:00;39.0;2.0;12.0;4.0;4.0;7.0;7.0;3.0;0.0;0 days 14:44:07;14.735277777777778;2.6467095217448677
0074;3213;Plardière;weekend;0 days 06:47:53;0 days 21:17:00;30.0;1.0;6.0;4.0;4.0;6.0;6.0;3.0;0.0;0 days 14:29:07;14.485277777777778;2.071068326078202
0074;3216;Plardière;weekday;0 days 06:57:00;0 days 21:06:05;36.0;1.0;6.0;4.0;4.0;8.0;11.0;2.0;0.0;0 days 14:09:05;14.151388888888889;2.5439199136323487
0074;3216;Plardière;weekend;0 days 07:36:00;0 days 21:06:05;28.0;0.0;5.0;4.0;4.0;6.0;6.0;3.0;0.0;0 days 13:30:05;13.501388888888888;2.073860713918321
0074;3217;Levant;weekday;0 days 06:59:00;0 days 21:09:00;36.0;1.0;6.0;4.0;4.0;8.0;11.0;2.0;0.0;0 days 14:10:00;14.166666666666666;2.5411764705882356
0074;3217;Levant;weekend;0 days 07:38:00;0 days 21:08:00;28.0;0.0;5.0;4.0;4.0;6.0;6.0;3.0;0.0;0 days 13:30:00;13.5;2.074074074074074
0074;3218;Groupe Scolaire;weekday;0 days 07:00:00;0 days 21:10:06;36.0;0.0;7.0;4.0;4.0;8.0;11.0;2.0;0.0;0 days 14:10:06;14.168333333333333;2.5408775438183744
0074;3218;Groupe Scolaire;weekend;0 days 07:39:00;0 days 21:09:06;28.0;0.0;5.0;4.0;4.0;6.0;6.0;3.0;0.0;0 days 13:30:06;13.501666666666667;2.0738180471546723
0074;3219;Coteau;weekday;0 days 07:01:00;0 days 21:11:00;36.0;0.0;7.0;4.0;4.0;8.0;11.0;2.0;0.0;0 days 14:10:00;14.166666666666666;2.5411764705882356
0074;3219;Coteau;weekend;0 days 07:40:00;0 days 21:10:00;28.0;0.0;5.0;4.0;4.0;6.0;6.0;3.0;0.0;0 days 13:30:00;13.5;2.074074074074074
0074;3220;Surcouf;weekday;0 days 07:02:39;0 days 21:13:00;36.0;0.0;7.0;4.0;4.0;8.0;11.0;2.0;0.0;0 days 14:10:21;14.1725;2.5401305344858
0074;3220;Surcouf;weekend;0 days 07:41:39;0 days 21:12:00;28.0;0.0;5.0;4.0;4.0;6.0;6.0;3.0;0.0;0 days 13:30:21;13.505833333333333;2.0731782563090024
0074;3249;Orgerblon;weekday;0 days 06:56:00;0 days 21:05:00;36.0;1.0;6.0;4.0;4.0;8.0;11.0;2.0;0.0;0 days 14:09:00;14.15;2.5441696113074204
0074;3249;Orgerblon;weekend;0 days 07:35:00;0 days 21:05:00;28.0;0.0;5.0;4.0;4.0;6.0;6.0;3.0;0.0;0 days 13:30:00;13.5;2.074074074074074
0074;3250;Orgerblon;weekday;0 days 06:19:00;0 days 21:03:00;39.0;2.0;12.0;4.0;4.0;7.0;7.0;3.0;0.0;0 days 14:44:00;14.733333333333333;2.647058823529412
0074;3250;Orgerblon;weekend;0 days 06:49:00;0 days 21:18:00;30.0;1.0;6.0;4.0;4.0;6.0;6.0;3.0;0.0;0 days 14:29:00;14.483333333333333;2.0713463751438437
0074;3257;Haye Longue;weekday;0 days 06:58:00;0 days 21:07:00;36.0;1.0;6.0;4.0;4.0;8.0;11.0;2.0;0.0;0 days 14:09:00;14.15;2.5441696113074204
0074;3257;Haye Longue;weekend;0 days 07:37:00;0 days 21:07:00;28.0;0.0;5.0;4.0;4.0;6.0;6.0;3.0;0.0;0 days 13:30:00;13.5;2.074074074074074
0074;3258;Haye Longue;weekday;0 days 06:17:00;0 days 21:01:00;39.0;2.0;12.0;4.0;4.0;7.0;7.0;3.0;0.0;0 days 14:44:00;14.733333333333333;2.647058823529412
0074;3258;Haye Longue;weekend;0 days 06:47:00;0 days 21:16:00;30.0;1.0;6.0;4.0;4.0;6.0;6.0;3.0;0.0;0 days 14:29:00;14.483333333333333;2.0713463751438437
0074;3259;Ormes Blanches;weekday;0 days 07:04:00;0 days 21:14:00;36.0;0.0;7.0;4.0;4.0;8.0;11.0;2.0;0.0;0 days 14:10:00;14.166666666666666;2.5411764705882356
0074;3259;Ormes Blanches;weekend;0 days 07:43:00;0 days 21:13:00;28.0;0.0;5.0;4.0;4.0;6.0;6.0;3.0;0.0;0 days 13:30:00;13.5;2.074074074074074
0074;3260;Ormes Blanches;weekday;0 days 06:10:00;0 days 20:55:00;39.0;3.0;11.0;4.0;4.0;7.0;7.0;3.0;0.0;0 days 14:45:00;14.75;2.6440677966101696
0074;3260;Ormes Blanches;weekend;0 days 06:40:00;0 days 21:10:00;30.0;1.0;6.0;4.0;4.0;6.0;6.0;3.0;0.0;0 days 14:30:00;14.5;2.0689655172413794
0074;3801;Centre de Loisirs;weekday;0 days 05:59:00;0 days 21:24:00;59.0;2.0;12.0;8.0;8.0;12.0;12.0;5.0;0.0;0 days 15:25:00;15.416666666666666;3.827027027027027
0074;3801;Centre de Loisirs;weekend;0 days 06:30:00;0 days 21:22:00;58.0;1.0;11.0;8.0;8.0;12.0;12.0;6.0;0.0;0 days 14:52:00;14.866666666666667;3.9013452914798203
0074;3802;Bourgbarré Mairie;weekday;0 days 06:01:44;0 days 20:48:00;32.0;2.0;6.0;4.0;4.0;6.0;8.0;2.0;0.0;0 days 14:46:16;14.77111111111111;2.166390853016398
0074;3802;Bourgbarré Mairie;weekend;0 days 06:32:44;0 days 21:03:00;30.0;1.0;6.0;4.0;4.0;6.0;6.0;3.0;0.0;0 days 14:30:16;14.504444444444445;2.068331545886318
0074;3803;La Motte;weekday;0 days 06:03:00;0 days 20:49:00;32.0;2.0;6.0;4.0;4.0;6.0;8.0;2.0;0.0;0 days 14:46:00;14.766666666666667;2.167042889390519
0074;3803;La Motte;weekend;0 days 06:34:00;0 days 21:04:00;30.0;1.0;6.0;4.0;4.0;6.0;6.0;3.0;0.0;0 days 14:30:00;14.5;2.0689655172413794
0074;3804;La Basse Erable;weekday;0 days 06:04:00;0 days 20:50:00;32.0;2.0;6.0;4.0;4.0;6.0;8.0;2.0;0.0;0 days 14:46:00;14.766666666666667;2.167042889390519
0074;3804;La Basse Erable;weekend;0 days 06:34:59;0 days 21:05:00;30.0;1.0;6.0;4.0;4.0;6.0;6.0;3.0;0.0;0 days 14:30:01;14.500277777777777;2.0689258826459263
0074;3805;Perelle;weekday;0 days 06:06:00;0 days 20:51:00;32.0;2.0;6.0;4.0;4.0;6.0;8.0;2.0;0.0;0 days 14:45:00;14.75;2.169491525423729
0074;3805;Perelle;weekend;0 days 06:36:00;0 days 21:06:00;30.0;1.0;6.0;4.0;4.0;6.0;6.0;3.0;0.0;0 days 14:30:00;14.5;2.0689655172413794
0074;3806;Perelle;weekday;0 days 07:08:00;0 days 21:17:00;27.0;0.0;6.0;4.0;4.0;6.0;4.0;3.0;0.0;0 days 14:09:00;14.15;1.9081272084805654
0074;3806;Perelle;weekend;0 days 07:46:00;0 days 21:16:00;28.0;0.0;5.0;4.0;4.0;6.0;6.0;3.0;0.0;0 days 13:30:00;13.5;2.074074074074074
0074;3807;La Basse Erable;weekday;0 days 07:09:00;0 days 21:19:00;27.0;0.0;6.0;4.0;4.0;6.0;4.0;3.0;0.0;0 days 14:10:00;14.166666666666666;1.9058823529411766
0074;3807;La Basse Erable;weekend;0 days 07:47:00;0 days 21:17:04;28.0;0.0;5.0;4.0;4.0;6.0;6.0;3.0;0.0;0 days 13:30:04;13.501111111111111;2.0739033824376594
0074;3808;La Motte;weekday;0 days 07:10:00;0 days 21:20:00;27.0;0.0;6.0;4.0;4.0;6.0;4.0;3.0;0.0;0 days 14:10:00;14.166666666666666;1.9058823529411766
0074;3808;La Motte;weekend;0 days 07:48:00;0 days 21:18:00;28.0;0.0;5.0;4.0;4.0;6.0;6.0;3.0;0.0;0 days 13:30:00;13.5;2.074074074074074
0074;3809;Bourgbarré Mairie;weekday;0 days 07:11:00;0 days 21:21:12;27.0;0.0;6.0;4.0;4.0;6.0;4.0;3.0;0.0;0 days 14:10:12;14.17;1.9054340155257588
0074;3809;Bourgbarré Mairie;weekend;0 days 07:49:00;0 days 21:19:12;28.0;0.0;5.0;4.0;4.0;6.0;6.0;3.0;0.0;0 days 13:30:12;13.503333333333334;2.0735620834361885
0074;3810;Moc Souris;weekday;0 days 06:54:00;0 days 19:09:00;5.0;1.0;1.0;0.0;0.0;0.0;3.0;0.0;0.0;0 days 12:15:00;12.25;0.40816326530612246
0074;3811;Sept Fours;weekday;0 days 06:52:00;0 days 19:07:00;5.0;1.0;1.0;0.0;0.0;0.0;3.0;0.0;0.0;0 days 12:15:00;12.25;0.40816326530612246
0074;3838;Salle de Sports;weekday;0 days 06:00:00;0 days 20:46:01;32.0;2.0;6.0;4.0;4.0;6.0;8.0;2.0;0.0;0 days 14:46:01;14.766944444444444;2.1670021256184047
0074;3838;Salle de Sports;weekend;0 days 06:31:00;0 days 21:01:01;30.0;1.0;6.0;4.0;4.0;6.0;6.0;3.0;0.0;0 days 14:30:01;14.500277777777777;2.0689258826459263
0074;3839;Salle de Sports;weekday;0 days 07:12:40;0 days 21:23:00;27.0;0.0;6.0;4.0;4.0;6.0;4.0;3.0;0.0;0 days 14:10:20;14.172222222222222;1.9051352410819287
0074;3839;Salle de Sports;weekend;0 days 07:50:40;0 days 21:21:00;28.0;0.0;5.0;4.0;4.0;6.0;6.0;3.0;0.0;0 days 13:30:20;13.505555555555556;2.0732208967503083
0074;4356;Croix du Pigeonnet;weekday;0 days 06:19:35;0 days 21:04:00;39.0;2.0;12.0;4.0;4.0;7.0;7.0;3.0;0.0;0 days 14:44:25;14.740277777777777;2.6458117403184773
0074;4356;Croix du Pigeonnet;weekend;0 days 06:49:35;0 days 21:19:00;30.0;1.0;6.0;4.0;4.0;6.0;6.0;3.0;0.0;0 days 14:29:25;14.490277777777777;2.0703536854212596
0074;4357;Croix du Pigeonnet;weekday;0 days 06:55:00;0 days 21:04:02;36.0;1.0;6.0;4.0;4.0;8.0;11.0;2.0;0.0;0 days 14:09:02;14.150555555555556;2.544069726355463
0074;4357;Croix du Pigeonnet;weekend;0 days 07:34:00;0 days 21:04:02;28.0;0.0;5.0;4.0;4.0;6.0;6.0;3.0;0.0;0 days 13:30:02;13.500555555555556;2.0739887247438378
0074;4379;Collège Saint-Paul;weekday;0 days 06:53:00;0 days 21:02:00;36.0;1.0;6.0;4.0;4.0;9.0;10.0;2.0;0.0;0 days 14:09:00;14.15;2.5441696113074204
0074;4379;Collège Saint-Paul;weekend;0 days 07:32:00;0 days 21:02:00;28.0;0.0;5.0;4.0;4.0;6.0;6.0;3.0;0.0;0 days 13:30:00;13.5;2.074074074074074
0074;4380;Collège Saint-Paul;weekday;0 days 06:21:00;0 days 21:05:00;39.0;2.0;12.0;4.0;4.0;7.0;7.0;3.0;0.0;0 days 14:44:00;14.733333333333333;2.647058823529412
0074;4380;Collège Saint-Paul;weekend;0 days 06:51:00;0 days 21:20:00;30.0;1.0;6.0;4.0;4.0;6.0;6.0;3.0;0.0;0 days 14:29:00;14.483333333333333;2.0713463751438437
0075;2603;La Poste;weekday;0 days 06:50:00;0 days 20:17:00;26.0;1.0;8.0;2.0;2.0;4.0;8.0;1.0;0.0;0 days 13:27:00;13.45;1.933085501858736
0075;2603;La Poste;weekend;0 days 07:29:00;0 days 20:17:00;20.0;0.0;3.0;2.0;2.0;6.0;6.0;1.0;0.0;0 days 12:48:00;12.8;1.5625
0075;2619;La Poste;weekday;0 days 06:54:00;0 days 20:38:00;26.2;1.0;6.0;2.0;2.2;5.0;8.0;2.0;0.0;0 days 13:44:00;13.733333333333333;1.9077669902912622
0075;2619;La Poste;weekend;0 days 07:51:00;0 days 20:38:00;20.0;0.0;3.0;2.0;2.0;6.0;6.0;1.0;0.0;0 days 12:47:00;12.783333333333333;1.5645371577574967
0075;2630;Maillardière;weekday;0 days 06:47:56;0 days 20:16:00;26.0;1.0;8.0;2.0;2.0;4.0;8.0;1.0;0.0;0 days 13:28:04;13.467777777777778;1.930533784341226
0075;2630;Maillardière;weekend;0 days 07:26:56;0 days 20:16:00;20.0;0.0;3.0;2.0;2.0;6.0;6.0;1.0;0.0;0 days 12:49:04;12.817777777777778;1.5603328710124826
0075;2631;Moulin;weekday;0 days 06:47:00;0 days 20:15:00;26.0;1.0;8.0;2.0;2.0;4.0;8.0;1.0;0.0;0 days 13:28:00;13.466666666666667;1.9306930693069306
0075;2631;Moulin;weekend;0 days 07:26:00;0 days 20:15:00;20.0;0.0;3.0;2.0;2.0;6.0;6.0;1.0;0.0;0 days 12:49:00;12.816666666666666;1.5604681404421328
0075;2632;Moulin;weekday;0 days 06:56:00;0 days 20:41:00;26.2;1.0;6.0;2.0;2.2;5.0;8.0;2.0;0.0;0 days 13:45:00;13.75;1.9054545454545455
0075;2632;Moulin;weekend;0 days 07:53:00;0 days 20:40:00;20.0;0.0;3.0;2.0;2.0;6.0;6.0;1.0;0.0;0 days 12:47:00;12.783333333333333;1.5645371577574967
0075;2633;Maillardière;weekday;0 days 06:55:00;0 days 20:40:00;26.2;1.0;6.0;2.0;2.2;5.0;8.0;2.0;0.0;0 days 13:45:00;13.75;1.9054545454545455
0075;2633;Maillardière;weekend;0 days 07:52:00;0 days 20:39:16;20.0;0.0;3.0;2.0;2.0;6.0;6.0;1.0;0.0;0 days 12:47:16;12.787777777777778;1.5639933964723258
0075;3401;Parc des Sports;weekday;0 days 06:35:00;0 days 20:51:00;51.2;2.0;13.0;4.0;4.2;9.0;16.0;3.0;0.0;0 days 14:16:00;14.266666666666667;3.588785046728972
0075;3401;Parc des Sports;weekend;0 days 07:15:00;0 days 20:50:00;40.0;0.0;6.0;4.0;4.0;12.0;12.0;2.0;0.0;0 days 13:35:00;13.583333333333334;2.9447852760736195
0075;3402;Langlois;weekday;0 days 07:04:00;0 days 20:49:24;26.2;0.0;7.0;2.0;2.2;4.0;9.0;2.0;0.0;0 days 13:45:24;13.756666666666666;1.904531136418706
0075;3402;Langlois;weekend;0 days 08:02:00;0 days 20:48:24;20.0;0.0;3.0;2.0;2.0;6.0;6.0;1.0;0.0;0 days 12:46:24;12.773333333333333;1.5657620041753653
0075;3404;Menault;weekday;0 days 06:40:00;0 days 20:09:00;25.0;1.0;7.0;2.0;2.0;4.0;8.0;1.0;0.0;0 days 13:29:00;13.483333333333333;1.854140914709518
0075;3404;Menault;weekend;0 days 07:20:00;0 days 20:09:00;20.0;0.0;3.0;2.0;2.0;6.0;6.0;1.0;0.0;0 days 12:49:00;12.816666666666666;1.5604681404421328
0075;3405;Eclosel;weekday;0 days 06:42:38;0 days 20:11:15;25.0;1.0;7.0;2.0;2.0;4.0;8.0;1.0;0.0;0 days 13:28:37;13.476944444444445;1.8550198899354864
0075;3405;Eclosel;weekend;0 days 07:22:00;0 days 20:11:15;20.0;0.0;3.0;2.0;2.0;6.0;6.0;1.0;0.0;0 days 12:49:15;12.820833333333333;1.5599610009749756
0075;3406;Eclosel;weekday;0 days 06:59:00;0 days 20:44:23;26.2;1.0;6.0;2.0;2.2;4.0;9.0;2.0;0.0;0 days 13:45:23;13.756388888888889;1.9045695939260545
0075;3406;Eclosel;weekend;0 days 07:57:00;0 days 20:43:23;20.0;0.0;3.0;2.0;2.0;6.0;6.0;1.0;0.0;0 days 12:46:23;12.773055555555555;1.5657960550638281
0075;3407;Grée Barel;weekday;0 days 07:00:00;0 days 20:45:28;26.2;0.0;7.0;2.0;2.2;4.0;9.0;2.0;0.0;0 days 13:45:28;13.757777777777777;1.9043773219189146
0075;3407;Grée Barel;weekend;0 days 07:58:00;0 days 20:44:28;20.0;0.0;3.0;2.0;2.0;6.0;6.0;1.0;0.0;0 days 12:46:28;12.774444444444445;1.5656258154301121
0075;3409;Menault;weekday;0 days 07:01:00;0 days 20:46:00;26.2;0.0;7.0;2.0;2.2;4.0;9.0;2.0;0.0;0 days 13:45:00;13.75;1.9054545454545455
0075;3409;Menault;weekend;0 days 07:59:00;0 days 20:45:00;20.0;0.0;3.0;2.0;2.0;6.0;6.0;1.0;0.0;0 days 12:46:00;12.766666666666667;1.5665796344647518
0075;3410;Langlois;weekday;0 days 06:36:00;0 days 20:05:12;25.0;2.0;6.0;2.0;2.0;5.0;7.0;1.0;0.0;0 days 13:29:12;13.486666666666666;1.8536826495304004
0075;3410;Langlois;weekend;0 days 07:16:00;0 days 20:05:12;20.0;0.0;3.0;2.0;2.0;6.0;6.0;1.0;0.0;0 days 12:49:12;12.82;1.5600624024960998
0075;3420;La Porte;weekday;0 days 06:37:00;0 days 20:06:20;25.0;2.0;6.0;2.0;2.0;5.0;7.0;1.0;0.0;0 days 13:29:20;13.488888888888889;1.8533772652388798
0075;3420;La Porte;weekend;0 days 07:17:00;0 days 20:06:20;20.0;0.0;3.0;2.0;2.0;6.0;6.0;1.0;0.0;0 days 12:49:20;12.822222222222223;1.559792027729636
0075;3421;La Porte;weekday;0 days 07:03:00;0 days 20:48:01;26.2;0.0;7.0;2.0;2.2;4.0;9.0;2.0;0.0;0 days 13:45:01;13.750277777777777;1.9054160522009658
0075;3421;La Porte;weekend;0 days 08:01:00;0 days 20:47:01;20.0;0.0;3.0;2.0;2.0;6.0;6.0;1.0;0.0;0 days 12:46:01;12.766944444444444;1.566545549487609
0075;3427;Chêne Centenaire;weekday;0 days 06:39:00;0 days 20:08:19;25.0;2.0;6.0;2.0;2.0;5.0;7.0;1.0;0.0;0 days 13:29:19;13.488611111111112;1.8534154327725034
0075;3427;Chêne Centenaire;weekend;0 days 07:19:00;0 days 20:08:19;20.0;0.0;3.0;2.0;2.0;6.0;6.0;1.0;0.0;0 days 12:49:19;12.821944444444444;1.5598258194501615
0075;3428;Chêne Centenaire;weekday;0 days 07:01:44;0 days 20:47:00;26.2;0.0;7.0;2.0;2.2;4.0;9.0;2.0;0.0;0 days 13:45:16;13.754444444444445;1.9048388399709184
0075;3428;Chêne Centenaire;weekend;0 days 07:59:44;0 days 20:46:00;20.0;0.0;3.0;2.0;2.0;6.0;6.0;1.0;0.0;0 days 12:46:16;12.77111111111111;1.5660344527579606
0076;2504;L'Autre Lieu;weekday;0 days 07:15:00;0 days 20:03:00;24.0;0.0;7.0;2.0;2.0;5.0;7.0;1.0;0.0;0 days 12:48:00;12.8;1.875
0076;2504;L'Autre Lieu;weekend;0 days 07:13:00;0 days 19:57:00;11.0;0.0;2.0;1.0;2.0;3.0;3.0;0.0;0.0;0 days 12:44:00;12.733333333333333;0.8638743455497383
0076;2505;Bouleaux;weekday;0 days 07:16:55;0 days 20:05:00;24.0;0.0;7.0;2.0;2.0;4.0;8.0;1.0;0.0;0 days 12:48:05;12.801388888888889;1.8747965715525658
0076;2505;Bouleaux;weekend;0 days 07:14:32;0 days 19:58:09;11.0;0.0;2.0;1.0;2.0;3.0;3.0;0.0;0.0;0 days 12:43:37;12.726944444444445;0.8643080079446493
0076;2516;Bouleaux;weekday;0 days 07:53:47;0 days 19:52:00;22.0;0.0;6.0;2.0;2.0;3.0;9.0;0.0;0.0;0 days 11:58:13;11.970277777777778;1.8378855034460353
0076;2516;Bouleaux;weekend;0 days 08:08:47;0 days 19:47:00;11.0;0.0;2.0;1.0;2.0;3.0;3.0;0.0;0.0;0 days 11:38:13;11.636944444444444;0.9452653187883417
0076;2517;L'Autre Lieu;weekday;0 days 07:55:00;0 days 19:53:00;22.0;0.0;6.0;2.0;2.0;3.0;9.0;0.0;0.0;0 days 11:58:00;11.966666666666667;1.8384401114206128
0076;2517;L'Autre Lieu;weekend;0 days 08:10:00;0 days 19:48:00;11.0;0.0;2.0;1.0;2.0;3.0;3.0;0.0;0.0;0 days 11:38:00;11.633333333333333;0.9455587392550143
0076;2537;Gaston Bardet;weekday;0 days 07:51:00;0 days 19:49:00;22.0;0.0;6.0;2.0;2.0;3.0;9.0;0.0;0.0;0 days 11:58:00;11.966666666666667;1.8384401114206128
0076;2537;Gaston Bardet;weekend;0 days 08:06:00;0 days 19:44:00;11.0;0.0;2.0;1.0;2.0;3.0;3.0;0.0;0.0;0 days 11:38:00;11.633333333333333;0.9455587392550143
0076;2538;Gaston Bardet;weekday;0 days 07:20:00;0 days 20:07:00;24.0;0.0;7.0;2.0;2.0;4.0;8.0;1.0;0.0;0 days 12:47:00;12.783333333333333;1.8774445893089962
0076;2538;Gaston Bardet;weekend;0 days 07:17:00;0 days 20:00:00;11.0;0.0;2.0;1.0;2.0;3.0;2.0;1.0;0.0;0 days 12:43:00;12.716666666666667;0.8650065530799476
0076;2539;Acquêts;weekday;0 days 07:56:00;0 days 19:54:00;22.0;0.0;6.0;2.0;2.0;3.0;9.0;0.0;0.0;0 days 11:58:00;11.966666666666667;1.8384401114206128
0076;2539;Acquêts;weekend;0 days 08:11:00;0 days 19:49:00;11.0;0.0;2.0;1.0;2.0;3.0;3.0;0.0;0.0;0 days 11:38:00;11.633333333333333;0.9455587392550143
0076;2540;Acquêts;weekday;0 days 07:14:00;0 days 20:02:00;24.0;0.0;7.0;2.0;2.0;5.0;7.0;1.0;0.0;0 days 12:48:00;12.8;1.875
0076;2540;Acquêts;weekend;0 days 07:12:00;0 days 19:56:00;11.0;0.0;2.0;1.0;2.0;3.0;3.0;0.0;0.0;0 days 12:44:00;12.733333333333333;0.8638743455497383
0076;2541;Egalité;weekday;0 days 07:56:00;0 days 19:54:23;22.0;0.0;6.0;2.0;2.0;3.0;9.0;0.0;0.0;0 days 11:58:23;11.973055555555556;1.8374591095747395
0076;2541;Egalité;weekend;0 days 08:11:00;0 days 19:49:23;11.0;0.0;2.0;1.0;2.0;3.0;3.0;0.0;0.0;0 days 11:38:23;11.639722222222222;0.9450397346252059
0076;2542;Egalité;weekday;0 days 07:13:00;0 days 20:02:00;24.0;0.0;7.0;2.0;2.0;5.0;7.0;1.0;0.0;0 days 12:49:00;12.816666666666666;1.8725617685305591
0076;2542;Egalité;weekend;0 days 07:11:31;0 days 19:56:00;11.0;0.0;2.0;1.0;2.0;3.0;3.0;0.0;0.0;0 days 12:44:29;12.741388888888888;0.8633281737120931
0076;2549;Lindon;weekday;0 days 08:33:00;0 days 17:26:00;2.0;0.0;1.0;0.0;0.0;0.0;1.0;0.0;0.0;0 days 08:53:00;8.883333333333333;0.22514071294559101
0076;3756;Lion d'Or;weekday;0 days 07:28:00;0 days 20:13:00;24.0;0.0;7.0;2.0;2.0;4.0;8.0;1.0;0.0;0 days 12:45:00;12.75;1.8823529411764706
0076;3756;Lion d'Or;weekend;0 days 07:23:00;0 days 20:06:00;11.0;0.0;2.0;1.0;1.0;4.0;2.0;1.0;0.0;0 days 12:43:00;12.716666666666667;0.8650065530799476
0076;3757;Vezin Centre;weekday;0 days 07:30:00;0 days 20:14:00;24.0;0.0;7.0;2.0;2.0;4.0;8.0;1.0;0.0;0 days 12:44:00;12.733333333333333;1.8848167539267018
0076;3757;Vezin Centre;weekend;0 days 07:24:00;0 days 20:07:00;11.0;0.0;2.0;1.0;1.0;4.0;2.0;1.0;0.0;0 days 12:43:00;12.716666666666667;0.8650065530799476
0076;3758;Tertre;weekday;0 days 07:32:41;0 days 20:16:00;24.0;0.0;7.0;2.0;2.0;4.0;8.0;1.0;0.0;0 days 12:43:19;12.721944444444444;1.886504072141313
0076;3758;Tertre;weekend;0 days 07:26:00;0 days 20:09:00;11.0;0.0;2.0;1.0;1.0;4.0;2.0;1.0;0.0;0 days 12:43:00;12.716666666666667;0.8650065530799476
0076;3761;Tertre;weekday;0 days 07:40:00;0 days 19:40:01;22.0;0.0;6.0;2.0;2.0;4.0;8.0;0.0;0.0;0 days 12:00:01;12.000277777777777;1.8332908960440732
0076;3761;Tertre;weekend;0 days 07:58:00;0 days 19:34:18;11.0;0.0;2.0;1.0;2.0;3.0;3.0;0.0;0.0;0 days 11:36:18;11.605;0.9478672985781991
0076;3762;Vezin Centre;weekday;0 days 07:42:00;0 days 19:42:00;22.0;0.0;6.0;2.0;2.0;4.0;8.0;0.0;0.0;0 days 12:00:00;12.0;1.8333333333333333
0076;3762;Vezin Centre;weekend;0 days 08:00:00;0 days 19:36:00;11.0;0.0;2.0;1.0;2.0;3.0;3.0;0.0;0.0;0 days 11:36:00;11.6;0.9482758620689655
0076;3763;Lion d'Or;weekday;0 days 07:44:00;0 days 19:43:00;22.0;0.0;6.0;2.0;2.0;4.0;8.0;0.0;0.0;0 days 11:59:00;11.983333333333333;1.835883171070932
0076;3763;Lion d'Or;weekend;0 days 08:01:00;0 days 19:38:00;11.0;0.0;2.0;1.0;2.0;3.0;3.0;0.0;0.0;0 days 11:37:00;11.616666666666667;0.9469153515064562
0076;3770;Champs Bleus;weekday;0 days 07:31:00;0 days 20:15:00;24.0;0.0;7.0;2.0;2.0;4.0;8.0;1.0;0.0;0 days 12:44:00;12.733333333333333;1.8848167539267018
0076;3770;Champs Bleus;weekend;0 days 07:25:00;0 days 20:08:00;11.0;0.0;2.0;1.0;1.0;4.0;2.0;1.0;0.0;0 days 12:43:00;12.716666666666667;0.8650065530799476
0076;3771;Champs Bleus;weekday;0 days 07:41:00;0 days 19:41:06;22.0;0.0;6.0;2.0;2.0;4.0;8.0;0.0;0.0;0 days 12:00:06;12.001666666666667;1.8330787390640189
0076;3771;Champs Bleus;weekend;0 days 07:59:00;0 days 19:35:14;11.0;0.0;2.0;1.0;2.0;3.0;3.0;0.0;0.0;0 days 11:36:14;11.60388888888889;0.9479580600373437
0076;3851;Mordelles Pâtis;weekday;0 days 07:00:00;0 days 20:05:00;46.0;0.0;13.0;4.0;4.0;8.0;16.0;1.0;0.0;0 days 13:05:00;13.083333333333334;3.5159235668789806
0076;3851;Mordelles Pâtis;weekend;0 days 07:00:00;0 days 20:00:00;22.0;0.0;3.0;3.0;3.0;6.0;6.0;1.0;0.0;0 days 13:00:00;13.0;1.6923076923076923
0076;3852;Mordelles Eglise;weekday;0 days 07:01:57;0 days 19:52:00;24.0;0.0;7.0;2.0;2.0;5.0;8.0;0.0;0.0;0 days 12:50:03;12.834166666666667;1.870008441010324
0076;3852;Mordelles Eglise;weekend;0 days 07:01:57;0 days 19:47:00;11.0;0.0;2.0;1.0;2.0;3.0;3.0;0.0;0.0;0 days 12:45:03;12.750833333333333;0.8626887131560029
0076;3853;Mordelles Mairie;weekday;0 days 07:03:00;0 days 19:53:00;24.0;0.0;7.0;2.0;2.0;5.0;8.0;0.0;0.0;0 days 12:50:00;12.833333333333334;1.87012987012987
0076;3853;Mordelles Mairie;weekend;0 days 07:03:00;0 days 19:48:00;11.0;0.0;2.0;1.0;2.0;3.0;3.0;0.0;0.0;0 days 12:45:00;12.75;0.8627450980392157
0076;3854;Mordelles Lilas;weekday;0 days 07:04:00;0 days 19:54:00;24.0;0.0;7.0;2.0;2.0;5.0;8.0;0.0;0.0;0 days 12:50:00;12.833333333333334;1.87012987012987
0076;3854;Mordelles Lilas;weekend;0 days 07:03:58;0 days 19:49:00;11.0;0.0;2.0;1.0;2.0;3.0;3.0;0.0;0.0;0 days 12:45:02;12.750555555555556;0.8627075072981569
0076;3855;Gretay;weekday;0 days 07:06:00;0 days 19:55:00;24.0;0.0;7.0;2.0;2.0;5.0;8.0;0.0;0.0;0 days 12:49:00;12.816666666666666;1.8725617685305591
0076;3855;Gretay;weekend;0 days 07:05:00;0 days 19:50:00;11.0;0.0;2.0;1.0;2.0;3.0;3.0;0.0;0.0;0 days 12:45:00;12.75;0.8627450980392157
0076;3862;Gretay;weekday;0 days 08:02:00;0 days 20:00:00;22.0;0.0;6.0;2.0;2.0;3.0;8.0;1.0;0.0;0 days 11:58:00;11.966666666666667;1.8384401114206128
0076;3862;Gretay;weekend;0 days 08:18:00;0 days 19:55:00;11.0;0.0;1.0;2.0;1.0;3.0;4.0;0.0;0.0;0 days 11:37:00;11.616666666666667;0.9469153515064562
0076;3863;Mordelles Lilas;weekday;0 days 08:03:00;0 days 20:01:00;22.0;0.0;6.0;2.0;2.0;3.0;8.0;1.0;0.0;0 days 11:58:00;11.966666666666667;1.8384401114206128
0076;3863;Mordelles Lilas;weekend;0 days 08:19:00;0 days 19:56:00;11.0;0.0;1.0;2.0;1.0;3.0;4.0;0.0;0.0;0 days 11:37:00;11.616666666666667;0.9469153515064562
0076;3864;Mordelles Mairie;weekday;0 days 08:04:00;0 days 20:02:00;22.0;0.0;6.0;2.0;2.0;3.0;8.0;1.0;0.0;0 days 11:58:00;11.966666666666667;1.8384401114206128
0076;3864;Mordelles Mairie;weekend;0 days 08:20:00;0 days 19:57:00;11.0;0.0;1.0;2.0;1.0;3.0;4.0;0.0;0.0;0 days 11:37:00;11.616666666666667;0.9469153515064562
0076;3865;Mordelles Eglise;weekday;0 days 08:05:00;0 days 20:03:00;22.0;0.0;6.0;2.0;2.0;3.0;8.0;1.0;0.0;0 days 11:58:00;11.966666666666667;1.8384401114206128
0076;3865;Mordelles Eglise;weekend;0 days 08:20:59;0 days 19:58:00;11.0;0.0;1.0;2.0;1.0;3.0;4.0;0.0;0.0;0 days 11:37:01;11.616944444444444;0.9468927094043662
0077;3107;Renan;weekend;0 days 10:44:00;0 days 19:44:00;10.0;0.0;0.0;2.0;2.0;3.0;3.0;0.0;0.0;0 days 09:00:00;9.0;1.1111111111111112
0077;3108;Duchesse Anne;weekend;0 days 10:45:00;0 days 19:45:00;10.0;0.0;0.0;2.0;2.0;3.0;3.0;0.0;0.0;0 days 09:00:00;9.0;1.1111111111111112
0077;3110;Carré Dumaine;weekday;0 days 06:07:57;0 days 21:22:00;56.0;2.5;14.5;6.0;6.0;11.0;12.0;4.0;0.0;0 days 15:14:03;15.234166666666667;3.6759477052677645
0077;3110;Carré Dumaine;weekend;0 days 07:12:57;0 days 21:22:00;26.0;0.0;6.0;3.0;4.0;7.5;7.0;3.0;0.0;0 days 14:09:03;14.150833333333333;1.8373476238148518
0077;3111;Le Ponant;weekday;0 days 06:09:00;0 days 21:23:00;56.0;2.0;15.0;6.0;6.0;11.0;12.0;4.0;0.0;0 days 15:14:00;15.233333333333333;3.676148796498906
0077;3111;Le Ponant;weekend;0 days 07:14:00;0 days 21:23:00;26.0;0.0;6.0;3.0;4.0;7.5;7.0;3.0;0.0;0 days 14:09:00;14.15;1.8374558303886925
0077;3112;Opéra;weekday;0 days 06:35:00;0 days 20:55:00;54.0;1.0;13.0;6.0;6.0;11.0;14.0;3.0;0.0;0 days 14:20:00;14.333333333333334;3.7674418604651163
0077;3112;Opéra;weekend;0 days 07:45:00;0 days 20:55:00;40.0;0.0;5.0;4.0;6.0;12.0;11.0;2.0;0.0;0 days 13:10:00;13.166666666666666;3.037974683544304
0077;3113;Le Ponant;weekday;0 days 06:38:00;1 days 01:53:00;55.4;1.0;13.0;6.0;6.0;10.0;15.0;4.0;2.0;0 days 19:15:00;19.25;2.877922077922078
0077;3113;Le Ponant;weekend;0 days 07:47:00;1 days 01:53:00;27.0;0.0;5.0;2.5;4.0;7.5;7.0;2.5;2.0;0 days 18:06:00;18.1;1.4917127071823204
0077;3114;Carré Dumaine;weekday;0 days 06:38:30;1 days 01:54:00;55.4;1.0;13.0;6.0;6.0;10.0;14.0;5.0;2.0;0 days 19:15:30;19.258333333333333;2.876676763305928
0077;3114;Carré Dumaine;weekend;0 days 07:48:00;1 days 01:54:00;27.0;0.0;5.0;2.5;3.5;7.5;7.5;2.5;2.0;0 days 18:06:00;18.1;1.4917127071823204
0077;3116;Duchesse Anne;weekday;0 days 22:06:00;1 days 02:05:00;1.4;0.0;0.0;0.0;0.0;0.0;0.0;0.0;1.4;0 days 03:59:00;3.9833333333333334;0.3514644351464435
0077;3116;Duchesse Anne;weekend;0 days 12:07:00;1 days 02:05:00;7.0;0.0;0.0;0.0;2.0;3.0;3.0;2.0;2.0;0 days 13:58:00;13.966666666666667;0.5011933174224343
0077;3117;Renan;weekday;0 days 22:06:56;1 days 02:06:00;1.4;0.0;0.0;0.0;0.0;0.0;0.0;0.0;1.4;0 days 03:59:04;3.9844444444444442;0.35136642498605686
0077;3117;Renan;weekend;0 days 12:07:42;1 days 02:06:00;7.0;0.0;0.0;0.0;2.0;3.0;3.0;2.0;2.0;0 days 13:58:18;13.971666666666666;0.5010139568173685
0077;3124;Chapitre;weekday;1 days 00:35:00;1 days 02:10:29;2.0;0.0;0.0;0.0;0.0;0.0;0.0;0.0;2.0;0 days 01:35:29;1.591388888888889;1.256763833129691
0077;3124;Chapitre;weekend;1 days 00:35:00;1 days 02:10:29;2.0;0.0;0.0;0.0;0.0;0.0;0.0;0.0;2.0;0 days 01:35:29;1.591388888888889;1.256763833129691
0077;3125;Pâtis Roussel;weekday;0 days 06:00:00;1 days 02:01:00;111.4;4.0;26.0;12.0;12.0;22.0;27.0;7.0;1.4;0 days 20:01:00;20.016666666666666;5.565362198168193
0077;3125;Pâtis Roussel;weekend;0 days 07:05:00;1 days 02:01:00;53.0;0.0;11.0;5.0;7.5;15.0;14.0;4.0;2.0;0 days 18:56:00;18.933333333333334;2.7992957746478875
0077;3126;Ouessant;weekday;0 days 06:01:00;0 days 21:16:11;56.0;3.0;14.0;6.0;6.0;11.0;13.0;3.0;0.0;0 days 15:15:11;15.253055555555555;3.671395530950083
0077;3126;Ouessant;weekend;0 days 07:06:00;0 days 21:16:11;26.0;0.0;6.0;3.0;4.0;7.5;7.0;3.0;0.0;0 days 14:10:11;14.169722222222223;1.8348983552567093
0077;3133;Ouessant;weekday;0 days 06:43:56;1 days 02:00:00;55.4;1.0;12.5;5.5;6.0;11.0;14.0;4.0;1.4;0 days 19:16:04;19.267777777777777;2.875266708955654
0077;3133;Ouessant;weekend;0 days 07:53:56;1 days 02:00:00;27.0;0.0;5.0;4.0;3.5;7.5;7.0;2.75;2.3333333333333335;0 days 18:06:04;18.101111111111113;1.4916211405070283
0077;3136;Pont Amelin;weekend;0 days 10:42:35;0 days 19:43:00;10.0;0.0;0.0;2.0;2.0;3.0;3.0;0.0;0.0;0 days 09:00:25;9.006944444444445;1.110254433307633
0077;3137;Rive Ouest;weekday;0 days 06:35:47;0 days 20:56:00;54.0;1.0;13.0;6.0;6.0;11.0;14.0;3.0;0.0;0 days 14:20:13;14.336944444444445;3.7664929378257415
0077;3137;Rive Ouest;weekend;0 days 07:45:31;0 days 20:56:00;40.0;0.0;5.0;4.0;6.0;12.0;11.0;2.0;0.0;0 days 13:10:29;13.174722222222222;3.0361171435197876
0077;3139;Rive Ouest;weekday;0 days 09:20:47;0 days 21:24:00;42.0;0.0;2.5;6.0;6.0;11.0;12.5;4.0;0.0;0 days 12:03:13;12.053611111111111;3.484432973060171
0077;3139;Rive Ouest;weekend;0 days 09:14:47;0 days 21:24:00;38.0;0.0;2.0;4.0;6.0;12.0;11.0;3.0;0.0;0 days 12:09:13;12.153611111111111;3.12664274449752
0077;3141;Pont Amelin;weekday;0 days 22:08:00;1 days 02:07:00;1.4;0.0;0.0;0.0;0.0;0.0;0.0;0.0;1.4;0 days 03:59:00;3.9833333333333334;0.3514644351464435
0077;3141;Pont Amelin;weekend;0 days 12:08:51;1 days 02:07:00;7.0;0.0;0.0;0.0;2.0;3.0;3.0;2.0;2.0;0 days 13:58:09;13.969166666666666;0.5011036210702142
0077;3143;Haute Rabine;weekday;1 days 00:34:00;1 days 02:09:22;2.0;0.0;0.0;0.0;0.0;0.0;0.0;0.0;2.0;0 days 01:35:22;1.5894444444444444;1.258301293254107
0077;3143;Haute Rabine;weekend;1 days 00:34:00;1 days 02:09:22;2.0;0.0;0.0;0.0;0.0;0.0;0.0;0.0;2.0;0 days 01:35:22;1.5894444444444444;1.258301293254107
0077;3144;Opéra;weekday;0 days 09:21:00;0 days 21:24:00;42.0;0.0;2.0;6.0;6.0;11.0;13.0;4.0;0.0;0 days 12:03:00;12.05;3.485477178423236
0077;3144;Opéra;weekend;0 days 09:15:00;0 days 21:24:00;38.0;0.0;2.0;4.0;6.0;12.0;11.0;3.0;0.0;0 days 12:09:00;12.15;3.1275720164609053
0077;3146;Touche Champagne;weekday;1 days 00:37:00;1 days 02:12:01;2.0;0.0;0.0;0.0;0.0;0.0;0.0;0.0;2.0;0 days 01:35:01;1.583611111111111;1.2629363269601825
0077;3146;Touche Champagne;weekend;1 days 00:37:00;1 days 02:12:01;2.0;0.0;0.0;0.0;0.0;0.0;0.0;0.0;2.0;0 days 01:35:01;1.583611111111111;1.2629363269601825
0077;3167;Champalaune;weekday;0 days 06:43:00;1 days 01:59:02;55.4;1.0;13.0;5.0;6.0;11.0;14.0;4.0;1.4;0 days 19:16:02;19.267222222222223;2.8753496150630027
0077;3167;Champalaune;weekend;0 days 07:53:00;1 days 01:59:02;27.0;0.0;5.0;4.0;3.5;7.5;7.0;3.0;3.0;0 days 18:06:02;18.100555555555555;1.4916669224394585
0077;3168;Champalaune;weekday;0 days 06:02:00;0 days 21:17:04;56.0;3.0;14.0;6.0;6.0;11.0;13.0;3.0;0.0;0 days 15:15:04;15.251111111111111;3.6718636164942446
0077;3168;Champalaune;weekend;0 days 07:07:00;0 days 21:17:04;26.0;0.0;6.0;3.0;4.0;7.5;7.0;3.0;0.0;0 days 14:10:04;14.167777777777777;1.8351501842992708
0077;3169;Beausoleil;weekday;0 days 06:42:00;1 days 01:58:29;55.4;1.0;13.0;6.0;6.0;10.0;14.0;5.0;2.0;0 days 19:16:29;19.274722222222223;2.87423078585943
0077;3169;Beausoleil;weekend;0 days 07:52:00;1 days 01:58:29;27.0;0.0;5.0;4.0;3.5;7.5;7.0;3.5;2.0;0 days 18:06:29;18.108055555555556;1.4910491033763364
0077;3170;Beausoleil;weekday;0 days 06:03:00;0 days 21:18:00;56.0;3.0;14.0;6.0;6.0;11.0;13.0;3.0;0.0;0 days 15:15:00;15.25;3.6721311475409837
0077;3170;Beausoleil;weekend;0 days 07:08:00;0 days 21:18:00;26.0;0.0;6.0;3.0;4.0;7.5;7.0;3.0;0.0;0 days 14:10:00;14.166666666666666;1.835294117647059
0077;3171;Baiersdorf;weekday;0 days 06:41:00;1 days 01:57:28;55.4;1.0;13.0;6.0;6.0;10.0;14.0;5.0;2.0;0 days 19:16:28;19.274444444444445;2.874272208451029
0077;3171;Baiersdorf;weekend;0 days 07:51:00;1 days 01:57:28;27.0;0.0;5.0;2.5;3.5;7.5;6.75;3.25;2.0;0 days 18:06:28;18.107777777777777;1.4910719764373812
0077;3172;Baiersdorf;weekday;0 days 06:04:00;0 days 21:19:00;56.0;3.0;14.0;6.0;6.0;11.0;13.0;3.0;0.0;0 days 15:15:00;15.25;3.6721311475409837
0077;3172;Baiersdorf;weekend;0 days 07:09:00;0 days 21:19:00;26.0;0.0;6.0;3.0;4.0;7.5;7.0;3.0;0.0;0 days 14:10:00;14.166666666666666;1.835294117647059
0077;3173;Teillais;weekday;0 days 06:39:57;1 days 01:56:00;55.4;1.0;13.0;6.0;6.0;10.0;14.0;5.0;2.0;0 days 19:16:03;19.2675;2.875308161411704
0077;3173;Teillais;weekend;0 days 07:49:57;1 days 01:56:00;27.0;0.0;5.0;2.5;3.5;7.5;7.0;3.0;2.0;0 days 18:06:03;18.100833333333334;1.4916440311219556
0077;3174;Teillais;weekday;0 days 06:05:57;0 days 21:20:06;56.0;3.0;14.0;6.0;6.0;11.0;12.0;4.0;0.0;0 days 15:14:09;15.235833333333334;3.6755455887983373
0077;3174;Teillais;weekend;0 days 07:10:57;0 days 21:20:06;26.0;0.0;6.0;3.0;4.0;7.5;7.0;3.0;0.0;0 days 14:09:09;14.1525;1.8371312488959548
0077;3175;Pacé Cimetière;weekday;0 days 06:39:00;1 days 01:55:00;55.4;1.0;13.0;6.0;6.0;10.0;14.0;5.0;2.0;0 days 19:16:00;19.266666666666666;2.875432525951557
0077;3175;Pacé Cimetière;weekend;0 days 07:49:00;1 days 01:55:00;27.0;0.0;5.0;2.5;3.5;7.5;7.0;3.0;2.0;0 days 18:06:00;18.1;1.4917127071823204
0077;3176;Pacé Cimetière;weekday;0 days 06:07:00;0 days 21:21:00;56.0;3.0;14.0;6.0;6.0;11.0;12.0;4.0;0.0;0 days 15:14:00;15.233333333333333;3.676148796498906
0077;3176;Pacé Cimetière;weekend;0 days 07:12:00;0 days 21:21:00;26.0;0.0;6.0;3.0;4.0;7.5;7.0;3.0;0.0;0 days 14:09:00;14.15;1.8374558303886925
0077;3611;Le Reuvre;weekday;1 days 00:39:00;1 days 02:14:04;2.0;0.0;0.0;0.0;0.0;0.0;0.0;0.0;2.0;0 days 01:35:04;1.5844444444444445;1.2622720897615707
0077;3611;Le Reuvre;weekend;1 days 00:39:00;1 days 02:14:04;2.0;0.0;0.0;0.0;0.0;0.0;0.0;0.0;2.0;0 days 01:35:04;1.5844444444444445;1.2622720897615707
0077;3612;Placis de la Touche;weekday;1 days 00:39:43;1 days 02:15:00;2.0;0.0;0.0;0.0;0.0;0.0;0.0;0.0;2.0;0 days 01:35:17;1.5880555555555556;1.2594017841525276
0077;3612;Placis de la Touche;weekend;1 days 00:39:43;1 days 02:15:00;2.0;0.0;0.0;0.0;0.0;0.0;0.0;0.0;2.0;0 days 01:35:17;1.5880555555555556;1.2594017841525276
0077;3613;La Noë;weekday;1 days 00:40:00;1 days 02:15:13;2.0;0.0;0.0;0.0;0.0;0.0;0.0;0.0;2.0;0 days 01:35:13;1.5869444444444445;1.2602835638018555
0077;3613;La Noë;weekend;1 days 00:40:00;1 days 02:15:13;2.0;0.0;0.0;0.0;0.0;0.0;0.0;0.0;2.0;0 days 01:35:13;1.5869444444444445;1.2602835638018555
0077;3614;Clos des Tilleuls;weekday;1 days 00:40:36;1 days 02:16:00;2.0;0.0;0.0;0.0;0.0;0.0;0.0;0.0;2.0;0 days 01:35:24;1.59;1.2578616352201257
0077;3614;Clos des Tilleuls;weekend;1 days 00:40:36;1 days 02:16:00;2.0;0.0;0.0;0.0;0.0;0.0;0.0;0.0;2.0;0 days 01:35:24;1.59;1.2578616352201257
0077;3615;Parthenay Mairie;weekday;1 days 00:41:00;1 days 02:16:00;2.0;0.0;0.0;0.0;0.0;0.0;0.0;0.0;2.0;0 days 01:35:00;1.5833333333333333;1.2631578947368423
0077;3615;Parthenay Mairie;weekend;1 days 00:41:00;1 days 02:16:00;2.0;0.0;0.0;0.0;0.0;0.0;0.0;0.0;2.0;0 days 01:35:00;1.5833333333333333;1.2631578947368423
0077;3617;Parthenay Fontaine;weekday;1 days 00:42:00;1 days 02:17:00;2.0;0.0;0.0;0.0;0.0;0.0;0.0;0.0;2.0;0 days 01:35:00;1.5833333333333333;1.2631578947368423
0077;3617;Parthenay Fontaine;weekend;1 days 00:42:00;1 days 02:17:00;2.0;0.0;0.0;0.0;0.0;0.0;0.0;0.0;2.0;0 days 01:35:00;1.5833333333333333;1.2631578947368423
0077;3705;Saint-Gilles Centre;weekend;0 days 10:34:00;0 days 19:35:00;10.0;0.0;0.0;2.0;2.0;3.0;3.0;0.0;0.0;0 days 09:01:00;9.016666666666667;1.1090573012939
0077;3707;Pont aux Moines;weekend;0 days 10:35:00;0 days 19:36:00;10.0;0.0;0.0;2.0;2.0;3.0;3.0;0.0;0.0;0 days 09:01:00;9.016666666666667;1.1090573012939
0077;3708;Vigne;weekend;0 days 10:36:00;0 days 19:37:00;10.0;0.0;0.0;2.0;2.0;3.0;3.0;0.0;0.0;0 days 09:01:00;9.016666666666667;1.1090573012939
0077;3709;Fouaye;weekend;0 days 10:38:00;0 days 19:39:00;10.0;0.0;0.0;2.0;2.0;3.0;3.0;0.0;0.0;0 days 09:01:00;9.016666666666667;1.1090573012939
0077;3710;Fouaye;weekday;0 days 22:14:00;0 days 22:14:00;1.0;0.0;0.0;0.0;0.0;0.0;0.0;0.0;1.0;0 days 00:00:00;0.0;inf
0077;3710;Fouaye;weekend;0 days 12:13:00;0 days 22:14:00;6.0;0.0;0.0;0.0;2.0;3.0;3.0;2.0;1.0;0 days 10:01:00;10.016666666666667;0.5990016638935107
0077;3711;Vigne;weekday;0 days 22:15:00;0 days 22:15:28;1.0;0.0;0.0;0.0;0.0;0.0;0.0;0.0;1.0;0 days 00:00:28;0.0077777777777777776;128.57142857142858
0077;3711;Vigne;weekend;0 days 12:14:45;0 days 22:15:28;6.0;0.0;0.0;0.0;2.0;3.0;3.0;2.0;1.0;0 days 10:00:43;10.011944444444444;0.5992841883306051
0077;3712;Pont aux Moines;weekday;0 days 22:16:34;0 days 22:17:00;1.0;0.0;0.0;0.0;0.0;0.0;0.0;0.0;1.0;0 days 00:00:26;0.007222222222222222;138.46153846153848
0077;3712;Pont aux Moines;weekend;0 days 12:16:00;0 days 22:17:00;6.0;0.0;0.0;0.0;2.0;3.0;3.0;2.0;1.0;0 days 10:01:00;10.016666666666667;0.5990016638935107
0077;3714;Saint-Gilles Centre;weekday;0 days 22:17:32;0 days 22:18:00;1.0;0.0;0.0;0.0;0.0;0.0;0.0;0.0;1.0;0 days 00:00:28;0.0077777777777777776;128.57142857142858
0077;3714;Saint-Gilles Centre;weekend;0 days 12:17:00;0 days 22:18:00;6.0;0.0;0.0;0.0;2.0;3.0;3.0;2.0;1.0;0 days 10:01:00;10.016666666666667;0.5990016638935107
0077;3715;Clos des Cerisiers;weekend;0 days 10:33:30;0 days 19:34:00;10.0;0.0;0.0;2.0;2.0;3.0;3.0;0.0;0.0;0 days 09:00:30;9.008333333333333;1.1100832562442184
0077;3717;Maison Neuve;weekend;0 days 10:33:00;0 days 19:33:00;10.0;0.0;0.0;2.0;2.0;3.0;3.0;0.0;0.0;0 days 09:00:00;9.0;1.1111111111111112
0077;3723;Maison Neuve;weekday;0 days 22:19:00;0 days 22:19:00;1.0;0.0;0.0;0.0;0.0;0.0;0.0;0.0;1.0;0 days 00:00:00;0.0;inf
0077;3723;Maison Neuve;weekend;0 days 12:19:00;0 days 22:19:00;6.0;0.0;0.0;0.0;2.0;3.0;3.0;2.0;1.0;0 days 10:00:00;10.0;0.6
0077;3724;Clos des Cerisiers;weekday;0 days 22:18:00;0 days 22:18:25;1.0;0.0;0.0;0.0;0.0;0.0;0.0;0.0;1.0;0 days 00:00:25;0.006944444444444444;144.0
0077;3724;Clos des Cerisiers;weekend;0 days 12:18:00;0 days 22:18:25;6.0;0.0;0.0;0.0;2.0;3.0;3.0;2.0;1.0;0 days 10:00:25;10.006944444444445;0.5995836224843858
0077;3732;Ile des Bois;weekday;0 days 22:21:00;0 days 22:21:00;1.0;0.0;0.0;0.0;0.0;0.0;0.0;0.0;1.0;0 days 00:00:00;0.0;inf
0077;3732;Ile des Bois;weekend;0 days 10:31:00;0 days 22:21:00;11.0;0.0;0.0;2.0;4.0;6.0;6.0;2.0;1.0;0 days 11:50:00;11.833333333333334;0.9295774647887324
0077;6000;Romillé Collège;weekday;0 days 22:37:00;0 days 22:37:00;1.0;0.0;0.0;0.0;0.0;0.0;0.0;0.0;1.0;0 days 00:00:00;0.0;inf
0077;6000;Romillé Collège;weekend;0 days 22:33:00;0 days 22:37:00;1.0;0.0;0.0;0.0;0.0;0.0;0.0;0.0;1.0;0 days 00:04:00;0.06666666666666667;15.0
0077;6001;Frères Aubert;weekday;0 days 22:35:00;0 days 22:35:16;1.0;0.0;0.0;0.0;0.0;0.0;0.0;0.0;1.0;0 days 00:00:16;0.0044444444444444444;225.0
0077;6001;Frères Aubert;weekend;0 days 22:31:00;0 days 22:35:16;1.0;0.0;0.0;0.0;0.0;0.0;0.0;0.0;1.0;0 days 00:04:16;0.07111111111111111;14.0625
0077;6003;Romillé Mairie;weekday;0 days 22:34:00;0 days 22:34:00;1.0;0.0;0.0;0.0;0.0;0.0;0.0;0.0;1.0;0 days 00:00:00;0.0;inf
0077;6003;Romillé Mairie;weekend;0 days 22:30:00;0 days 22:34:00;1.0;0.0;0.0;0.0;0.0;0.0;0.0;0.0;1.0;0 days 00:04:00;0.06666666666666667;15.0
0077;6005;Mettrie Templiers;weekday;0 days 22:33:00;0 days 22:33:00;1.0;0.0;0.0;0.0;0.0;0.0;0.0;0.0;1.0;0 days 00:00:00;0.0;inf
0077;6005;Mettrie Templiers;weekend;0 days 22:29:00;0 days 22:33:00;1.0;0.0;0.0;0.0;0.0;0.0;0.0;0.0;1.0;0 days 00:04:00;0.06666666666666667;15.0
0078;2133;Cesson - Viasilva;weekday;0 days 07:38:00;0 days 18:45:00;21.0;0.0;9.0;0.0;1.0;4.0;7.0;0.0;0.0;0 days 11:07:00;11.116666666666667;1.889055472263868
0078;2152;Touche Lambert;weekday;0 days 07:45:36;0 days 18:46:00;11.0;0.0;4.0;0.0;1.0;2.0;4.0;0.0;0.0;0 days 11:00:24;11.006666666666666;0.9993943064809208
0078;2153;Touche Lambert;weekday;0 days 07:36:59;0 days 18:35:14;10.0;0.0;5.0;0.0;0.0;2.0;3.0;0.0;0.0;0 days 10:58:15;10.970833333333333;0.9115077857956704
0078;2405;Betton Mairie;weekday;0 days 07:19:00;0 days 21:10:09;29.0;0.0;9.0;3.0;2.0;7.0;6.0;2.0;0.0;0 days 13:51:09;13.8525;2.093484930517957
0078;2405;Betton Mairie;weekend;0 days 08:47:00;0 days 20:58:18;21.0;0.0;2.0;3.0;3.0;5.0;6.0;2.0;0.0;0 days 12:11:18;12.188333333333333;1.7229591139067415
0078;2406;Betton Centre;weekday;0 days 07:20:00;0 days 21:11:00;29.0;0.0;9.0;3.0;2.0;7.0;6.0;2.0;0.0;0 days 13:51:00;13.85;2.0938628158844765
0078;2406;Betton Centre;weekend;0 days 08:48:00;0 days 20:59:00;21.0;0.0;2.0;3.0;3.0;5.0;6.0;2.0;0.0;0 days 12:11:00;12.183333333333334;1.7236662106703147
0078;2418;Betton Mairie;weekday;0 days 06:38:00;0 days 20:03:24;32.0;2.0;5.0;2.0;4.0;8.0;10.0;1.0;0.0;0 days 13:25:24;13.423333333333334;2.3839086168363544
0078;2418;Betton Mairie;weekend;0 days 07:33:00;0 days 20:21:24;23.0;0.0;4.0;3.0;3.0;6.0;6.0;1.0;0.0;0 days 12:48:24;12.806666666666667;1.7959396147839668
0078;2423;Cour Neuve;weekday;0 days 07:26:00;0 days 18:27:00;10.0;0.0;5.0;0.0;0.0;2.0;3.0;0.0;0.0;0 days 11:01:00;11.016666666666667;0.9077155824508321
0078;2424;Champ Giron;weekday;0 days 07:27:00;0 days 18:28:00;10.0;0.0;5.0;0.0;0.0;2.0;3.0;0.0;0.0;0 days 11:01:00;11.016666666666667;0.9077155824508321
0078;2425;Tihouït;weekday;0 days 07:28:58;0 days 18:29:14;10.0;0.0;5.0;0.0;0.0;2.0;3.0;0.0;0.0;0 days 11:00:16;11.004444444444445;0.9087237479806138
0078;2426;Tihouït;weekday;0 days 07:50:56;0 days 18:51:00;11.0;0.0;4.0;0.0;1.0;2.0;4.0;0.0;0.0;0 days 11:00:04;11.001111111111111;0.9998990001009999
0078;2427;Champ Giron;weekday;0 days 07:52:00;0 days 18:52:07;11.0;0.0;4.0;0.0;1.0;2.0;4.0;0.0;0.0;0 days 11:00:07;11.001944444444444;0.9998232635645214
0078;2428;Cour Neuve;weekday;0 days 07:53:00;0 days 18:53:00;11.0;0.0;4.0;0.0;1.0;2.0;4.0;0.0;0.0;0 days 11:00:00;11.0;1.0
0078;2437;Betton Centre;weekday;0 days 06:38:00;0 days 20:03:00;32.0;2.0;5.0;2.0;4.0;8.0;10.0;1.0;0.0;0 days 13:25:00;13.416666666666666;2.3850931677018634
0078;2437;Betton Centre;weekend;0 days 07:33:00;0 days 20:21:00;23.0;0.0;4.0;3.0;3.0;6.0;6.0;1.0;0.0;0 days 12:48:00;12.8;1.796875
0078;2438;Mézières;weekday;0 days 06:40:49;0 days 20:06:00;32.0;2.0;5.0;2.0;4.0;8.0;10.0;1.0;0.0;0 days 13:25:11;13.419722222222223;2.384550102461137
0078;2438;Mézières;weekend;0 days 07:35:49;0 days 20:24:00;23.0;0.0;4.0;3.0;2.0;7.0;6.0;1.0;0.0;0 days 12:48:11;12.803055555555556;1.7964461608556985
0078;2441;Mézières;weekday;0 days 07:16:30;0 days 21:08:00;29.0;0.0;9.0;3.0;3.0;6.0;6.0;2.0;0.0;0 days 13:51:30;13.858333333333333;2.0926037282020444
0078;2441;Mézières;weekend;0 days 08:45:00;0 days 20:57:00;21.0;0.0;2.0;3.0;3.0;5.0;6.0;2.0;0.0;0 days 12:12:00;12.2;1.7213114754098362
0078;2448;Trégor;weekday;0 days 06:39:51;0 days 20:05:00;32.0;2.0;5.0;2.0;4.0;8.0;10.0;1.0;0.0;0 days 13:25:09;13.419166666666667;2.3846488232006458
0078;2448;Trégor;weekend;0 days 07:34:51;0 days 20:23:00;23.0;0.0;4.0;3.0;3.0;6.0;6.0;1.0;0.0;0 days 12:48:09;12.8025;1.7965241163835188
0078;2449;Trégor;weekday;0 days 07:17:34;0 days 21:09:00;29.0;0.0;9.0;3.0;3.0;6.0;6.0;2.0;0.0;0 days 13:51:26;13.857222222222223;2.0927715190634646
0078;2449;Trégor;weekend;0 days 08:45:55;0 days 20:57:16;21.0;0.0;2.0;3.0;3.0;5.0;6.0;2.0;0.0;0 days 12:11:21;12.189166666666667;1.7228413208450126
0078;2452;Chaperonnais;weekday;0 days 06:44:37;0 days 20:10:00;32.0;1.0;6.0;2.0;4.0;8.0;10.0;1.0;0.0;0 days 13:25:23;13.423055555555555;2.3839579496306107
0078;2452;Chaperonnais;weekend;0 days 07:39:37;0 days 20:27:28;23.0;0.0;4.0;2.0;3.0;7.0;6.0;1.0;0.0;0 days 12:47:51;12.7975;1.7972260207071695
0078;2453;Chaperonnais;weekday;0 days 07:12:00;0 days 21:04:20;29.0;0.0;9.0;3.0;3.0;6.0;6.0;2.0;0.0;0 days 13:52:20;13.872222222222222;2.090508610332399
0078;2453;Chaperonnais;weekend;0 days 08:41:00;0 days 20:53:20;21.0;0.0;2.0;3.0;3.0;5.0;7.0;1.0;0.0;0 days 12:12:20;12.205555555555556;1.7205279927173418
0078;2454;Renaudais;weekday;0 days 06:42:00;0 days 20:07:02;32.0;2.0;5.0;2.0;4.0;8.0;10.0;1.0;0.0;0 days 13:25:02;13.417222222222222;2.384994410169351
0078;2454;Renaudais;weekend;0 days 07:37:00;0 days 20:25:02;23.0;0.0;4.0;3.0;2.0;7.0;6.0;1.0;0.0;0 days 12:48:02;12.800555555555556;1.7967970140184886
0078;2455;Renaudais;weekday;0 days 07:15:00;0 days 21:07:00;29.0;0.0;9.0;3.0;3.0;6.0;6.0;2.0;0.0;0 days 13:52:00;13.866666666666667;2.0913461538461537
0078;2455;Renaudais;weekend;0 days 08:43:48;0 days 20:56:00;21.0;0.0;2.0;3.0;3.0;5.0;6.5;1.5;0.0;0 days 12:12:12;12.203333333333333;1.7208413001912046
0078;2456;Pont Brand;weekday;0 days 06:44:00;0 days 20:09:00;32.0;1.0;6.0;2.0;4.0;8.0;10.0;1.0;0.0;0 days 13:25:00;13.416666666666666;2.3850931677018634
0078;2456;Pont Brand;weekend;0 days 07:39:00;0 days 20:27:00;23.0;0.0;4.0;2.0;3.0;7.0;6.0;1.0;0.0;0 days 12:48:00;12.8;1.796875
0078;2457;Pont Brand;weekday;0 days 07:13:00;0 days 21:05:00;29.0;0.0;9.0;3.0;3.0;6.0;6.0;2.0;0.0;0 days 13:52:00;13.866666666666667;2.0913461538461537
0078;2457;Pont Brand;weekend;0 days 08:42:00;0 days 20:54:00;21.0;0.0;2.0;3.0;3.0;5.0;7.0;1.0;0.0;0 days 12:12:00;12.2;1.7213114754098362
0078;2461;La Haute Plesse;weekday;0 days 06:35:00;0 days 21:14:00;51.0;2.0;9.0;5.0;6.0;13.0;13.0;3.0;0.0;0 days 14:39:00;14.65;3.4812286689419794
0078;2461;La Haute Plesse;weekend;0 days 07:30:00;0 days 21:02:00;44.0;0.0;6.0;6.0;6.0;11.0;12.0;3.0;0.0;0 days 13:32:00;13.533333333333333;3.251231527093596
0078;2466;Les Ormes;weekday;0 days 07:21:42;0 days 21:12:24;29.0;0.0;9.0;3.0;2.0;7.0;6.0;2.0;0.0;0 days 13:50:42;13.845;2.094618996027447
0078;2466;Les Ormes;weekend;0 days 08:49:00;0 days 21:00:24;21.0;0.0;2.0;3.0;3.0;5.0;6.0;2.0;0.0;0 days 12:11:24;12.19;1.7227235438884332
0078;2467;La Haute Plesse;weekday;0 days 07:22:56;0 days 18:24:00;10.0;0.0;5.0;0.0;0.0;2.0;3.0;0.0;0.0;0 days 11:01:04;11.017777777777777;0.9076240419524002
0078;2468;Les Ormes;weekday;0 days 06:36:00;0 days 20:01:25;32.0;2.0;5.0;2.0;4.0;8.0;10.0;1.0;0.0;0 days 13:25:25;13.42361111111111;2.3838592860838075
0078;2468;Les Ormes;weekend;0 days 07:31:00;0 days 20:19:25;23.0;0.0;4.0;3.0;3.0;6.0;6.0;1.0;0.0;0 days 12:48:25;12.806944444444444;1.7959006615334563
0078;2803;La Plesse;weekday;0 days 07:01:00;0 days 20:25:26;32.0;0.0;7.0;2.0;3.0;7.0;12.0;1.0;0.0;0 days 13:24:26;13.407222222222222;2.386773297973729
0078;2803;La Plesse;weekend;0 days 07:56:00;0 days 20:43:00;23.0;0.0;3.0;3.0;3.0;6.0;6.0;2.0;0.0;0 days 12:47:00;12.783333333333333;1.7992177314211213
0078;2810;Paul-Emile Victor;weekday;0 days 06:53:00;0 days 20:18:20;32.0;1.0;6.0;2.0;3.0;8.0;11.0;1.0;0.0;0 days 13:25:20;13.422222222222222;2.3841059602649004
0078;2810;Paul-Emile Victor;weekend;0 days 07:49:00;0 days 20:36:20;23.0;0.0;4.0;2.0;3.0;6.0;6.0;2.0;0.0;0 days 12:47:20;12.78888888888889;1.7984361424847957
0078;2811;Cité des Jardins;weekday;0 days 07:02:00;0 days 20:56:00;29.0;0.0;9.0;3.0;3.0;7.0;6.0;1.0;0.0;0 days 13:54:00;13.9;2.0863309352517985
0078;2811;Cité des Jardins;weekend;0 days 08:32:00;0 days 20:46:00;21.0;0.0;3.0;2.0;3.0;6.0;6.0;1.0;0.0;0 days 12:14:00;12.233333333333333;1.7166212534059946
0078;2814;CHP Saint-Grégoire;weekday;0 days 06:55:00;0 days 20:50:00;29.0;1.0;9.0;2.0;3.0;7.0;6.0;1.0;0.0;0 days 13:55:00;13.916666666666666;2.0838323353293413
0078;2814;CHP Saint-Grégoire;weekend;0 days 08:25:00;0 days 20:40:00;21.0;0.0;3.0;3.0;2.0;6.0;6.0;1.0;0.0;0 days 12:15:00;12.25;1.7142857142857142
0078;2816;La Plesse;weekday;0 days 06:53:51;0 days 20:49:00;29.0;1.0;9.0;2.0;3.0;7.0;6.0;1.0;0.0;0 days 13:55:09;13.919166666666667;2.083458061426091
0078;2816;La Plesse;weekend;0 days 08:23:51;0 days 20:39:00;21.0;0.0;3.0;3.0;2.0;6.0;6.0;1.0;0.0;0 days 12:15:09;12.2525;1.7139359314425628
0078;2817;CHP Saint-Grégoire;weekday;0 days 06:59:00;0 days 20:24:00;32.0;1.0;6.0;2.0;3.0;7.0;12.0;1.0;0.0;0 days 13:25:00;13.416666666666666;2.3850931677018634
0078;2817;CHP Saint-Grégoire;weekend;0 days 07:54:55;0 days 20:41:21;23.0;0.0;3.0;3.0;3.0;6.0;6.0;2.0;0.0;0 days 12:46:26;12.773888888888889;1.8005479928673944
0078;2820;Cité des Jardins;weekday;0 days 06:52:00;0 days 20:17:29;32.0;1.0;6.0;2.0;3.5;7.5;11.0;1.0;0.0;0 days 13:25:29;13.424722222222222;2.383661983488175
0078;2820;Cité des Jardins;weekend;0 days 07:48:00;0 days 20:35:29;23.0;0.0;4.0;2.0;3.0;6.0;6.0;2.0;0.0;0 days 12:47:29;12.79138888888889;1.7980846489608895
0078;2821;Paul-Emile Victor;weekday;0 days 07:01:00;0 days 20:55:01;29.0;0.0;9.0;3.0;3.0;7.0;6.0;1.0;0.0;0 days 13:54:01;13.900277777777777;2.086289242820887
0078;2821;Paul-Emile Victor;weekend;0 days 08:31:00;0 days 20:45:01;21.0;0.0;3.0;2.0;3.0;6.0;6.0;1.0;0.0;0 days 12:14:01;12.233611111111111;1.716582275606821
0078;2826;Grand Quartier;weekday;0 days 06:52:00;0 days 20:47:00;29.0;1.0;9.0;2.0;3.0;7.0;6.0;1.0;0.0;0 days 13:55:00;13.916666666666666;2.0838323353293413
0078;2826;Grand Quartier;weekend;0 days 08:22:00;0 days 20:37:00;21.0;0.0;3.0;3.0;2.0;6.0;6.0;1.0;0.0;0 days 12:15:00;12.25;1.7142857142857142
0078;2831;Holywell;weekday;0 days 06:49:38;0 days 20:15:00;32.0;1.0;6.0;2.0;4.0;7.0;11.0;1.0;0.0;0 days 13:25:22;13.422777777777778;2.3840072844667026
0078;2831;Holywell;weekend;0 days 07:45:00;0 days 20:32:11;23.0;0.0;4.0;2.0;3.0;6.0;6.0;2.0;0.0;0 days 12:47:11;12.786388888888888;1.7987877734570181
0078;2832;Holywell;weekday;0 days 07:06:00;0 days 20:59:12;29.0;0.0;9.0;3.0;3.0;6.0;6.0;2.0;0.0;0 days 13:53:12;13.886666666666667;2.0883341334613537
0078;2832;Holywell;weekend;0 days 08:35:39;0 days 20:49:00;21.0;0.0;2.0;3.0;3.0;6.0;6.0;1.0;0.0;0 days 12:13:21;12.2225;1.7181427694825118
0078;2833;Jean-Paul II;weekday;0 days 06:48:00;0 days 20:13:00;32.0;1.0;6.0;2.0;4.0;7.0;11.0;1.0;0.0;0 days 13:25:00;13.416666666666666;2.3850931677018634
0078;2833;Jean-Paul II;weekend;0 days 07:43:00;0 days 20:30:00;23.0;0.0;4.0;2.0;3.0;6.0;6.0;2.0;0.0;0 days 12:47:00;12.783333333333333;1.7992177314211213
0078;2834;Jean-Paul II;weekday;0 days 07:08:00;0 days 21:01:00;29.0;0.0;9.0;3.0;3.0;6.0;6.0;2.0;0.0;0 days 13:53:00;13.883333333333333;2.0888355342136857
0078;2834;Jean-Paul II;weekend;0 days 08:37:00;0 days 20:50:00;21.0;0.0;2.0;3.0;3.0;6.0;6.0;1.0;0.0;0 days 12:13:00;12.216666666666667;1.718963165075034
0078;2838;Alphasis;weekday;0 days 06:55:00;0 days 20:20:00;32.0;1.0;6.0;2.0;3.0;8.0;11.0;1.0;0.0;0 days 13:25:00;13.416666666666666;2.3850931677018634
0078;2838;Alphasis;weekend;0 days 07:51:00;0 days 20:38:00;23.0;0.0;3.0;3.0;3.0;6.0;6.0;2.0;0.0;0 days 12:47:00;12.783333333333333;1.7992177314211213
0078;2839;Alphasis;weekday;0 days 07:00:00;0 days 20:54:00;29.0;0.0;9.0;3.0;3.0;7.0;6.0;1.0;0.0;0 days 13:54:00;13.9;2.0863309352517985
0078;2839;Alphasis;weekend;0 days 08:30:00;0 days 20:44:00;21.0;0.0;3.0;2.0;3.0;6.0;6.0;1.0;0.0;0 days 12:14:00;12.233333333333333;1.7166212534059946
0078;2847;Forge;weekday;0 days 07:04:00;0 days 20:57:00;29.0;0.0;9.0;3.0;3.0;7.0;6.0;1.0;0.0;0 days 13:53:00;13.883333333333333;2.0888355342136857
0078;2847;Forge;weekend;0 days 08:34:00;0 days 20:47:00;21.0;0.0;3.0;2.0;3.0;6.0;6.0;1.0;0.0;0 days 12:13:00;12.216666666666667;1.718963165075034
0078;2848;Forge;weekday;0 days 06:51:00;0 days 20:16:00;32.0;1.0;6.0;2.0;4.0;7.0;11.0;1.0;0.0;0 days 13:25:00;13.416666666666666;2.3850931677018634
0078;2848;Forge;weekend;0 days 07:47:00;0 days 20:34:00;23.0;0.0;4.0;2.0;3.0;6.0;6.0;2.0;0.0;0 days 12:47:00;12.783333333333333;1.7992177314211213
0078;2851;Edonia;weekday;0 days 06:58:00;0 days 20:52:26;29.0;1.0;9.0;2.0;3.0;7.0;6.0;1.0;0.0;0 days 13:54:26;13.907222222222222;2.0852474733351976
0078;2851;Edonia;weekend;0 days 08:28:00;0 days 20:42:26;21.0;0.0;3.0;2.5;2.5;6.0;6.0;1.0;0.0;0 days 12:14:26;12.240555555555556;1.715608405573458
0078;2852;Edonia;weekday;0 days 06:56:42;0 days 20:21:29;32.0;1.0;6.0;2.0;3.0;8.0;11.0;1.0;0.0;0 days 13:24:47;13.413055555555555;2.3857352910721312
0078;2852;Edonia;weekend;0 days 07:52:00;0 days 20:39:16;23.0;0.0;3.0;3.0;3.0;6.0;6.0;2.0;0.0;0 days 12:47:16;12.787777777777778;1.7985924059431748
0078;2854;Grand Quartier;weekday;0 days 07:03:00;0 days 20:27:00;32.0;0.0;7.0;2.0;3.0;7.0;12.0;1.0;0.0;0 days 13:24:00;13.4;2.388059701492537
0078;2854;Grand Quartier;weekend;0 days 07:58:00;0 days 20:44:00;23.0;0.0;3.0;3.0;3.0;6.0;6.0;2.0;0.0;0 days 12:46:00;12.766666666666667;1.8015665796344646
0078;2856;Kerguelen;weekday;0 days 06:59:00;0 days 20:53:13;29.0;1.0;9.0;2.0;3.0;7.0;6.0;1.0;0.0;0 days 13:54:13;13.903611111111111;2.0857890635925918
0078;2856;Kerguelen;weekend;0 days 08:29:00;0 days 20:43:13;21.0;0.0;3.0;2.0;3.0;6.0;6.0;1.0;0.0;0 days 12:14:13;12.236944444444445;1.7161146800444917
0078;2857;Kerguelen;weekday;0 days 06:55:47;0 days 20:21:00;32.0;1.0;6.0;2.0;3.0;8.0;11.0;1.0;0.0;0 days 13:25:13;13.420277777777779;2.3844513898950592
0078;2857;Kerguelen;weekend;0 days 07:51:41;0 days 20:39:00;23.0;0.0;3.0;3.0;3.0;6.0;6.0;2.0;0.0;0 days 12:47:19;12.788611111111111;1.7984752058037752
0078;2863;Cerisaie;weekday;0 days 07:01:52;0 days 20:26:00;32.0;0.0;7.0;2.0;3.0;7.0;12.0;1.0;0.0;0 days 13:24:08;13.402222222222223;2.3876637373569887
0078;2863;Cerisaie;weekend;0 days 07:57:00;0 days 20:43:09;23.0;0.0;3.0;3.0;3.0;6.0;6.0;2.0;0.0;0 days 12:46:09;12.769166666666667;1.801213861515369
0078;2864;Cerisaie;weekday;0 days 06:52:45;0 days 20:48:00;29.0;1.0;9.0;2.0;3.0;7.0;6.0;1.0;0.0;0 days 13:55:15;13.920833333333333;2.083208620173601
0078;2864;Cerisaie;weekend;0 days 08:22:45;0 days 20:38:00;21.0;0.0;3.0;3.0;2.0;6.0;6.0;1.0;0.0;0 days 12:15:15;12.254166666666666;1.7137028221693302
0079;3901;Bois Esnault;weekday;0 days 06:47:00;0 days 19:04:00;12.2;2.0;4.0;0.0;1.0;2.0;4.0;0.0;0.0;0 days 12:17:00;12.283333333333333;0.9932157394843961
0079;3902;Caliorne;weekday;0 days 07:01:30;0 days 19:38:10;14.0;0.0;7.0;1.0;0.0;1.0;5.0;0.0;0.0;0 days 12:36:40;12.61111111111111;1.1101321585903083
0079;3903;Mouton Blanc;weekday;0 days 07:03:00;0 days 19:39:00;14.0;0.0;7.0;1.0;0.0;1.0;5.0;0.0;0.0;0 days 12:36:00;12.6;1.1111111111111112
0079;3904;Chemin Vert;weekday;0 days 06:44:00;0 days 19:01:00;9.2;1.0;2.0;0.0;1.0;2.0;4.0;0.0;0.0;0 days 12:17:00;12.283333333333333;0.7489823609226594
0079;3905;Pont-Péan Mairie;weekday;0 days 07:06:00;0 days 19:41:00;14.0;0.0;7.0;0.0;1.0;1.0;5.0;0.0;0.0;0 days 12:35:00;12.583333333333334;1.1125827814569536
0079;3906;Rivaudière;weekday;0 days 07:07:46;0 days 19:42:10;14.0;0.0;7.0;0.0;1.0;1.0;5.0;0.0;0.0;0 days 12:34:24;12.573333333333334;1.1134676564156945
0079;3907;Fontaine Blanche;weekday;0 days 07:09:00;0 days 19:43:00;14.0;0.0;7.0;0.0;1.0;1.0;5.0;0.0;0.0;0 days 12:34:00;12.566666666666666;1.1140583554376657
0079;3910;Fontaine Blanche;weekday;0 days 06:41:00;0 days 18:57:00;9.2;1.0;2.0;0.0;1.0;2.0;4.0;0.0;0.0;0 days 12:16:00;12.266666666666667;0.7499999999999999
0079;3911;Rivaudière;weekday;0 days 06:41:52;0 days 18:58:18;9.2;1.0;2.0;0.0;1.0;2.0;4.0;0.0;0.0;0 days 12:16:26;12.273888888888889;0.7495586837459828
0079;3912;Pont-Péan Mairie;weekday;0 days 06:43:00;0 days 19:00:00;9.2;1.0;2.0;0.0;1.0;2.0;4.0;0.0;0.0;0 days 12:17:00;12.283333333333333;0.7489823609226594
0079;3913;Chemin Vert;weekday;0 days 07:04:31;0 days 19:40:00;14.0;0.0;7.0;0.0;1.0;1.0;5.0;0.0;0.0;0 days 12:35:29;12.591388888888888;1.111870987667939
0079;3914;Mouton Blanc;weekday;0 days 06:45:00;0 days 19:02:00;9.2;1.0;2.0;0.0;1.0;2.0;4.0;0.0;0.0;0 days 12:17:00;12.283333333333333;0.7489823609226594
0079;3915;Caliorne;weekday;0 days 06:45:48;0 days 19:03:00;9.2;1.0;2.0;0.0;1.0;2.0;4.0;0.0;0.0;0 days 12:17:12;12.286666666666667;0.7487791644058599
0079;3924;Bois Esnault;weekday;0 days 07:19:00;0 days 19:37:00;11.0;0.0;4.0;1.0;0.0;1.0;5.0;0.0;0.0;0 days 12:18:00;12.3;0.8943089430894309
0079;4700;Point du Jour;weekday;0 days 07:14:00;0 days 19:32:00;11.0;0.0;4.0;1.0;0.0;1.0;5.0;0.0;0.0;0 days 12:18:00;12.3;0.8943089430894309
0079;4701;Point du Jour;weekday;0 days 06:52:00;0 days 19:09:00;9.2;1.0;2.0;0.0;1.0;2.0;4.0;0.0;0.0;0 days 12:17:00;12.283333333333333;0.7489823609226594
0079;4702;Orée du Bois;weekday;0 days 07:11:00;0 days 19:30:00;11.0;0.0;4.0;1.0;0.0;1.5;4.5;0.0;0.0;0 days 12:19:00;12.316666666666666;0.8930987821380244
0079;4703;Orée du Bois;weekday;0 days 06:53:30;0 days 19:11:01;9.2;1.0;2.0;0.0;1.0;2.0;4.0;0.0;0.0;0 days 12:17:31;12.291944444444445;0.7484576619737406
0079;4704;Laillé Eglise;weekday;0 days 07:09:00;0 days 19:28:00;11.0;0.0;4.0;1.0;0.0;2.0;4.0;0.0;0.0;0 days 12:19:00;12.316666666666666;0.8930987821380244
0079;4705;Laillé Eglise;weekday;0 days 06:55:00;0 days 19:13:00;9.2;1.0;2.0;0.0;1.0;2.0;4.0;0.0;0.0;0 days 12:18:00;12.3;0.7479674796747966
0079;4706;Châtaigneraie;weekday;0 days 07:07:00;0 days 19:27:00;11.0;0.0;4.0;1.0;0.0;2.0;4.0;0.0;0.0;0 days 12:20:00;12.333333333333334;0.8918918918918919
0079;4707;Châtaigneraie;weekday;0 days 06:56:00;0 days 19:14:01;9.2;1.0;2.0;0.0;1.0;2.0;4.0;0.0;0.0;0 days 12:18:01;12.300277777777778;0.7479505882884306
0079;4708;Gingouillère;weekday;0 days 06:58:00;0 days 19:25:00;20.2;1.0;6.0;1.0;1.0;4.0;8.0;0.0;0.0;0 days 12:27:00;12.45;1.6224899598393574
0080;2368;DGA-MI;weekday;0 days 07:50:00;0 days 18:22:00;11.0;0.0;3.0;0.0;4.0;1.0;3.0;0.0;0.0;0 days 10:32:00;10.533333333333333;1.0443037974683544
0080;4700;Point du Jour;weekday;0 days 06:21:00;0 days 19:56:00;20.0;2.0;6.0;2.0;2.0;3.0;5.0;0.0;0.0;0 days 13:35:00;13.583333333333334;1.4723926380368098
0080;4700;Point du Jour;weekend;0 days 07:26:00;0 days 20:26:00;20.0;0.0;3.0;2.0;3.0;6.0;5.0;1.0;0.0;0 days 13:00:00;13.0;1.5384615384615385
0080;4701;Point du Jour;weekday;0 days 07:04:00;0 days 21:05:00;18.0;0.0;4.0;2.0;2.0;4.0;4.0;2.0;0.0;0 days 14:01:00;14.016666666666667;1.2841854934601664
0080;4701;Point du Jour;weekend;0 days 08:06:00;0 days 21:05:00;20.0;0.0;2.0;2.0;2.0;6.0;6.0;2.0;0.0;0 days 12:59:00;12.983333333333333;1.540436456996149
0080;4702;Orée du Bois;weekday;0 days 06:18:58;0 days 19:54:00;20.0;2.5;5.5;2.0;2.0;3.0;5.0;0.0;0.0;0 days 13:35:02;13.58388888888889;1.4723324199419245
0080;4702;Orée du Bois;weekend;0 days 07:23:58;0 days 20:24:00;20.0;0.0;3.0;2.0;3.0;6.0;5.0;1.0;0.0;0 days 13:00:02;13.000555555555556;1.5383957950514935
0080;4703;Orée du Bois;weekday;0 days 07:06:00;0 days 21:07:01;18.0;0.0;4.0;2.0;2.0;4.0;4.0;2.0;0.0;0 days 14:01:01;14.016944444444444;1.2841600443907175
0080;4703;Orée du Bois;weekend;0 days 08:07:30;0 days 21:07:00;20.0;0.0;2.0;2.0;2.0;6.0;6.0;2.0;0.0;0 days 12:59:30;12.991666666666667;1.5394483643361128
0080;4704;Laillé Eglise;weekday;0 days 06:17:00;0 days 19:52:00;20.0;3.0;5.0;2.0;2.0;3.0;5.0;0.0;0.0;0 days 13:35:00;13.583333333333334;1.4723926380368098
0080;4704;Laillé Eglise;weekend;0 days 07:22:00;0 days 20:22:00;20.0;0.0;3.0;2.0;3.0;6.0;5.0;1.0;0.0;0 days 13:00:00;13.0;1.5384615384615385
0080;4705;Laillé Eglise;weekday;0 days 07:08:00;0 days 21:09:00;18.0;0.0;4.0;2.0;2.0;4.0;4.0;2.0;0.0;0 days 14:01:00;14.016666666666667;1.2841854934601664
0080;4705;Laillé Eglise;weekend;0 days 08:09:00;0 days 21:08:00;20.0;0.0;2.0;2.0;2.0;6.0;6.0;2.0;0.0;0 days 12:59:00;12.983333333333333;1.540436456996149
0080;4706;Châtaigneraie;weekday;0 days 06:16:00;0 days 19:51:07;20.0;3.0;5.0;2.0;2.0;3.0;5.0;0.0;0.0;0 days 13:35:07;13.585277777777778;1.4721818962520703
0080;4706;Châtaigneraie;weekend;0 days 07:21:00;0 days 20:21:07;20.0;0.0;3.0;2.0;3.0;6.0;5.0;1.0;0.0;0 days 13:00:07;13.001944444444444;1.5382314611062449
0080;4707;Châtaigneraie;weekday;0 days 07:08:41;0 days 21:10:00;18.0;0.0;4.0;2.0;2.0;4.0;4.0;2.0;0.0;0 days 14:01:19;14.021944444444445;1.2837021335604903
0080;4707;Châtaigneraie;weekend;0 days 08:10:00;0 days 21:09:00;20.0;0.0;2.0;2.0;2.0;6.0;6.0;2.0;0.0;0 days 12:59:00;12.983333333333333;1.540436456996149
0080;4708;Gingouillère;weekday;0 days 06:15:00;0 days 21:11:00;33.0;3.0;6.0;4.0;2.0;7.0;9.0;2.0;0.0;0 days 14:56:00;14.933333333333334;2.2098214285714284
0080;4708;Gingouillère;weekend;0 days 07:20:00;0 days 21:10:00;40.0;0.0;5.0;4.0;5.0;12.0;11.0;3.0;0.0;0 days 13:50:00;13.833333333333334;2.891566265060241
0080;4721;Château d'Eau;weekday;0 days 06:23:00;0 days 19:58:00;20.0;2.0;6.0;2.0;2.0;3.0;5.0;0.0;0.0;0 days 13:35:00;13.583333333333334;1.4723926380368098
0080;4721;Château d'Eau;weekend;0 days 07:28:00;0 days 20:28:00;20.0;0.0;3.0;2.0;3.0;6.0;5.0;1.0;0.0;0 days 13:00:00;13.0;1.5384615384615385
0080;4722;Château d'Eau;weekday;0 days 07:02:00;0 days 21:03:00;18.0;0.0;4.0;2.0;2.0;4.0;4.0;2.0;0.0;0 days 14:01:00;14.016666666666667;1.2841854934601664
0080;4722;Château d'Eau;weekend;0 days 08:04:00;0 days 21:03:00;20.0;0.0;2.0;2.0;2.0;6.0;6.0;2.0;0.0;0 days 12:59:00;12.983333333333333;1.540436456996149
0080;4760;Gingouillère;weekday;0 days 07:47:00;0 days 13:22:00;5.0;0.0;3.0;0.0;2.0;0.0;0.0;0.0;0.0;0 days 05:35:00;5.583333333333333;0.8955223880597015
0081;3102;Pie Neuve;weekend;0 days 11:13:00;0 days 20:13:00;7.0;0.0;0.0;1.0;1.0;2.0;2.0;1.0;0.0;0 days 09:00:00;9.0;0.7777777777777778
0081;3103;Docteur Léon;weekend;0 days 11:13:43;0 days 20:14:00;7.0;0.0;0.0;1.0;1.0;2.0;2.0;1.0;0.0;0 days 09:00:17;9.004722222222222;0.777369898510041
0081;3104;Touche Milon;weekend;0 days 11:14:00;0 days 20:14:21;7.0;0.0;0.0;1.0;1.0;2.0;2.0;1.0;0.0;0 days 09:00:21;9.005833333333333;0.7772739890811511
0081;3105;Pinault;weekday;1 days 00:20:57;1 days 01:56:00;2.0;0.0;0.0;0.0;0.0;0.0;0.0;0.0;2.0;0 days 01:35:03;1.5841666666666667;1.2624934245134138
0081;3105;Pinault;weekend;0 days 11:50:58;1 days 01:56:00;4.5;0.0;0.0;1.0;1.0;2.0;2.0;1.0;2.0;0 days 14:05:02;14.08388888888889;0.31951402311545896
0081;3119;Pinault;weekend;0 days 11:14:58;0 days 20:15:00;7.0;0.0;0.0;1.0;1.0;2.0;2.0;1.0;0.0;0 days 09:00:02;9.000555555555556;0.7777297697672984
0081;3120;Touche Milon;weekday;1 days 00:21:36;1 days 01:57:00;2.0;0.0;0.0;0.0;0.0;0.0;0.0;0.0;2.0;0 days 01:35:24;1.59;1.2578616352201257
0081;3120;Touche Milon;weekend;0 days 11:51:38;1 days 01:57:00;4.5;0.0;0.0;1.0;1.0;2.0;2.0;1.0;2.0;0 days 14:05:22;14.089444444444444;0.3193880367493395
0081;3121;Docteur Léon;weekday;1 days 00:22:00;1 days 01:57:14;2.0;0.0;0.0;0.0;0.0;0.0;0.0;0.0;2.0;0 days 01:35:14;1.5872222222222223;1.2600630031501574
0081;3121;Docteur Léon;weekend;0 days 11:52:00;1 days 01:57:15;4.5;0.0;0.0;1.0;1.0;2.0;2.0;1.0;2.0;0 days 14:05:15;14.0875;0.31943212067435667
0081;3122;Pie Neuve;weekday;1 days 00:23:00;1 days 01:58:00;2.0;0.0;0.0;0.0;0.0;0.0;0.0;0.0;2.0;0 days 01:35:00;1.5833333333333333;1.2631578947368423
0081;3122;Pie Neuve;weekend;0 days 11:53:00;1 days 01:58:00;4.5;0.0;0.0;1.0;1.0;2.0;2.0;1.0;2.0;0 days 14:05:00;14.083333333333334;0.3195266272189349
0081;3134;Nominoë;weekend;0 days 11:17:00;0 days 20:17:00;7.0;0.0;0.0;1.0;1.0;2.0;2.0;1.0;0.0;0 days 09:00:00;9.0;0.7777777777777778
0081;3135;Nominoë;weekday;1 days 00:19:00;1 days 01:54:00;2.0;0.0;0.0;0.0;0.0;0.0;0.0;0.0;2.0;0 days 01:35:00;1.5833333333333333;1.2631578947368423
0081;3135;Nominoë;weekend;0 days 11:49:00;1 days 01:54:00;4.5;0.0;0.0;1.0;1.0;2.0;2.0;1.0;2.0;0 days 14:05:00;14.083333333333334;0.3195266272189349
0081;3710;Fouaye;weekday;1 days 00:25:00;1 days 02:00:00;2.0;0.0;0.0;0.0;0.0;0.0;0.0;0.0;2.0;0 days 01:35:00;1.5833333333333333;1.2631578947368423
0081;3710;Fouaye;weekend;1 days 00:25:00;1 days 02:00:00;2.0;0.0;0.0;0.0;0.0;0.0;0.0;0.0;2.0;0 days 01:35:00;1.5833333333333333;1.2631578947368423
0081;3711;Vigne;weekday;1 days 00:26:00;1 days 02:01:28;2.0;0.0;0.0;0.0;0.0;0.0;0.0;0.0;2.0;0 days 01:35:28;1.5911111111111111;1.2569832402234637
0081;3711;Vigne;weekend;1 days 00:26:00;1 days 02:01:28;2.0;0.0;0.0;0.0;0.0;0.0;0.0;0.0;2.0;0 days 01:35:28;1.5911111111111111;1.2569832402234637
0081;3712;Pont aux Moines;weekday;1 days 00:27:34;1 days 02:03:00;2.0;0.0;0.0;0.0;0.0;0.0;0.0;0.0;2.0;0 days 01:35:26;1.5905555555555555;1.2574222843171499
0081;3712;Pont aux Moines;weekend;1 days 00:27:34;1 days 02:03:00;2.0;0.0;0.0;0.0;0.0;0.0;0.0;0.0;2.0;0 days 01:35:26;1.5905555555555555;1.2574222843171499
0081;3714;Saint-Gilles Centre;weekday;1 days 00:28:33;1 days 02:04:00;2.0;0.0;0.0;0.0;0.0;0.0;0.0;0.0;2.0;0 days 01:35:27;1.5908333333333333;1.2572027239392352
0081;3714;Saint-Gilles Centre;weekend;1 days 00:28:32;1 days 02:04:00;2.0;0.0;0.0;0.0;0.0;0.0;0.0;0.0;2.0;0 days 01:35:28;1.5911111111111111;1.2569832402234637
0081;3723;Maison Neuve;weekday;1 days 00:30:00;1 days 02:05:00;2.0;0.0;0.0;0.0;0.0;0.0;0.0;0.0;2.0;0 days 01:35:00;1.5833333333333333;1.2631578947368423
0081;3723;Maison Neuve;weekend;1 days 00:30:00;1 days 02:05:00;2.0;0.0;0.0;0.0;0.0;0.0;0.0;0.0;2.0;0 days 01:35:00;1.5833333333333333;1.2631578947368423
0081;3724;Clos des Cerisiers;weekday;1 days 00:29:00;1 days 02:04:26;2.0;0.0;0.0;0.0;0.0;0.0;0.0;0.0;2.0;0 days 01:35:26;1.5905555555555555;1.2574222843171499
0081;3724;Clos des Cerisiers;weekend;1 days 00:29:00;1 days 02:04:25;2.0;0.0;0.0;0.0;0.0;0.0;0.0;0.0;2.0;0 days 01:35:25;1.5902777777777777;1.25764192139738
0081;3732;Ile des Bois;weekday;1 days 00:31:00;1 days 02:06:00;2.0;0.0;0.0;0.0;0.0;0.0;0.0;0.0;2.0;0 days 01:35:00;1.5833333333333333;1.2631578947368423
0081;3732;Ile des Bois;weekend;1 days 00:31:00;1 days 02:06:00;2.0;0.0;0.0;0.0;0.0;0.0;0.0;0.0;2.0;0 days 01:35:00;1.5833333333333333;1.2631578947368423
0081;4452;Croix Simon;weekday;0 days 06:49:00;0 days 20:33:00;25.0;1.0;8.0;2.0;1.0;3.0;8.0;2.0;0.0;0 days 13:44:00;13.733333333333333;1.8203883495145632
0081;4452;Croix Simon;weekend;0 days 07:04:00;0 days 20:39:00;10.0;0.0;3.0;1.5;1.5;2.0;2.5;1.0;0.0;0 days 13:35:00;13.583333333333334;0.7361963190184049
0081;4453;Clayes Centre;weekday;0 days 06:51:00;0 days 20:35:00;25.0;1.0;8.0;2.0;1.0;3.0;8.0;2.0;0.0;0 days 13:44:00;13.733333333333333;1.8203883495145632
0081;4453;Clayes Centre;weekend;0 days 07:06:00;0 days 20:41:00;10.0;0.0;3.0;1.5;1.5;2.0;2.5;1.0;0.0;0 days 13:35:00;13.583333333333334;0.7361963190184049
0081;4457;Clayes Centre;weekday;0 days 06:56:00;1 days 02:11:00;24.4;1.0;7.0;1.0;2.0;3.0;8.0;2.0;2.0;0 days 19:15:00;19.25;1.2675324675324675
0081;4457;Clayes Centre;weekend;0 days 07:46:00;1 days 02:11:00;11.0;0.0;3.0;1.0;2.0;2.5;2.0;1.5;2.0;0 days 18:25:00;18.416666666666668;0.5972850678733032
0081;4458;Croix Simon;weekday;0 days 06:58:00;1 days 02:13:00;24.4;1.0;7.0;1.0;2.0;3.0;8.0;2.0;2.0;0 days 19:15:00;19.25;1.2675324675324675
0081;4458;Croix Simon;weekend;0 days 07:48:00;1 days 02:13:00;11.0;0.0;2.0;2.0;2.0;2.5;2.0;1.5;2.0;0 days 18:25:00;18.416666666666668;0.5972850678733032
0081;4459;La Cour aux Pages;weekday;0 days 06:56:36;1 days 02:12:00;24.4;1.0;7.0;1.0;2.0;3.0;8.0;2.0;2.0;0 days 19:15:24;19.256666666666668;1.2670936472217413
0081;4459;La Cour aux Pages;weekend;0 days 07:46:36;1 days 02:12:00;11.0;0.0;2.5;1.5;2.0;2.5;2.0;1.5;2.0;0 days 18:25:24;18.423333333333332;0.5970689343224173
0081;4460;La Cour aux Pages;weekday;0 days 06:50:00;0 days 20:34:19;25.0;1.0;8.0;2.0;1.0;3.0;8.0;2.0;0.0;0 days 13:44:19;13.738611111111112;1.8196890353626234
0081;4460;La Cour aux Pages;weekend;0 days 07:05:00;0 days 20:40:17;10.0;0.0;3.0;1.5;1.5;2.0;2.5;1.0;0.0;0 days 13:35:17;13.588055555555556;0.7359404705930453
0081;4800;Bécherel Centre;weekday;0 days 21:50:00;0 days 21:50:00;1.0;0.0;0.0;0.0;0.0;0.0;0.0;1.0;0.0;0 days 00:00:00;0.0;inf
0081;4800;Bécherel Centre;weekend;0 days 21:31:00;0 days 21:52:00;1.0;0.0;0.0;0.0;0.0;0.0;0.0;1.0;0.0;0 days 00:21:00;0.35;2.857142857142857
0081;4802;Sévignière;weekday;0 days 21:49:00;0 days 21:49:19;1.0;0.0;0.0;0.0;0.0;0.0;0.0;1.0;0.0;0 days 00:00:19;0.005277777777777778;189.4736842105263
0081;4802;Sévignière;weekend;0 days 21:30:00;0 days 21:51:20;1.0;0.0;0.0;0.0;0.0;0.0;0.0;1.0;0.0;0 days 00:21:20;0.35555555555555557;2.8125
0081;4851;Chapelle-Chaussée;weekday;0 days 21:41:00;0 days 21:41:00;1.0;0.0;0.0;0.0;0.0;0.0;0.0;1.0;0.0;0 days 00:00:00;0.0;inf
0081;4851;Chapelle-Chaussée;weekend;0 days 21:22:00;0 days 21:43:00;1.0;0.0;0.0;0.0;0.0;0.0;0.0;1.0;0.0;0 days 00:21:00;0.35;2.857142857142857
0081;4900;Langan Bourg;weekday;0 days 21:35:00;0 days 21:35:00;1.0;0.0;0.0;0.0;0.0;0.0;0.0;1.0;0.0;0 days 00:00:00;0.0;inf
0081;4900;Langan Bourg;weekend;0 days 21:17:00;0 days 21:37:00;1.0;0.0;0.0;0.0;0.0;0.0;0.0;1.0;0.0;0 days 00:20:00;0.3333333333333333;3.0
0081;4950;Miniac Eglise;weekday;0 days 22:00:00;0 days 22:00:00;1.0;0.0;0.0;0.0;0.0;0.0;0.0;0.0;1.0;0 days 00:00:00;0.0;inf
0081;4950;Miniac Eglise;weekend;0 days 21:41:00;0 days 22:02:00;1.0;0.0;0.0;0.0;0.0;0.0;0.0;1.0;1.0;0 days 00:21:00;0.35;2.857142857142857
0081;6000;Romillé Collège;weekday;0 days 06:40:00;1 days 02:21:00;49.4;1.0;15.0;4.0;4.0;6.0;16.0;3.0;2.0;0 days 19:41:00;19.683333333333334;2.5097375105842503
0081;6000;Romillé Collège;weekend;0 days 06:55:00;1 days 02:22:00;21.0;1.0;4.0;2.5;4.0;4.5;4.5;2.0;2.0;0 days 19:27:00;19.45;1.0796915167095116
0081;6001;Frères Aubert;weekday;0 days 07:04:00;1 days 02:19:12;24.4;0.0;7.0;2.0;2.0;3.0;8.0;2.0;2.0;0 days 19:15:12;19.253333333333334;1.2673130193905817
0081;6001;Frères Aubert;weekend;0 days 07:55:00;1 days 02:20:11;11.0;0.0;2.0;2.0;2.0;2.5;2.0;1.5;2.0;0 days 18:25:11;18.419722222222223;0.5971859872419357
0081;6002;Frères Aubert;weekday;0 days 06:41:00;0 days 20:26:19;25.0;1.0;8.0;2.0;2.0;3.0;8.0;1.0;0.0;0 days 13:45:19;13.755277777777778;1.817484197984612
0081;6002;Frères Aubert;weekend;0 days 06:56:00;0 days 20:31:24;10.0;1.0;2.0;1.5;2.0;2.0;2.5;1.0;0.0;0 days 13:35:24;13.59;0.7358351729212657
0081;6003;Romillé Mairie;weekday;0 days 07:03:00;1 days 02:18:00;24.4;0.0;7.0;2.0;2.0;3.0;8.0;2.0;2.0;0 days 19:15:00;19.25;1.2675324675324675
0081;6003;Romillé Mairie;weekend;0 days 07:54:00;1 days 02:19:00;11.0;0.0;2.0;2.0;2.0;2.5;2.0;1.5;2.0;0 days 18:25:00;18.416666666666668;0.5972850678733032
0081;6004;Romillé Mairie;weekday;0 days 06:43:00;0 days 20:28:00;25.0;1.0;8.0;2.0;2.0;3.0;8.0;1.0;0.0;0 days 13:45:00;13.75;1.8181818181818181
0081;6004;Romillé Mairie;weekend;0 days 06:58:00;0 days 20:33:00;10.0;1.0;2.0;1.5;2.0;2.0;2.5;1.0;0.0;0 days 13:35:00;13.583333333333334;0.7361963190184049
0081;6005;Mettrie Templiers;weekday;0 days 07:02:00;1 days 02:17:00;24.4;0.0;7.0;2.0;2.0;3.0;8.0;2.0;2.0;0 days 19:15:00;19.25;1.2675324675324675
0081;6005;Mettrie Templiers;weekend;0 days 07:53:00;1 days 02:18:00;11.0;0.0;2.0;2.0;2.0;2.5;2.0;1.5;2.0;0 days 18:25:00;18.416666666666668;0.5972850678733032
0081;6006;Mettrie Templiers;weekday;0 days 06:44:00;0 days 20:29:00;25.0;1.0;8.0;2.0;1.0;4.0;8.0;1.0;0.0;0 days 13:45:00;13.75;1.8181818181818181
0081;6006;Mettrie Templiers;weekend;0 days 06:59:00;0 days 20:34:00;10.0;1.0;2.0;1.5;2.0;2.0;2.5;1.0;0.0;0 days 13:35:00;13.583333333333334;0.7361963190184049
0081;6023;La Houltais;weekday;0 days 21:29:00;0 days 21:29:07;1.0;0.0;0.0;0.0;0.0;0.0;0.0;1.0;0.0;0 days 00:00:07;0.0019444444444444444;514.2857142857143
0081;6023;La Houltais;weekend;0 days 21:10:00;0 days 21:31:02;1.0;0.0;0.0;0.0;0.0;0.0;0.0;1.0;0.0;0 days 00:21:02;0.35055555555555556;2.8526148969889062
0082;4800;Bécherel Centre;weekday;0 days 07:47:00;0 days 20:03:00;16.2;0.0;3.0;2.0;1.0;3.2;6.0;1.0;0.0;0 days 12:16:00;12.266666666666667;1.3206521739130432
0082;4800;Bécherel Centre;weekend;0 days 12:01:00;0 days 20:03:00;5.0;0.0;0.0;0.0;1.0;2.0;1.0;1.0;0.0;0 days 08:02:00;8.033333333333333;0.6224066390041494
0082;4801;Bécherel Centre;weekday;0 days 06:17:00;0 days 19:06:00;16.0;2.0;5.0;1.0;2.0;2.0;4.0;0.0;0.0;0 days 12:49:00;12.816666666666666;1.2483745123537062
0082;4801;Bécherel Centre;weekend;0 days 10:27:00;0 days 18:27:00;5.0;0.0;0.0;1.0;1.0;2.0;1.0;0.0;0.0;0 days 08:00:00;8.0;0.625
0082;4802;Sévignière;weekday;0 days 07:46:00;0 days 20:02:20;16.2;0.0;3.0;2.0;1.0;3.2;6.0;1.0;0.0;0 days 12:16:20;12.272222222222222;1.3200543232231778
0082;4802;Sévignière;weekend;0 days 12:00:00;0 days 20:02:20;5.0;0.0;0.0;0.0;1.5;1.5;1.5;1.0;0.0;0 days 08:02:20;8.03888888888889;0.6219765031098825
0082;4803;Sévignière;weekday;0 days 06:17:32;0 days 19:06:29;16.0;2.0;5.0;1.0;2.0;2.0;4.0;0.0;0.0;0 days 12:48:57;12.815833333333334;1.2484556863255087
0082;4803;Sévignière;weekend;0 days 10:27:00;0 days 18:28:00;5.0;0.0;0.0;1.0;1.0;2.0;1.0;0.0;0.0;0 days 08:01:00;8.016666666666667;0.6237006237006236
0082;4850;Chapelle-Chaussée;weekday;0 days 06:26:00;0 days 19:14:00;16.0;2.0;5.0;1.0;2.0;2.0;4.0;0.0;0.0;0 days 12:48:00;12.8;1.25
0082;4850;Chapelle-Chaussée;weekend;0 days 10:35:00;0 days 18:36:00;5.0;0.0;0.0;1.0;1.0;2.0;1.0;0.0;0.0;0 days 08:01:00;8.016666666666667;0.6237006237006236
0082;4851;Chapelle-Chaussée;weekday;0 days 07:38:00;0 days 19:54:00;16.2;0.0;3.0;2.0;1.2;4.0;6.0;0.0;0.0;0 days 12:16:00;12.266666666666667;1.3206521739130432
0082;4851;Chapelle-Chaussée;weekend;0 days 11:52:00;0 days 19:54:00;5.0;0.0;0.0;1.0;1.0;1.0;2.0;0.0;0.0;0 days 08:02:00;8.033333333333333;0.6224066390041494
0082;4900;Langan Bourg;weekday;0 days 07:32:00;0 days 19:48:00;16.2;0.0;3.0;2.0;1.2;4.0;6.0;0.0;0.0;0 days 12:16:00;12.266666666666667;1.3206521739130432
0082;4900;Langan Bourg;weekend;0 days 11:47:00;0 days 19:48:00;5.0;0.0;0.0;1.0;1.0;1.0;2.0;0.0;0.0;0 days 08:01:00;8.016666666666667;0.6237006237006236
0082;4901;Langan Bourg;weekday;0 days 06:32:00;0 days 19:19:00;17.0;1.0;7.0;1.0;2.0;2.0;4.0;0.0;0.0;0 days 12:47:00;12.783333333333333;1.3298565840938723
0082;4901;Langan Bourg;weekend;0 days 10:40:00;0 days 18:41:00;5.0;0.0;0.0;1.0;1.0;2.0;1.0;0.0;0.0;0 days 08:01:00;8.016666666666667;0.6237006237006236
0082;4950;Miniac Eglise;weekday;0 days 06:10:00;0 days 20:08:00;32.2;2.0;8.0;3.0;3.0;5.2;10.0;1.0;0.0;0 days 13:58:00;13.966666666666667;2.305489260143198
0082;4950;Miniac Eglise;weekend;0 days 10:20:00;0 days 20:09:00;10.0;0.0;0.0;1.0;2.0;4.0;2.0;1.0;0.0;0 days 09:49:00;9.816666666666666;1.0186757215619695
0082;6000;Romillé Collège;weekday;0 days 10:15:00;0 days 16:10:01;9.0;0.0;0.0;3.0;2.0;4.0;0.0;0.0;0.0;0 days 05:55:01;5.916944444444445;1.5210553495141073
0082;6003;Romillé Mairie;weekday;0 days 07:26:00;0 days 19:42:00;11.2;0.0;3.0;0.0;1.2;1.0;6.0;0.0;0.0;0 days 12:16:00;12.266666666666667;0.9130434782608694
0082;6003;Romillé Mairie;weekend;0 days 11:41:00;0 days 19:41:00;5.0;0.0;0.0;1.0;1.0;1.0;2.0;0.0;0.0;0 days 08:00:00;8.0;0.625
0082;6004;Romillé Mairie;weekday;0 days 06:39:00;0 days 19:26:00;13.0;1.0;7.0;0.0;1.0;0.0;4.0;0.0;0.0;0 days 12:47:00;12.783333333333333;1.0169491525423728
0082;6004;Romillé Mairie;weekend;0 days 10:46:00;0 days 18:48:00;5.0;0.0;0.0;1.0;1.0;2.0;1.0;0.0;0.0;0 days 08:02:00;8.033333333333333;0.6224066390041494
0082;6005;Mettrie Templiers;weekday;0 days 07:25:00;0 days 19:41:00;11.2;0.0;3.0;0.0;1.2;1.0;6.0;0.0;0.0;0 days 12:16:00;12.266666666666667;0.9130434782608694
0082;6005;Mettrie Templiers;weekend;0 days 11:40:00;0 days 19:40:00;5.0;0.0;0.0;1.0;1.0;1.0;2.0;0.0;0.0;0 days 08:00:00;8.0;0.625
0082;6006;Mettrie Templiers;weekday;0 days 06:40:00;0 days 19:27:00;13.0;1.0;7.0;0.0;1.0;0.0;4.0;0.0;0.0;0 days 12:47:00;12.783333333333333;1.0169491525423728
0082;6006;Mettrie Templiers;weekend;0 days 10:47:00;0 days 18:49:00;5.0;0.0;0.0;1.0;1.0;2.0;1.0;0.0;0.0;0 days 08:02:00;8.033333333333333;0.6224066390041494
0082;6023;La Houltais;weekday;0 days 07:26:53;0 days 19:43:00;16.2;0.0;3.0;2.0;2.2;3.0;6.0;0.0;0.0;0 days 12:16:07;12.268611111111111;1.320442864582154
0082;6023;La Houltais;weekend;0 days 11:41:53;0 days 19:42:01;5.0;0.0;0.0;1.0;1.0;1.0;2.0;0.0;0.0;0 days 08:00:08;8.002222222222223;0.6248264371008053
0082;6024;La Houltais;weekday;0 days 06:38:00;0 days 19:25:05;17.0;1.0;7.0;1.0;2.0;2.0;4.0;0.0;0.0;0 days 12:47:05;12.784722222222221;1.329712112982075
0082;6024;La Houltais;weekend;0 days 10:45:00;0 days 18:47:05;5.0;0.0;0.0;1.0;1.0;2.0;1.0;0.0;0.0;0 days 08:02:05;8.034722222222221;0.6222990492653414
0083;2002;Cesson Hôpital Privé;weekday;0 days 07:25:00;0 days 18:56:00;15.0;0.0;6.0;0.0;0.0;2.0;7.0;0.0;0.0;0 days 11:31:00;11.516666666666667;1.3024602026049203
0083;2003;Cesson Hôpital Privé;weekday;0 days 07:27:52;0 days 18:48:00;16.0;0.0;6.0;0.0;0.0;2.0;8.0;0.0;0.0;0 days 11:20:08;11.335555555555555;1.4114879435404823
0083;2101;Village Collectivités;weekday;0 days 07:16:00;0 days 18:48:00;15.0;0.0;6.0;0.0;0.0;2.0;7.0;0.0;0.0;0 days 11:32:00;11.533333333333333;1.300578034682081
0083;2138;Cesson - Viasilva;weekday;0 days 07:31:00;0 days 18:51:00;16.0;0.0;6.0;0.0;0.0;2.0;8.0;0.0;0.0;0 days 11:20:00;11.333333333333334;1.4117647058823528
0083;2139;Cesson - Viasilva;weekday;0 days 07:22:00;0 days 18:53:00;15.0;0.0;6.0;0.0;0.0;2.0;7.0;0.0;0.0;0 days 11:31:00;11.516666666666667;1.3024602026049203
0083;2154;Bouriande;weekday;0 days 07:32:42;0 days 18:52:25;16.0;0.0;6.0;0.0;0.0;2.0;8.0;0.0;0.0;0 days 11:19:43;11.328611111111112;1.4123531863766765
0083;2155;Bouriande;weekday;0 days 07:20:00;0 days 18:52:00;15.0;0.0;6.0;0.0;0.0;2.0;7.0;0.0;0.0;0 days 11:32:00;11.533333333333333;1.300578034682081
0083;3302;Thorigné Mairie;weekday;0 days 07:47:00;0 days 19:06:00;16.0;0.0;6.0;0.0;0.0;1.0;9.0;0.0;0.0;0 days 11:19:00;11.316666666666666;1.4138438880706923
0083;3304;Anne de Bretagne;weekday;0 days 07:46:00;0 days 19:05:10;16.0;0.0;6.0;0.0;0.0;1.0;9.0;0.0;0.0;0 days 11:19:10;11.319444444444445;1.4134969325153375
0083;3314;Anne de Bretagne;weekday;0 days 07:04:00;0 days 18:38:00;15.0;0.0;6.0;0.0;0.0;2.5;6.5;0.0;0.0;0 days 11:34:00;11.566666666666666;1.2968299711815563
0083;3315;Thorigné Mairie;weekday;0 days 07:03:00;0 days 18:37:00;15.0;0.0;6.0;0.0;0.0;3.0;6.0;0.0;0.0;0 days 11:34:00;11.566666666666666;1.2968299711815563
0083;3316;Village Collectivités;weekday;0 days 07:37:00;0 days 18:56:00;16.0;0.0;6.0;0.0;0.0;2.0;8.0;0.0;0.0;0 days 11:19:00;11.316666666666666;1.4138438880706923
0083;3319;Pâtis du Moulinet;weekday;0 days 07:11:00;0 days 18:44:00;15.0;0.0;6.0;0.0;0.0;2.0;7.0;0.0;0.0;0 days 11:33:00;11.55;1.2987012987012987
0083;3320;Pâtis du Moulinet;weekday;0 days 07:40:48;0 days 19:00:00;16.0;0.0;6.0;0.0;0.0;1.5;8.5;0.0;0.0;0 days 11:19:12;11.32;1.4134275618374559
0083;3322;Curien;weekday;0 days 07:08:44;0 days 18:42:00;15.0;0.0;6.0;0.0;0.0;2.0;7.0;0.0;0.0;0 days 11:33:16;11.554444444444444;1.2982017501682854
0083;3323;Curien;weekday;0 days 07:42:35;0 days 19:02:00;16.0;0.0;6.0;0.0;0.0;1.0;9.0;0.0;0.0;0 days 11:19:25;11.323611111111111;1.412976818349074
0083;3324;ZA Bellevue;weekday;0 days 07:00:00;0 days 19:09:00;31.0;0.0;12.0;0.0;0.0;4.0;15.0;0.0;0.0;0 days 12:09:00;12.15;2.551440329218107
0083;3325;Longrais;weekday;0 days 07:48:00;0 days 19:07:29;16.0;0.0;6.0;0.0;0.0;1.0;9.0;0.0;0.0;0 days 11:19:29;11.324722222222222;1.4128381858765238
0083;3326;Longrais;weekday;0 days 07:01:32;0 days 18:35:02;15.0;0.0;6.0;0.0;0.0;3.0;6.0;0.0;0.0;0 days 11:33:30;11.558333333333334;1.2977649603460706
0083;3327;Landelles;weekday;0 days 07:07:00;0 days 18:40:00;15.0;0.0;6.0;0.0;0.0;2.0;7.0;0.0;0.0;0 days 11:33:00;11.55;1.2987012987012987
0083;3328;Landelles;weekday;0 days 07:44:00;0 days 19:03:00;16.0;0.0;6.0;0.0;0.0;1.0;9.0;0.0;0.0;0 days 11:19:00;11.316666666666666;1.4138438880706923
0090;2331;Noë;weekday;0 days 07:32:00;0 days 08:58:28;2.0;0.0;2.0;0.0;0.0;0.0;0.0;0.0;0.0;0 days 01:26:28;1.441111111111111;1.3878180416345414
0090;2332;Epalet;weekday;0 days 17:03:55;0 days 18:04:00;2.0;0.0;0.0;0.0;0.0;0.0;2.0;0.0;0.0;0 days 01:00:05;1.0013888888888889;1.9972260748959778
0090;2334;Pasteur;weekday;0 days 17:08:59;0 days 18:09:00;2.0;0.0;0.0;0.0;0.0;0.0;2.0;0.0;0.0;0 days 01:00:01;1.0002777777777778;1.999444598722577
0090;2335;Bobinais;weekday;0 days 17:10:00;0 days 18:10:00;2.0;0.0;0.0;0.0;0.0;0.0;2.0;0.0;0.0;0 days 01:00:00;1.0;2.0
0090;2336;Champ Niguel;weekday;0 days 17:11:00;0 days 18:11:00;2.0;0.0;0.0;0.0;0.0;0.0;2.0;0.0;0.0;0 days 01:00:00;1.0;2.0
0090;2337;Lavoisier;weekday;0 days 17:12:00;0 days 18:11:00;2.0;0.0;0.0;0.0;0.0;0.0;2.0;0.0;0.0;0 days 00:59:00;0.9833333333333333;2.0338983050847457
0090;2338;Lavoisier;weekday;0 days 07:17:00;0 days 08:42:00;2.0;0.0;2.0;0.0;0.0;0.0;0.0;0.0;0.0;0 days 01:25:00;1.4166666666666667;1.4117647058823528
0090;2339;Champ Niguel;weekday;0 days 07:18:00;0 days 08:43:23;2.0;0.0;2.0;0.0;0.0;0.0;0.0;0.0;0.0;0 days 01:25:23;1.4230555555555555;1.4054265079055241
0090;2340;Bobinais;weekday;0 days 07:19:00;0 days 08:44:00;2.0;0.0;2.0;0.0;0.0;0.0;0.0;0.0;0.0;0 days 01:25:00;1.4166666666666667;1.4117647058823528
0090;2341;Pasteur;weekday;0 days 07:20:00;0 days 08:45:10;2.0;0.0;2.0;0.0;0.0;0.0;0.0;0.0;0.0;0 days 01:25:10;1.4194444444444445;1.4090019569471623
0090;2343;Epalet;weekday;0 days 07:25:45;0 days 08:51:00;2.0;0.0;2.0;0.0;0.0;0.0;0.0;0.0;0.0;0 days 01:25:15;1.4208333333333334;1.407624633431085
0090;2344;Noë;weekday;0 days 16:56:34;0 days 17:57:00;2.0;0.0;0.0;0.0;0.0;1.0;1.0;0.0;0.0;0 days 01:00:26;1.0072222222222222;1.9856591285162712
0090;2348;Victor Hugo;weekday;0 days 07:21:58;0 days 08:47:00;2.0;0.0;2.0;0.0;0.0;0.0;0.0;0.0;0.0;0 days 01:25:02;1.4172222222222222;1.4112112896903175
0090;2353;Victor Hugo;weekday;0 days 17:07:31;0 days 18:08:00;2.0;0.0;0.0;0.0;0.0;0.0;2.0;0.0;0.0;0 days 01:00:29;1.0080555555555555;1.9840176357123176
0090;2361;Bruz Centre;weekday;0 days 07:23:00;0 days 18:07:00;4.0;0.0;2.0;0.0;0.0;0.0;2.0;0.0;0.0;0 days 10:44:00;10.733333333333333;0.3726708074534162
0090;2368;DGA-MI;weekday;0 days 07:39:00;0 days 17:50:00;4.0;0.0;2.0;0.0;0.0;1.0;1.0;0.0;0.0;0 days 10:11:00;10.183333333333334;0.39279869067103107
0090;2372;Bruz Gare;weekday;0 days 07:30:00;0 days 17:59:00;4.0;0.0;2.0;0.0;0.0;1.0;1.0;0.0;0.0;0 days 10:29:00;10.483333333333333;0.3815580286168522
0090;2374;Châteliers;weekday;0 days 07:32:00;0 days 08:58:00;2.0;0.0;2.0;0.0;0.0;0.0;0.0;0.0;0.0;0 days 01:26:00;1.4333333333333333;1.3953488372093024
0090;2375;Châteliers;weekday;0 days 16:57:00;0 days 17:57:00;2.0;0.0;0.0;0.0;0.0;1.0;1.0;0.0;0.0;0 days 01:00:00;1.0;2.0
0090;2379;DGA-MI Nord;weekday;0 days 07:37:41;0 days 17:48:00;4.0;0.0;2.0;0.0;0.0;1.0;1.0;0.0;0.0;0 days 10:10:19;10.171944444444444;0.39323848275485407
0091;2303;Haut Launay;weekday;0 days 08:23:00;0 days 19:07:00;15.6;0.0;4.0;1.0;1.6;5.0;4.8;0.0;0.0;0 days 10:44:00;10.733333333333333;1.453416149068323
0091;2303;Haut Launay;weekend;0 days 14:39:59;0 days 19:00:00;6.0;0.0;0.0;0.0;0.0;4.0;2.0;0.0;0.0;0 days 04:20:01;4.333611111111111;1.384526632908147
0091;2304;Rabine;weekday;0 days 08:25:00;0 days 19:08:00;8.4;0.0;2.0;1.0;2.0;3.0;2.8;0.0;0.0;0 days 10:43:00;10.716666666666667;0.7838258164852255
0091;2304;Rabine;weekend;0 days 14:41:00;0 days 19:01:00;3.0;0.0;0.0;0.0;0.0;2.0;1.0;0.0;0.0;0 days 04:20:00;4.333333333333333;0.6923076923076924
0091;2305;Vert Buisson;weekday;0 days 07:17:00;0 days 18:13:00;9.2;0.0;4.0;0.0;1.2;2.0;2.0;0.0;0.0;0 days 10:56:00;10.933333333333334;0.8414634146341463
0091;2305;Vert Buisson;weekend;0 days 13:28:00;0 days 16:18:00;3.0;0.0;0.0;0.0;1.0;2.0;0.0;0.0;0.0;0 days 02:50:00;2.8333333333333335;1.0588235294117647
0091;2306;Cicé Blossac;weekday;0 days 07:14:00;0 days 19:13:00;17.6;0.0;6.0;0.0;1.8;5.0;4.8;0.0;0.0;0 days 11:59:00;11.983333333333333;1.4687065368567458
0091;2306;Cicé Blossac;weekend;0 days 13:25:00;0 days 19:05:00;6.0;0.0;0.0;0.0;1.0;4.0;1.0;0.0;0.0;0 days 05:40:00;5.666666666666667;1.0588235294117647
0091;2322;Vert Buisson;weekday;0 days 08:27:00;0 days 19:10:00;8.4;0.0;2.0;1.0;2.0;3.0;2.8;0.0;0.0;0 days 10:43:00;10.716666666666667;0.7838258164852255
0091;2322;Vert Buisson;weekend;0 days 14:43:00;0 days 19:03:00;3.0;0.0;0.0;0.0;0.0;2.0;1.0;0.0;0.0;0 days 04:20:00;4.333333333333333;0.6923076923076924
0091;2323;Rabine;weekday;0 days 07:20:00;0 days 18:15:00;9.2;0.0;4.0;0.0;1.2;2.0;2.0;0.0;0.0;0 days 10:55:00;10.916666666666666;0.8427480916030534
0091;2323;Rabine;weekend;0 days 13:30:00;0 days 16:20:00;3.0;0.0;0.0;0.0;1.0;2.0;0.0;0.0;0.0;0 days 02:50:00;2.8333333333333335;1.0588235294117647
0091;2324;Haut Launay;weekday;0 days 07:22:00;0 days 18:16:04;16.2;0.0;6.0;1.0;2.2;4.0;3.0;0.0;0.0;0 days 10:54:04;10.901111111111112;1.4860870451533992
0091;2324;Haut Launay;weekend;0 days 13:31:00;0 days 17:50:00;5.0;0.0;0.0;0.0;1.0;3.0;1.0;0.0;0.0;0 days 04:19:00;4.316666666666666;1.1583011583011584
0091;2326;Doublé;weekday;0 days 07:36:00;0 days 18:29:00;14.9;0.0;4.0;1.0;2.3;5.0;3.4;0.0;0.0;0 days 10:53:00;10.883333333333333;1.3690658499234305
0091;2326;Doublé;weekend;0 days 13:43:00;0 days 18:02:00;5.0;0.0;0.0;0.0;1.0;3.0;1.0;0.0;0.0;0 days 04:19:00;4.316666666666666;1.1583011583011584
0091;2327;Pont-Réan;weekday;0 days 07:51:00;0 days 17:46:00;7.0;0.0;2.0;1.0;1.0;2.0;1.0;0.0;0.0;0 days 09:55:00;9.916666666666666;0.7058823529411765
0091;2327;Pont-Réan;weekend;0 days 15:35:00;0 days 17:45:00;2.0;0.0;0.0;0.0;0.0;1.0;1.0;0.0;0.0;0 days 02:10:00;2.1666666666666665;0.9230769230769231
0091;2328;Doublé;weekday;0 days 08:05:00;0 days 18:55:00;15.1;0.0;4.5;1.0;1.4;5.0;4.0;0.0;0.0;0 days 10:50:00;10.833333333333334;1.3938461538461537
0091;2328;Doublé;weekend;0 days 14:28:00;0 days 18:48:00;6.0;0.0;0.0;0.0;0.0;4.0;2.0;0.0;0.0;0 days 04:20:00;4.333333333333333;1.3846153846153848
0091;2329;Croix Vaisserelle;weekday;0 days 08:54:00;0 days 18:33:00;7.2;0.0;1.0;1.0;1.2;2.0;2.0;0.0;0.0;0 days 09:39:00;9.65;0.7461139896373057
0091;2329;Croix Vaisserelle;weekend;0 days 15:24:00;0 days 17:34:00;3.0;0.0;0.0;0.0;0.0;2.0;1.0;0.0;0.0;0 days 02:10:00;2.1666666666666665;1.3846153846153848
0091;2330;Rabine;weekday;0 days 07:55:00;0 days 17:50:00;7.0;0.0;2.0;1.0;1.0;2.0;1.0;0.0;0.0;0 days 09:55:00;9.916666666666666;0.7058823529411765
0091;2330;Rabine;weekend;0 days 15:39:00;0 days 17:49:00;2.0;0.0;0.0;0.0;0.0;1.0;1.0;0.0;0.0;0 days 02:10:00;2.1666666666666665;0.9230769230769231
0091;2331;Noë;weekday;0 days 07:24:48;0 days 18:18:00;16.2;0.0;6.0;1.0;2.2;4.0;3.0;0.0;0.0;0 days 10:53:12;10.886666666666667;1.4880587875076545
0091;2331;Noë;weekend;0 days 13:32:38;0 days 17:52:00;5.0;0.0;0.0;0.0;1.0;3.0;1.0;0.0;0.0;0 days 04:19:22;4.322777777777778;1.1566636679090092
0091;2332;Epalet;weekday;0 days 07:26:00;0 days 18:19:28;16.2;0.0;6.0;1.0;2.2;4.0;3.0;0.0;0.0;0 days 10:53:28;10.891111111111112;1.4874515405019382
0091;2332;Epalet;weekend;0 days 13:33:58;0 days 17:53:00;5.0;0.0;0.0;0.0;1.0;3.0;1.0;0.0;0.0;0 days 04:19:02;4.317222222222222;1.1581521039763223
0091;2334;Pasteur;weekday;0 days 07:30:35;0 days 18:24:00;15.9;0.0;5.0;1.0;2.3;5.0;3.4;0.0;0.0;0 days 10:53:25;10.890277777777778;1.460017854865451
0091;2334;Pasteur;weekend;0 days 13:37:35;0 days 17:57:00;5.0;0.0;0.0;0.0;1.0;3.0;1.0;0.0;0.0;0 days 04:19:25;4.323611111111111;1.156440732412464
0091;2335;Bobinais;weekday;0 days 07:31:42;0 days 18:25:00;15.9;0.0;5.0;1.0;2.3;5.0;3.4;0.0;0.0;0 days 10:53:18;10.888333333333334;1.4602785856421245
0091;2335;Bobinais;weekend;0 days 13:38:42;0 days 17:58:00;5.0;0.0;0.0;0.0;1.0;3.0;1.0;0.0;0.0;0 days 04:19:18;4.321666666666666;1.1569610489780178
0091;2336;Champ Niguel;weekday;0 days 07:33:00;0 days 18:26:00;15.9;0.0;5.0;1.0;2.3;5.0;3.4;0.0;0.0;0 days 10:53:00;10.883333333333333;1.4609494640122513
0091;2336;Champ Niguel;weekend;0 days 13:40:00;0 days 17:59:00;5.0;0.0;0.0;0.0;1.0;3.0;1.0;0.0;0.0;0 days 04:19:00;4.316666666666666;1.1583011583011584
0091;2337;Lavoisier;weekday;0 days 07:34:00;0 days 18:27:00;15.9;0.0;5.0;1.0;2.3;5.0;3.4;0.0;0.0;0 days 10:53:00;10.883333333333333;1.4609494640122513
0091;2337;Lavoisier;weekend;0 days 13:41:00;0 days 18:00:00;5.0;0.0;0.0;0.0;1.0;3.0;1.0;0.0;0.0;0 days 04:19:00;4.316666666666666;1.1583011583011584
0091;2338;Lavoisier;weekday;0 days 08:07:00;0 days 18:57:00;16.1;0.0;4.5;1.0;1.6;5.0;4.8;0.0;0.0;0 days 10:50:00;10.833333333333334;1.4861538461538462
0091;2338;Lavoisier;weekend;0 days 14:30:00;0 days 18:50:00;6.0;0.0;0.0;0.0;0.0;4.0;2.0;0.0;0.0;0 days 04:20:00;4.333333333333333;1.3846153846153848
0091;2339;Champ Niguel;weekday;0 days 08:09:00;0 days 18:58:00;16.1;0.0;4.5;1.0;1.6;5.0;4.8;0.0;0.0;0 days 10:49:00;10.816666666666666;1.4884437596302005
0091;2339;Champ Niguel;weekend;0 days 14:31:00;0 days 18:51:00;6.0;0.0;0.0;0.0;0.0;4.0;2.0;0.0;0.0;0 days 04:20:00;4.333333333333333;1.3846153846153848
0091;2340;Bobinais;weekday;0 days 08:10:06;0 days 18:59:00;16.1;0.0;4.5;1.0;1.6;5.0;4.8;0.0;0.0;0 days 10:48:54;10.815;1.4886731391585764
0091;2340;Bobinais;weekend;0 days 14:31:53;0 days 18:52:00;6.0;0.0;0.0;0.0;0.0;4.0;2.0;0.0;0.0;0 days 04:20:07;4.335277777777778;1.3839943615044532
0091;2341;Pasteur;weekday;0 days 08:11:39;0 days 19:00:07;16.1;0.0;4.5;1.0;1.6;5.0;4.8;0.0;0.0;0 days 10:48:28;10.807777777777778;1.4896679346149893
0091;2341;Pasteur;weekend;0 days 14:33:00;0 days 18:53:07;6.0;0.0;0.0;0.0;0.0;4.0;2.0;0.0;0.0;0 days 04:20:07;4.335277777777778;1.3839943615044532
0091;2343;Epalet;weekday;0 days 08:19:34;0 days 19:04:03;15.6;0.0;4.0;1.0;1.6;5.0;4.8;0.0;0.0;0 days 10:44:29;10.741388888888888;1.4523261527321627
0091;2343;Epalet;weekend;0 days 14:37:00;0 days 18:57:03;6.0;0.0;0.0;0.0;0.0;4.0;2.0;0.0;0.0;0 days 04:20:03;4.3341666666666665;1.3843491636223804
0091;2344;Noë;weekday;0 days 08:21:00;0 days 19:05:22;15.6;0.0;4.0;1.0;1.6;5.0;4.8;0.0;0.0;0 days 10:44:22;10.739444444444445;1.4525891055817082
0091;2344;Noë;weekend;0 days 14:38:00;0 days 18:58:22;6.0;0.0;0.0;0.0;0.0;4.0;2.0;0.0;0.0;0 days 04:20:22;4.339444444444444;1.38266547177058
0091;2345;Rabine;weekday;0 days 08:51:00;0 days 18:30:00;7.2;0.0;2.0;0.0;1.2;2.0;2.0;0.0;0.0;0 days 09:39:00;9.65;0.7461139896373057
0091;2345;Rabine;weekend;0 days 15:21:00;0 days 17:31:00;3.0;0.0;0.0;0.0;0.0;2.0;1.0;0.0;0.0;0 days 02:10:00;2.1666666666666665;1.3846153846153848
0091;2346;Croix Vaisserelle;weekday;0 days 07:52:00;0 days 17:47:00;7.0;0.0;2.0;1.0;1.0;2.0;1.0;0.0;0.0;0 days 09:55:00;9.916666666666666;0.7058823529411765
0091;2346;Croix Vaisserelle;weekend;0 days 15:36:00;0 days 17:46:00;2.0;0.0;0.0;0.0;0.0;1.0;1.0;0.0;0.0;0 days 02:10:00;2.1666666666666665;0.9230769230769231
0091;2347;Pont-Réan;weekday;0 days 08:55:00;0 days 18:34:00;7.2;0.0;1.0;1.0;1.2;2.0;2.0;0.0;0.0;0 days 09:39:00;9.65;0.7461139896373057
0091;2347;Pont-Réan;weekend;0 days 15:25:00;0 days 17:35:00;3.0;0.0;0.0;0.0;0.0;2.0;1.0;0.0;0.0;0 days 02:10:00;2.1666666666666665;1.3846153846153848
0091;2348;Victor Hugo;weekday;0 days 08:14:00;0 days 19:02:00;16.1;0.0;4.5;1.0;1.6;5.0;4.8;0.0;0.0;0 days 10:48:00;10.8;1.4907407407407407
0091;2348;Victor Hugo;weekend;0 days 14:35:00;0 days 18:55:00;6.0;0.0;0.0;0.0;0.0;4.0;2.0;0.0;0.0;0 days 04:20:00;4.333333333333333;1.3846153846153848
0091;2350;Mare de la Salle;weekday;0 days 07:38:00;0 days 18:31:00;14.9;0.0;4.0;1.0;2.3;5.0;3.4;0.0;0.0;0 days 10:53:00;10.883333333333333;1.3690658499234305
0091;2350;Mare de la Salle;weekend;0 days 13:45:00;0 days 18:04:00;5.0;0.0;0.0;0.0;1.0;3.0;1.0;0.0;0.0;0 days 04:19:00;4.316666666666666;1.1583011583011584
0091;2351;Mare de la Salle;weekday;0 days 08:02:00;0 days 18:52:00;15.1;0.0;4.5;1.0;1.4;5.0;4.0;0.0;0.0;0 days 10:50:00;10.833333333333334;1.3938461538461537
0091;2351;Mare de la Salle;weekend;0 days 14:26:00;0 days 18:46:00;6.0;0.0;0.0;0.0;0.0;4.0;2.0;0.0;0.0;0 days 04:20:00;4.333333333333333;1.3846153846153848
0091;2353;Victor Hugo;weekday;0 days 07:29:00;0 days 18:22:00;17.9;0.0;6.0;1.2;2.3;5.0;3.4;0.0;0.0;0 days 10:53:00;10.883333333333333;1.6447166921898928
0091;2353;Victor Hugo;weekend;0 days 13:36:00;0 days 17:55:00;5.0;0.0;0.0;0.0;1.0;3.0;1.0;0.0;0.0;0 days 04:19:00;4.316666666666666;1.1583011583011584
0091;2374;Châteliers;weekday;0 days 07:24:00;0 days 18:17:00;16.2;0.0;6.0;1.0;2.2;4.0;3.0;0.0;0.0;0 days 10:53:00;10.883333333333333;1.4885145482388975
0091;2374;Châteliers;weekend;0 days 13:32:00;0 days 17:51:00;5.0;0.0;0.0;0.0;1.0;3.0;1.0;0.0;0.0;0 days 04:19:00;4.316666666666666;1.1583011583011584
0091;2375;Châteliers;weekday;0 days 08:22:00;0 days 19:06:00;15.6;0.0;4.0;1.0;1.6;5.0;4.8;0.0;0.0;0 days 10:44:00;10.733333333333333;1.453416149068323
0091;2375;Châteliers;weekend;0 days 14:39:00;0 days 18:59:00;6.0;0.0;0.0;0.0;0.0;4.0;2.0;0.0;0.0;0 days 04:20:00;4.333333333333333;1.3846153846153848
0091;2707;Potiers;weekday;0 days 07:54:00;0 days 18:45:00;14.5;0.0;4.0;0.0;2.5;4.0;4.0;0.0;0.0;0 days 10:51:00;10.85;1.336405529953917
0091;2707;Potiers;weekend;0 days 13:57:00;0 days 18:16:00;5.0;0.0;0.0;0.0;1.0;3.0;1.0;0.0;0.0;0 days 04:19:00;4.316666666666666;1.1583011583011584
0091;2708;Centre;weekday;0 days 07:56:00;0 days 18:47:00;14.5;0.0;4.0;0.0;2.5;4.0;4.0;0.0;0.0;0 days 10:51:00;10.85;1.336405529953917
0091;2708;Centre;weekend;0 days 13:59:00;0 days 18:18:00;5.0;0.0;0.0;0.0;1.0;3.0;1.0;0.0;0.0;0 days 04:19:00;4.316666666666666;1.1583011583011584
0091;2709;Louis Texier;weekday;0 days 07:57:00;0 days 18:48:00;14.5;0.0;4.0;0.0;2.5;4.0;4.0;0.0;0.0;0 days 10:51:00;10.85;1.336405529953917
0091;2709;Louis Texier;weekend;0 days 14:00:00;0 days 18:19:00;5.0;0.0;0.0;0.0;0.0;4.0;1.0;0.0;0.0;0 days 04:19:00;4.316666666666666;1.1583011583011584
0091;2710;Petite Saudrais;weekday;0 days 07:59:00;0 days 18:50:00;14.5;0.0;4.0;0.0;2.5;4.0;4.0;0.0;0.0;0 days 10:51:00;10.85;1.336405529953917
0091;2710;Petite Saudrais;weekend;0 days 14:01:00;0 days 18:20:00;5.0;0.0;0.0;0.0;0.0;4.0;1.0;0.0;0.0;0 days 04:19:00;4.316666666666666;1.1583011583011584
0091;2719;Petite Saudrais;weekday;0 days 07:40:00;0 days 18:35:00;14.6;0.0;4.0;1.0;2.4;5.0;3.0;0.0;0.0;0 days 10:55:00;10.916666666666666;1.3374045801526717
0091;2719;Petite Saudrais;weekend;0 days 14:10:00;0 days 18:30:00;6.0;0.0;0.0;0.0;0.0;4.0;2.0;0.0;0.0;0 days 04:20:00;4.333333333333333;1.3846153846153848
0091;2720;Louis Texier;weekday;0 days 07:39:01;0 days 18:36:00;15.1;0.0;4.5;1.0;2.4;5.0;3.0;0.0;0.0;0 days 10:56:59;10.949722222222222;1.3790304168040792
0091;2720;Louis Texier;weekend;0 days 14:11:00;0 days 18:31:00;6.0;0.0;0.0;0.0;0.0;4.0;2.0;0.0;0.0;0 days 04:20:00;4.333333333333333;1.3846153846153848
0091;2721;Centre;weekday;0 days 07:40:00;0 days 18:37:00;15.1;0.0;4.5;1.0;2.4;5.0;3.0;0.0;0.0;0 days 10:57:00;10.95;1.3789954337899544
0091;2721;Centre;weekend;0 days 14:12:00;0 days 18:32:00;6.0;0.0;0.0;0.0;0.0;4.0;2.0;0.0;0.0;0 days 04:20:00;4.333333333333333;1.3846153846153848
0091;2722;Potiers;weekday;0 days 07:42:00;0 days 18:39:00;15.1;0.0;4.5;1.0;2.4;5.0;3.0;0.0;0.0;0 days 10:57:00;10.95;1.3789954337899544
0091;2722;Potiers;weekend;0 days 14:14:00;0 days 18:34:00;6.0;0.0;0.0;0.0;0.0;4.0;2.0;0.0;0.0;0 days 04:20:00;4.333333333333333;1.3846153846153848
0091;2725;Guyomerais;weekday;0 days 07:52:46;0 days 18:44:00;14.5;0.0;4.0;0.0;2.5;4.0;4.0;0.0;0.0;0 days 10:51:14;10.85388888888889;1.3359267031785842
0091;2725;Guyomerais;weekend;0 days 13:55:46;0 days 18:15:00;5.0;0.0;0.0;0.0;1.0;3.0;1.0;0.0;0.0;0 days 04:19:14;4.320555555555556;1.1572585830011572
0091;2726;Guyomerais;weekday;0 days 07:43:05;0 days 18:40:05;15.1;0.0;4.5;1.0;1.4;5.0;4.0;0.0;0.0;0 days 10:57:00;10.95;1.3789954337899544
0091;2726;Guyomerais;weekend;0 days 14:15:00;0 days 18:35:05;6.0;0.0;0.0;0.0;0.0;4.0;2.0;0.0;0.0;0 days 04:20:05;4.334722222222222;1.3841717398269786
0091;2750;Monts Gaultier;weekday;0 days 07:44:00;0 days 18:41:00;15.1;0.0;4.5;1.0;1.4;5.0;4.0;0.0;0.0;0 days 10:57:00;10.95;1.3789954337899544
0091;2750;Monts Gaultier;weekend;0 days 14:16:00;0 days 18:36:00;6.0;0.0;0.0;0.0;0.0;4.0;2.0;0.0;0.0;0 days 04:20:00;4.333333333333333;1.3846153846153848
0091;2751;Monts Gaultier;weekday;0 days 07:52:00;0 days 18:43:00;14.5;0.0;4.0;0.0;2.5;4.0;4.0;0.0;0.0;0 days 10:51:00;10.85;1.336405529953917
0091;2751;Monts Gaultier;weekend;0 days 13:55:00;0 days 18:14:00;5.0;0.0;0.0;0.0;1.0;3.0;1.0;0.0;0.0;0 days 04:19:00;4.316666666666666;1.1583011583011584
0091;2903;Chaussairie;weekday;0 days 07:40:00;0 days 18:33:00;14.9;0.0;4.0;1.0;2.3;5.0;3.4;0.0;0.0;0 days 10:53:00;10.883333333333333;1.3690658499234305
0091;2903;Chaussairie;weekend;0 days 13:47:00;0 days 18:06:00;5.0;0.0;0.0;0.0;1.0;3.0;1.0;0.0;0.0;0 days 04:19:00;4.316666666666666;1.1583011583011584
0091;2904;Taillebois;weekday;0 days 07:41:34;0 days 18:34:15;14.9;0.0;4.0;1.0;2.3;5.0;3.4;0.0;0.0;0 days 10:52:41;10.878055555555555;1.3697300886085648
0091;2904;Taillebois;weekend;0 days 13:47:56;0 days 18:07:00;5.0;0.0;0.0;0.0;1.0;3.0;1.0;0.0;0.0;0 days 04:19:04;4.317777777777778;1.1580030880082348
0091;2908;Callouët;weekday;0 days 07:56:47;0 days 18:48:26;15.1;0.0;4.5;1.0;1.4;5.0;4.0;0.0;0.0;0 days 10:51:39;10.860833333333334;1.3903168878999461
0091;2908;Callouët;weekend;0 days 14:22:00;0 days 18:42:26;6.0;0.0;0.0;0.0;0.0;4.0;2.0;0.0;0.0;0 days 04:20:26;4.3405555555555555;1.3823115320619481
0091;2909;Taillebois;weekday;0 days 07:58:39;0 days 18:50:00;15.1;0.0;4.5;1.0;1.4;5.0;4.0;0.0;0.0;0 days 10:51:21;10.855833333333333;1.390957242649881
0091;2909;Taillebois;weekend;0 days 14:23:55;0 days 18:44:00;6.0;0.0;0.0;0.0;0.0;4.0;2.0;0.0;0.0;0 days 04:20:05;4.334722222222222;1.3841717398269786
0091;2915;Collège Pôle Sud;weekday;0 days 07:52:00;0 days 18:45:00;15.1;0.0;4.5;1.0;1.4;5.0;4.0;0.0;0.0;0 days 10:53:00;10.883333333333333;1.3874425727411945
0091;2915;Collège Pôle Sud;weekend;0 days 14:19:00;0 days 18:39:00;6.0;0.0;0.0;0.0;0.0;4.0;2.0;0.0;0.0;0 days 04:20:00;4.333333333333333;1.3846153846153848
0091;2916;Auditoire;weekday;0 days 07:53:32;0 days 18:46:01;15.1;0.0;4.5;1.0;1.4;5.0;4.0;0.0;0.0;0 days 10:52:29;10.874722222222223;1.3885412143349765
0091;2916;Auditoire;weekend;0 days 14:20:00;0 days 18:40:01;6.0;0.0;0.0;0.0;0.0;4.0;2.0;0.0;0.0;0 days 04:20:01;4.333611111111111;1.384526632908147
0091;2917;Chartres Centre;weekday;0 days 07:55:00;0 days 18:47:00;15.1;0.0;4.5;1.0;1.4;5.0;4.0;0.0;0.0;0 days 10:52:00;10.866666666666667;1.3895705521472392
0091;2917;Chartres Centre;weekend;0 days 14:21:00;0 days 18:41:00;6.0;0.0;0.0;0.0;0.0;4.0;2.0;0.0;0.0;0 days 04:20:00;4.333333333333333;1.3846153846153848
0091;2918;Callouët;weekday;0 days 07:43:56;0 days 18:36:09;14.9;0.0;4.0;1.0;2.3;5.0;3.4;0.0;0.0;0 days 10:52:13;10.870277777777778;1.3707101423351136
0091;2918;Callouët;weekend;0 days 13:49:00;0 days 18:08:21;5.0;0.0;0.0;0.0;1.0;3.0;1.0;0.0;0.0;0 days 04:19:21;4.3225;1.156737998843262
0091;2919;Chartres Centre;weekday;0 days 07:45:00;0 days 18:37:00;15.0;0.0;4.0;1.0;2.4;5.0;3.4;0.0;0.0;0 days 10:52:00;10.866666666666667;1.3803680981595092
0091;2919;Chartres Centre;weekend;0 days 13:50:00;0 days 18:09:00;5.0;0.0;0.0;0.0;1.0;3.0;1.0;0.0;0.0;0 days 04:19:00;4.316666666666666;1.1583011583011584
0091;2920;Auditoire;weekday;0 days 07:46:32;0 days 18:38:09;15.0;0.0;4.0;1.0;2.4;4.0;4.4;0.0;0.0;0 days 10:51:37;10.860277777777778;1.3811801416988516
0091;2920;Auditoire;weekend;0 days 13:51:00;0 days 18:10:09;5.0;0.0;0.0;0.0;1.0;3.0;1.0;0.0;0.0;0 days 04:19:09;4.319166666666667;1.1576307158016592
0091;2925;Chaussairie;weekday;0 days 08:00:00;0 days 18:51:00;15.1;0.0;4.5;1.0;1.4;5.0;4.0;0.0;0.0;0 days 10:51:00;10.85;1.391705069124424
0091;2925;Chaussairie;weekend;0 days 14:25:00;0 days 18:45:00;6.0;0.0;0.0;0.0;0.0;4.0;2.0;0.0;0.0;0 days 04:20:00;4.333333333333333;1.3846153846153848
0091;2926;Collège Pôle Sud;weekday;0 days 07:49:00;0 days 18:40:00;15.0;0.0;4.0;1.0;2.4;4.0;4.4;0.0;0.0;0 days 10:51:00;10.85;1.3824884792626728
0091;2926;Collège Pôle Sud;weekend;0 days 13:53:00;0 days 18:12:00;5.0;0.0;0.0;0.0;1.0;3.0;1.0;0.0;0.0;0 days 04:19:00;4.316666666666666;1.1583011583011584
0123;2206;Maltière;weekday;1 days 02:16:47;1 days 05:17:00;3.5;1.0;0.0;0.0;0.0;0.0;0.0;0.0;3.0;0 days 03:00:13;3.0036111111111112;1.1652640340331082
0123;2206;Maltière;weekend;1 days 02:16:47;1 days 06:17:00;5.0;2.0;0.0;0.0;0.0;0.0;0.0;0.0;3.0;0 days 04:00:13;4.003611111111111;1.248872545618539
0123;2207;Lilas;weekday;1 days 02:47:51;1 days 05:48:00;3.5;1.0;0.0;0.0;0.0;0.0;0.0;0.0;3.0;0 days 03:00:09;3.0025;1.1656952539550376
0123;2207;Lilas;weekend;1 days 02:47:51;1 days 06:48:00;5.0;2.0;0.0;0.0;0.0;0.0;0.0;0.0;3.0;0 days 04:00:09;4.0025;1.2492192379762648
0123;2210;Lilas;weekday;1 days 02:19:00;1 days 05:19:22;3.5;1.0;0.0;0.0;0.0;0.0;0.0;0.0;3.0;0 days 03:00:22;3.006111111111111;1.1642949547218628
0123;2210;Lilas;weekend;1 days 02:19:00;1 days 06:19:22;5.0;2.0;0.0;0.0;0.0;0.0;0.0;0.0;3.0;0 days 04:00:22;4.006111111111111;1.2480931909582582
0123;2211;Maltière;weekday;1 days 02:50:00;1 days 05:50:29;3.5;1.0;0.0;0.0;0.0;0.0;0.0;0.0;3.0;0 days 03:00:29;3.0080555555555555;1.1635423400129283
0123;2211;Maltière;weekend;1 days 02:50:00;1 days 06:50:29;5.0;2.0;0.0;0.0;0.0;0.0;0.0;0.0;3.0;0 days 04:00:29;4.008055555555556;1.2474876983851964
0123;2239;Haut Bois;weekday;1 days 02:14:00;1 days 05:14:00;3.5;1.0;0.0;0.0;0.0;0.0;0.0;0.0;3.0;0 days 03:00:00;3.0;1.1666666666666667
0123;2239;Haut Bois;weekend;1 days 02:14:00;1 days 06:14:00;5.0;2.0;0.0;0.0;0.0;0.0;0.0;0.0;3.0;0 days 04:00:00;4.0;1.25
0123;2240;St-Jacques Mairie;weekday;1 days 02:14:43;1 days 05:15:00;3.5;1.0;0.0;0.0;0.0;0.0;0.0;0.0;3.0;0 days 03:00:17;3.004722222222222;1.1648331330313395
0123;2240;St-Jacques Mairie;weekend;1 days 02:14:43;1 days 06:15:00;5.0;2.0;0.0;0.0;0.0;0.0;0.0;0.0;3.0;0 days 04:00:17;4.004722222222222;1.2485260456405634
0123;2241;St-Jacques Mairie;weekday;1 days 02:52:00;1 days 05:52:16;3.5;1.0;0.0;0.0;0.0;0.0;0.0;0.0;3.0;0 days 03:00:16;3.0044444444444443;1.164940828402367
0123;2241;St-Jacques Mairie;weekend;1 days 02:52:00;1 days 06:52:16;5.0;2.0;0.0;0.0;0.0;0.0;0.0;0.0;3.0;0 days 04:00:16;4.004444444444444;1.248612652608213
0123;2245;Haut Bois;weekday;1 days 02:53:00;1 days 05:53:00;3.5;1.0;0.0;0.0;0.0;0.0;0.0;0.0;3.0;0 days 03:00:00;3.0;1.1666666666666667
0123;2245;Haut Bois;weekend;1 days 02:53:00;1 days 06:53:00;5.0;2.0;0.0;0.0;0.0;0.0;0.0;0.0;3.0;0 days 04:00:00;4.0;1.25
0123;2278;Saint-Jacques - Gaîté;weekday;1 days 02:49:00;1 days 05:49:00;3.5;1.0;0.0;0.0;0.0;0.0;0.0;0.0;3.0;0 days 03:00:00;3.0;1.1666666666666667
0123;2278;Saint-Jacques - Gaîté;weekend;1 days 02:49:00;1 days 06:49:00;5.0;2.0;0.0;0.0;0.0;0.0;0.0;0.0;3.0;0 days 04:00:00;4.0;1.25
0123;2279;Saint-Jacques - Gaîté;weekday;1 days 02:18:00;1 days 05:18:00;3.5;1.0;0.0;0.0;0.0;0.0;0.0;0.0;3.0;0 days 03:00:00;3.0;1.1666666666666667
0123;2279;Saint-Jacques - Gaîté;weekend;1 days 02:18:00;1 days 06:18:00;5.0;2.0;0.0;0.0;0.0;0.0;0.0;0.0;3.0;0 days 04:00:00;4.0;1.25
0123;2286;La Courrouze;weekday;1 days 02:20:00;1 days 05:20:18;3.5;1.0;0.0;0.0;0.0;0.0;0.0;0.0;3.0;0 days 03:00:18;3.005;1.1647254575707155
0123;2286;La Courrouze;weekend;1 days 02:20:00;1 days 06:20:18;5.0;2.0;0.0;0.0;0.0;0.0;0.0;0.0;3.0;0 days 04:00:18;4.005;1.2484394506866416
0123;2287;La Courrouze;weekday;1 days 02:46:44;1 days 05:47:00;3.5;1.0;0.0;0.0;0.0;0.0;0.0;0.0;3.0;0 days 03:00:16;3.0044444444444443;1.164940828402367
0123;2287;La Courrouze;weekend;1 days 02:46:44;1 days 06:47:00;5.0;2.0;0.0;0.0;0.0;0.0;0.0;0.0;3.0;0 days 04:00:16;4.004444444444444;1.248612652608213
0123;2309;Ker Lann;weekday;1 days 03:02:00;1 days 06:02:00;4.75;1.75;0.0;0.0;0.0;0.0;0.0;0.0;3.0;0 days 03:00:00;3.0;1.5833333333333333
0123;2309;Ker Lann;weekend;1 days 03:02:00;1 days 07:02:00;7.0;3.0;1.0;0.0;0.0;0.0;0.0;0.0;3.0;0 days 04:00:00;4.0;1.75
0123;2311;Coeur de Campus;weekday;1 days 02:06:00;1 days 05:06:13;3.5;1.0;0.0;0.0;0.0;0.0;0.0;0.0;3.0;0 days 03:00:13;3.0036111111111112;1.1652640340331082
0123;2311;Coeur de Campus;weekend;1 days 02:06:00;1 days 06:06:13;5.0;2.0;0.0;0.0;0.0;0.0;0.0;0.0;3.0;0 days 04:00:13;4.003611111111111;1.248872545618539
0123;2312;Etangs;weekday;1 days 02:06:58;1 days 05:07:00;3.5;1.0;0.0;0.0;0.0;0.0;0.0;0.0;3.0;0 days 03:00:02;3.0005555555555556;1.1664506572856879
0123;2312;Etangs;weekend;1 days 02:06:58;1 days 06:07:00;5.0;2.0;0.0;0.0;0.0;0.0;0.0;0.0;3.0;0 days 04:00:02;4.000555555555556;1.2498264129981946
0123;2313;Lande du Pont;weekday;1 days 02:08:00;1 days 05:08:00;3.5;1.0;0.0;0.0;0.0;0.0;0.0;0.0;3.0;0 days 03:00:00;3.0;1.1666666666666667
0123;2313;Lande du Pont;weekend;1 days 02:08:00;1 days 06:08:00;5.0;2.0;0.0;0.0;0.0;0.0;0.0;0.0;3.0;0 days 04:00:00;4.0;1.25
0123;2315;Lande du Pont;weekday;1 days 02:59:00;1 days 05:59:00;3.5;1.0;0.0;0.0;0.0;0.0;0.0;0.0;3.0;0 days 03:00:00;3.0;1.1666666666666667
0123;2315;Lande du Pont;weekend;1 days 02:59:00;1 days 06:59:00;5.0;2.0;0.0;0.0;0.0;0.0;0.0;0.0;3.0;0 days 04:00:00;4.0;1.25
0123;2316;Etangs;weekday;1 days 02:59:55;1 days 06:00:00;3.5;1.3333333333333333;0.0;0.0;0.0;0.0;0.0;0.0;2.5;0 days 03:00:05;3.001388888888889;1.1661267931513188
0123;2316;Etangs;weekend;1 days 02:59:55;1 days 07:00:00;5.0;2.0;1.0;0.0;0.0;0.0;0.0;0.0;2.5;0 days 04:00:05;4.001388888888889;1.249566122874002
0123;2317;Coeur de Campus;weekday;1 days 03:00:37;1 days 06:01:00;3.5;1.5;0.0;0.0;0.0;0.0;0.0;0.0;2.0;0 days 03:00:23;3.006388888888889;1.1641873787304813
0123;2317;Coeur de Campus;weekend;1 days 03:00:37;1 days 07:01:00;5.0;2.0;1.0;0.0;0.0;0.0;0.0;0.0;2.0;0 days 04:00:23;4.006388888888889;1.2480066560354988
0123;2319;Ker Lann;weekday;1 days 02:05:00;1 days 05:05:01;4.75;1.5;0.0;0.0;0.0;0.0;0.0;0.0;4.0;0 days 03:00:01;3.000277777777778;1.5831867419683363
0123;2319;Ker Lann;weekend;1 days 02:05:00;1 days 06:05:01;7.0;3.0;0.0;0.0;0.0;0.0;0.0;0.0;4.0;0 days 04:00:01;4.000277777777778;1.7498784806610652
0124;2045;Atalante;weekday;1 days 01:30:00;1 days 05:38:00;21.0;3.0;0.0;0.0;0.0;0.0;0.0;0.0;18.0;0 days 04:08:00;4.133333333333334;5.080645161290322
0124;2045;Atalante;weekend;1 days 01:30:00;1 days 07:58:00;24.0;8.0;3.0;0.0;0.0;0.0;0.0;0.0;13.0;0 days 06:28:00;6.466666666666667;3.711340206185567
0124;2046;Atalante;weekday;1 days 02:01:00;1 days 05:35:00;10.5;2.0;0.0;0.0;0.0;0.0;0.0;0.0;8.5;0 days 03:34:00;3.566666666666667;2.9439252336448596
0124;2046;Atalante;weekend;1 days 02:01:00;1 days 07:55:00;12.0;4.0;2.0;0.0;0.0;0.0;0.0;0.0;6.0;0 days 05:54:00;5.9;2.0338983050847457
0124;2047;Belle Fontaine;weekday;1 days 02:02:00;1 days 05:36:00;10.5;2.0;0.0;0.0;0.0;0.0;0.0;0.0;8.5;0 days 03:34:00;3.566666666666667;2.9439252336448596
0124;2047;Belle Fontaine;weekend;1 days 02:02:00;1 days 07:56:00;12.0;4.0;2.0;0.0;0.0;0.0;0.0;0.0;6.0;0 days 05:54:00;5.9;2.0338983050847457
0152;3705;Saint-Gilles Centre;weekday;0 days 07:09:00;0 days 08:05:00;3.0;0.0;3.0;0.0;0.0;0.0;0.0;0.0;0.0;0 days 00:56:00;0.9333333333333333;3.2142857142857144
0152;3707;Pont aux Moines;weekday;0 days 07:10:37;0 days 08:07:00;3.0;0.0;3.0;0.0;0.0;0.0;0.0;0.0;0.0;0 days 00:56:23;0.9397222222222222;3.19243275199527
0152;3708;Vigne;weekday;0 days 07:12:00;0 days 08:08:00;3.0;0.0;3.0;0.0;0.0;0.0;0.0;0.0;0.0;0 days 00:56:00;0.9333333333333333;3.2142857142857144
0152;3711;Vigne;weekday;0 days 16:46:00;0 days 18:25:00;3.0;0.0;0.0;0.0;0.0;1.0;2.0;0.0;0.0;0 days 01:39:00;1.65;1.8181818181818183
0152;3712;Pont aux Moines;weekday;0 days 16:48:00;0 days 18:27:07;3.0;0.0;0.0;0.0;0.0;1.0;2.0;0.0;0.0;0 days 01:39:07;1.6519444444444444;1.8160417016983352
0152;3714;Saint-Gilles Centre;weekday;0 days 16:50:00;0 days 18:29:00;3.0;0.0;0.0;0.0;0.0;1.0;2.0;0.0;0.0;0 days 01:39:00;1.65;1.8181818181818183
0152;3715;Clos des Cerisiers;weekday;0 days 07:07:48;0 days 08:03:13;3.0;0.0;3.0;0.0;0.0;0.0;0.0;0.0;0.0;0 days 00:55:25;0.9236111111111112;3.2481203007518795
0152;3717;Maison Neuve;weekday;0 days 07:07:00;0 days 08:02:00;3.0;0.0;3.0;0.0;0.0;0.0;0.0;0.0;0.0;0 days 00:55:00;0.9166666666666666;3.272727272727273
0152;3723;Maison Neuve;weekday;0 days 16:52:00;0 days 18:31:00;3.0;0.0;0.0;0.0;0.0;1.0;2.0;0.0;0.0;0 days 01:39:00;1.65;1.8181818181818183
0152;3724;Clos des Cerisiers;weekday;0 days 16:51:00;0 days 18:30:12;3.0;0.0;0.0;0.0;0.0;1.0;2.0;0.0;0.0;0 days 01:39:12;1.6533333333333333;1.814516129032258
0152;3732;Ile des Bois;weekday;0 days 07:05:00;0 days 18:34:00;6.0;0.0;3.0;0.0;0.0;1.0;2.0;0.0;0.0;0 days 11:29:00;11.483333333333333;0.5224963715529753
0153;3756;Lion d'Or;weekday;0 days 07:06:00;0 days 08:53:00;6.0;0.0;6.0;0.0;0.0;0.0;0.0;0.0;0.0;0 days 01:47:00;1.7833333333333334;3.364485981308411
0153;3757;Vezin Centre;weekday;0 days 07:06:43;0 days 08:54:00;6.0;0.0;6.0;0.0;0.0;0.0;0.0;0.0;0.0;0 days 01:47:17;1.7880555555555555;3.3556004349852415
0153;3758;Tertre;weekday;0 days 07:09:00;0 days 08:56:00;6.0;0.0;6.0;0.0;0.0;0.0;0.0;0.0;0.0;0 days 01:47:00;1.7833333333333334;3.364485981308411
0153;3761;Tertre;weekday;0 days 17:01:00;0 days 19:00:00;7.0;0.0;0.0;0.0;0.0;0.0;7.0;0.0;0.0;0 days 01:59:00;1.9833333333333334;3.5294117647058822
0153;3762;Vezin Centre;weekday;0 days 17:02:59;0 days 19:02:00;7.0;0.0;0.0;0.0;0.0;0.0;7.0;0.0;0.0;0 days 01:59:01;1.9836111111111112;3.5289175185548243
0153;3763;Lion d'Or;weekday;0 days 17:04:00;0 days 19:03:00;7.0;0.0;0.0;0.0;0.0;0.0;7.0;0.0;0.0;0 days 01:59:00;1.9833333333333334;3.5294117647058822
0153;3770;Champs Bleus;weekday;0 days 07:07:55;0 days 08:55:00;6.0;0.0;6.0;0.0;0.0;0.0;0.0;0.0;0.0;0 days 01:47:05;1.7847222222222223;3.3618677042801552
0153;3771;Champs Bleus;weekday;0 days 17:02:00;0 days 19:01:05;7.0;0.0;0.0;0.0;0.0;0.0;7.0;0.0;0.0;0 days 01:59:05;1.9847222222222223;3.5269419174247725
0153;4252;Rochers;weekday;0 days 06:52:00;0 days 07:37:00;3.0;1.0;2.0;0.0;0.0;0.0;0.0;0.0;0.0;0 days 00:45:00;0.75;4.0
0153;4257;Rochers;weekday;0 days 17:57:00;0 days 18:58:00;3.0;0.0;0.0;0.0;0.0;0.0;3.0;0.0;0.0;0 days 01:01:00;1.0166666666666666;2.9508196721311477
0153;4264;Place de la Mairie;weekday;0 days 06:50:38;0 days 07:36:00;3.0;1.0;2.0;0.0;0.0;0.0;0.0;0.0;0.0;0 days 00:45:22;0.7561111111111111;3.9676708302718593
0153;4267;Ville aux Archers;weekday;0 days 06:50:00;0 days 19:00:00;6.0;1.0;2.0;0.0;0.0;0.0;3.0;0.0;0.0;0 days 12:10:00;12.166666666666666;0.4931506849315069
0153;4269;Place de la Mairie;weekday;0 days 17:58:00;0 days 18:59:08;3.0;0.0;0.0;0.0;0.0;0.0;3.0;0.0;0.0;0 days 01:01:08;1.018888888888889;2.9443838604143946
0153;4304;L'Hermitage Centre;weekday;0 days 17:11:00;0 days 19:10:00;7.0;0.0;0.0;0.0;0.0;0.0;7.0;0.0;0.0;0 days 01:59:00;1.9833333333333334;3.5294117647058822
0153;4305;Village;weekday;0 days 06:59:00;0 days 08:46:16;6.0;1.0;5.0;0.0;0.0;0.0;0.0;0.0;0.0;0 days 01:47:16;1.7877777777777777;3.356121814791796
0153;4306;Clairefontaine;weekday;0 days 07:01:00;0 days 08:48:00;6.0;0.0;6.0;0.0;0.0;0.0;0.0;0.0;0.0;0 days 01:47:00;1.7833333333333334;3.364485981308411
0153;4307;Clairefontaine;weekday;0 days 17:09:00;0 days 19:08:00;7.0;0.0;0.0;0.0;0.0;0.0;7.0;0.0;0.0;0 days 01:59:00;1.9833333333333334;3.5294117647058822
0153;4308;Village;weekday;0 days 17:10:00;0 days 19:09:18;7.0;0.0;0.0;0.0;0.0;0.0;7.0;0.0;0.0;0 days 01:59:18;1.9883333333333333;3.520536462699078
0153;4322;L'Hermitage Centre;weekday;0 days 06:58:00;0 days 08:45:00;6.0;1.0;5.0;0.0;0.0;0.0;0.0;0.0;0.0;0 days 01:47:00;1.7833333333333334;3.364485981308411
0154;2502;Lycée Monod;weekday;0 days 07:00:00;0 days 08:40:00;6.0;0.0;6.0;0.0;0.0;0.0;0.0;0.0;0.0;0 days 01:40:00;1.6666666666666667;3.5999999999999996
0154;2505;Bouleaux;weekday;0 days 07:06:00;0 days 08:46:18;6.0;0.0;6.0;0.0;0.0;0.0;0.0;0.0;0.0;0 days 01:40:18;1.6716666666666666;3.589232303090728
0154;2506;Genêts;weekday;0 days 07:08:00;0 days 08:48:00;6.0;0.0;6.0;0.0;0.0;0.0;0.0;0.0;0.0;0 days 01:40:00;1.6666666666666667;3.5999999999999996
0154;2515;Genêts;weekday;0 days 16:41:00;0 days 19:30:00;9.0;0.0;0.0;0.0;0.0;1.0;8.0;0.0;0.0;0 days 02:49:00;2.816666666666667;3.195266272189349
0154;2516;Bouleaux;weekday;0 days 16:42:53;0 days 19:32:00;9.0;0.0;0.0;0.0;0.0;1.0;8.0;0.0;0.0;0 days 02:49:07;2.818611111111111;3.193061988765152
0154;2519;Lycée Monod;weekday;0 days 16:49:00;0 days 19:37:00;9.0;0.0;0.0;0.0;0.0;1.0;8.0;0.0;0.0;0 days 02:48:00;2.8;3.2142857142857144
0154;2543;Platanes;weekday;0 days 16:44:00;0 days 19:33:00;9.0;0.0;0.0;0.0;0.0;1.0;8.0;0.0;0.0;0 days 02:49:00;2.816666666666667;3.195266272189349
0154;2544;Trémelière;weekday;0 days 16:45:47;0 days 19:34:11;9.0;0.0;0.0;0.0;0.0;1.0;8.0;0.0;0.0;0 days 02:48:24;2.8066666666666666;3.2066508313539193
0154;2545;Trémelière;weekday;0 days 07:03:00;0 days 08:43:22;6.0;0.0;6.0;0.0;0.0;0.0;0.0;0.0;0.0;0 days 01:40:22;1.6727777777777777;3.586848223181667
0154;2546;Platanes;weekday;0 days 07:04:46;0 days 08:45:00;6.0;0.0;6.0;0.0;0.0;0.0;0.0;0.0;0.0;0 days 01:40:14;1.6705555555555556;3.5916195543731293
0154;2547;Clos Joury;weekday;0 days 16:47:00;0 days 19:35:27;9.0;0.0;0.0;0.0;0.0;1.0;8.0;0.0;0.0;0 days 02:48:27;2.8075;3.205699020480855
0154;2548;Clos Joury;weekday;0 days 07:01:47;0 days 08:42:00;6.0;0.0;6.0;0.0;0.0;0.0;0.0;0.0;0.0;0 days 01:40:13;1.6702777777777778;3.592216863462498
0154;4653;Saint-Melaine;weekday;0 days 06:53:00;0 days 08:33:00;6.0;1.0;5.0;0.0;0.0;0.0;0.0;0.0;0.0;0 days 01:40:00;1.6666666666666667;3.5999999999999996
0154;4654;Saint-Melaine;weekday;0 days 16:55:00;0 days 19:42:00;9.0;0.0;0.0;0.0;0.0;1.0;8.0;0.0;0.0;0 days 02:47:00;2.783333333333333;3.2335329341317367
0154;4670;Chêne Vert;weekday;0 days 16:56:00;0 days 19:43:00;9.0;0.0;0.0;0.0;0.0;1.0;8.0;0.0;0.0;0 days 02:47:00;2.783333333333333;3.2335329341317367
0154;4671;Clos de la Vallée;weekday;0 days 06:50:00;0 days 19:44:00;15.0;1.0;5.0;0.0;0.0;1.0;8.0;0.0;0.0;0 days 12:54:00;12.9;1.1627906976744187
0154;4672;Chêne Vert;weekday;0 days 06:51:39;0 days 08:32:00;6.0;1.0;5.0;0.0;0.0;0.0;0.0;0.0;0.0;0 days 01:40:21;1.6725;3.5874439461883405
0155;3851;Mordelles Pâtis;weekday;0 days 07:00:00;0 days 19:45:00;13.0;0.0;6.0;0.0;0.0;0.0;7.0;0.0;0.0;0 days 12:45:00;12.75;1.0196078431372548
0155;3852;Mordelles Eglise;weekday;0 days 07:02:00;0 days 08:32:09;6.0;0.0;6.0;0.0;0.0;0.0;0.0;0.0;0.0;0 days 01:30:09;1.5025;3.9933444259567388
0155;3853;Mordelles Mairie;weekday;0 days 07:03:00;0 days 08:33:17;6.0;0.0;6.0;0.0;0.0;0.0;0.0;0.0;0.0;0 days 01:30:17;1.5047222222222223;3.987446926342994
0155;3854;Mordelles Lilas;weekday;0 days 07:04:37;0 days 08:35:00;6.0;0.0;6.0;0.0;0.0;0.0;0.0;0.0;0.0;0 days 01:30:23;1.506388888888889;3.9830352203577353
0155;3855;Gretay;weekday;0 days 07:06:00;0 days 08:36:00;6.0;0.0;6.0;0.0;0.0;0.0;0.0;0.0;0.0;0 days 01:30:00;1.5;4.0
0155;3862;Gretay;weekday;0 days 17:20:00;0 days 19:40:00;8.0;0.0;0.0;0.0;0.0;0.0;8.0;0.0;0.0;0 days 02:20:00;2.3333333333333335;3.4285714285714284
0155;3863;Mordelles Lilas;weekday;0 days 17:21:00;0 days 19:41:06;8.0;0.0;0.0;0.0;0.0;0.0;8.0;0.0;0.0;0 days 02:20:06;2.335;3.4261241970021414
0155;3864;Mordelles Mairie;weekday;0 days 17:22:37;0 days 19:42:11;8.0;0.0;0.0;0.0;0.0;0.0;8.0;0.0;0.0;0 days 02:19:34;2.326111111111111;3.4392166228803442
0155;3865;Mordelles Eglise;weekday;0 days 17:23:44;0 days 19:43:07;8.0;0.0;0.0;0.0;0.0;0.0;8.0;0.0;0.0;0 days 02:19:23;2.3230555555555554;3.443740284586871
0155;3869;Mordelles Pâtis;weekday;0 days 18:43:00;0 days 18:43:00;1.0;0.0;0.0;0.0;0.0;0.0;1.0;0.0;0.0;0 days 00:00:00;0.0;inf
0155;4401;Le Verger Eglise;weekday;0 days 06:55:00;0 days 06:55:00;1.0;1.0;0.0;0.0;0.0;0.0;0.0;0.0;0.0;0 days 00:00:00;0.0;inf
0155;4402;Bouvrais;weekday;0 days 06:56:00;0 days 06:56:00;1.0;1.0;0.0;0.0;0.0;0.0;0.0;0.0;0.0;0 days 00:00:00;0.0;inf
0155;4403;Bouvrais;weekday;0 days 18:52:00;0 days 18:52:00;1.0;0.0;0.0;0.0;0.0;0.0;1.0;0.0;0.0;0 days 00:00:00;0.0;inf
0155;4408;Le Verger Eglise;weekday;0 days 18:53:00;0 days 18:53:00;1.0;0.0;0.0;0.0;0.0;0.0;1.0;0.0;0.0;0 days 00:00:00;0.0;inf
0156;2208;Commeurec;weekday;0 days 16:38:00;0 days 18:43:00;5.0;0.0;0.0;0.0;0.0;1.0;4.0;0.0;0.0;0 days 02:05:00;2.0833333333333335;2.4
0156;2209;Commeurec;weekday;0 days 07:16:00;0 days 08:57:00;4.0;0.0;4.0;0.0;0.0;0.0;0.0;0.0;0.0;0 days 01:41:00;1.6833333333333333;2.376237623762376
0156;2278;Saint-Jacques - Gaîté;weekday;0 days 16:43:00;0 days 18:46:00;5.0;0.0;0.0;0.0;0.0;1.0;4.0;0.0;0.0;0 days 02:03:00;2.05;2.439024390243903
0156;2279;Saint-Jacques - Gaîté;weekday;0 days 07:13:00;0 days 08:54:00;4.0;0.0;4.0;0.0;0.0;0.0;0.0;0.0;0.0;0 days 01:41:00;1.6833333333333333;2.376237623762376
0156;4201;Croix Blanche;weekday;0 days 06:50:00;0 days 19:07:00;9.0;1.0;3.0;0.0;0.0;0.0;5.0;0.0;0.0;0 days 12:17:00;12.283333333333333;0.7327001356852103
0156;4202;Calvaire;weekday;0 days 06:52:38;0 days 08:28:00;4.0;1.0;3.0;0.0;0.0;0.0;0.0;0.0;0.0;0 days 01:35:22;1.5894444444444444;2.516602586508214
0156;4203;Alfred de Musset;weekday;0 days 17:01:47;0 days 19:04:00;5.0;0.0;0.0;0.0;0.0;0.0;5.0;0.0;0.0;0 days 02:02:13;2.0369444444444444;2.4546570298649937
0156;4204;Avenir;weekday;0 days 06:56:00;0 days 08:31:00;4.0;1.0;3.0;0.0;0.0;0.0;0.0;0.0;0.0;0 days 01:35:00;1.5833333333333333;2.5263157894736845
0156;4209;Avenir;weekday;0 days 17:00:00;0 days 19:02:00;5.0;0.0;0.0;0.0;0.0;0.0;5.0;0.0;0.0;0 days 02:02:00;2.033333333333333;2.459016393442623
0156;4210;Alfred de Musset;weekday;0 days 06:53:47;0 days 08:29:00;4.0;1.0;3.0;0.0;0.0;0.0;0.0;0.0;0.0;0 days 01:35:13;1.5869444444444445;2.520567127603711
0156;4211;Calvaire;weekday;0 days 17:02:36;0 days 19:05:00;5.0;0.0;0.0;0.0;0.0;0.0;5.0;0.0;0.0;0 days 02:02:24;2.04;2.450980392156863
0159;2301;Bruz Centre;weekday;0 days 06:59:00;0 days 19:09:00;12.0;1.0;5.0;0.0;0.0;1.0;5.0;0.0;0.0;0 days 12:10:00;12.166666666666666;0.9863013698630138
0159;2331;Noë;weekday;0 days 06:53:51;0 days 08:34:00;6.0;1.0;5.0;0.0;0.0;0.0;0.0;0.0;0.0;0 days 01:40:09;1.6691666666666667;3.5946080878681976
0159;2332;Epalet;weekday;0 days 06:55:36;0 days 08:35:10;6.0;1.0;5.0;0.0;0.0;0.0;0.0;0.0;0.0;0 days 01:39:34;1.6594444444444445;3.6156678942082356
0159;2334;Pasteur;weekday;0 days 07:01:45;0 days 08:41:21;6.0;0.0;6.0;0.0;0.0;0.0;0.0;0.0;0.0;0 days 01:39:36;1.66;3.6144578313253013
0159;2335;Bobinais;weekday;0 days 07:03:00;0 days 08:43:00;6.0;0.0;6.0;0.0;0.0;0.0;0.0;0.0;0.0;0 days 01:40:00;1.6666666666666667;3.5999999999999996
0159;2336;Champ Niguel;weekday;0 days 07:04:00;0 days 08:44:00;6.0;0.0;6.0;0.0;0.0;0.0;0.0;0.0;0.0;0 days 01:40:00;1.6666666666666667;3.5999999999999996
0159;2339;Champ Niguel;weekday;0 days 16:41:00;0 days 19:03:00;6.0;0.0;0.0;0.0;0.0;1.0;5.0;0.0;0.0;0 days 02:22:00;2.3666666666666667;2.535211267605634
0159;2340;Bobinais;weekday;0 days 16:42:00;0 days 19:04:00;6.0;0.0;0.0;0.0;0.0;1.0;5.0;0.0;0.0;0 days 02:22:00;2.3666666666666667;2.535211267605634
0159;2341;Pasteur;weekday;0 days 16:43:00;0 days 19:05:11;6.0;0.0;0.0;0.0;0.0;1.0;5.0;0.0;0.0;0 days 02:22:11;2.3697222222222223;2.531942327980307
0159;2343;Epalet;weekday;0 days 16:50:00;0 days 19:12:00;6.0;0.0;0.0;0.0;0.0;1.0;5.0;0.0;0.0;0 days 02:22:00;2.3666666666666667;2.535211267605634
0159;2344;Noë;weekday;0 days 16:52:00;0 days 19:13:15;6.0;0.0;0.0;0.0;0.0;1.0;5.0;0.0;0.0;0 days 02:21:15;2.3541666666666665;2.5486725663716814
0159;2348;Victor Hugo;weekday;0 days 16:45:00;0 days 19:07:00;6.0;0.0;0.0;0.0;0.0;1.0;5.0;0.0;0.0;0 days 02:22:00;2.3666666666666667;2.535211267605634
0159;2353;Victor Hugo;weekday;0 days 07:00:00;0 days 08:39:00;6.0;0.0;6.0;0.0;0.0;0.0;0.0;0.0;0.0;0 days 01:39:00;1.65;3.6363636363636367
0159;2372;Bruz Gare;weekday;0 days 06:50:00;0 days 19:16:00;12.0;1.0;5.0;0.0;0.0;1.0;5.0;0.0;0.0;0 days 12:26:00;12.433333333333334;0.9651474530831099
0159;2374;Châteliers;weekday;0 days 06:53:00;0 days 08:33:00;6.0;1.0;5.0;0.0;0.0;0.0;0.0;0.0;0.0;0 days 01:40:00;1.6666666666666667;3.5999999999999996
0159;2375;Châteliers;weekday;0 days 16:53:00;0 days 19:14:00;6.0;0.0;0.0;0.0;0.0;1.0;5.0;0.0;0.0;0 days 02:21:00;2.35;2.553191489361702
0161;2728;Centre;weekday;0 days 06:59:42;0 days 13:22:00;8.5;1.0;7.0;0.0;1.0;0.0;0.0;0.0;0.0;0 days 06:22:18;6.371666666666667;1.3340308658121893
0161;2729;Croix de Pierre;weekday;0 days 07:01:00;0 days 13:23:00;8.5;0.0;7.5;0.0;1.0;0.0;0.0;0.0;0.0;0 days 06:22:00;6.366666666666666;1.3350785340314137
0161;2730;Croix de Pierre;weekday;0 days 12:40:00;0 days 18:51:00;12.0;0.0;0.0;0.0;1.0;4.0;7.0;0.0;0.0;0 days 06:11:00;6.183333333333334;1.9407008086253368
0161;2731;Centre;weekday;0 days 12:42:00;0 days 18:53:00;12.0;0.0;0.0;0.0;1.0;4.0;7.0;0.0;0.0;0 days 06:11:00;6.183333333333334;1.9407008086253368
0161;2733;Deux Rives;weekday;0 days 12:44:00;0 days 18:55:00;12.0;0.0;0.0;0.0;1.0;3.0;8.0;0.0;0.0;0 days 06:11:00;6.183333333333334;1.9407008086253368
0161;2734;Deux Rives;weekday;0 days 06:57:00;0 days 13:19:00;8.5;1.0;6.5;0.0;1.0;0.0;0.0;0.0;0.0;0 days 06:22:00;6.366666666666666;1.3350785340314137
0161;2773;Ise;weekday;0 days 12:45:00;0 days 18:56:00;12.0;0.0;0.0;0.0;1.0;3.0;8.0;0.0;0.0;0 days 06:11:00;6.183333333333334;1.9407008086253368
0161;2774;Ise;weekday;0 days 06:56:00;0 days 13:18:00;8.5;1.0;6.5;0.0;1.0;0.0;0.0;0.0;0.0;0 days 06:22:00;6.366666666666666;1.3350785340314137
0161;3801;Centre de Loisirs;weekday;0 days 06:40:00;0 days 19:11:00;20.0;1.0;6.0;0.0;2.0;2.0;9.0;0.0;0.0;0 days 12:31:00;12.516666666666667;1.5978695073235685
0161;3802;Bourgbarré Mairie;weekday;0 days 06:43:45;0 days 13:08:00;8.0;1.0;6.0;0.0;1.0;0.0;0.0;0.0;0.0;0 days 06:24:15;6.404166666666667;1.2491867273910215
0161;3803;La Motte;weekday;0 days 06:45:00;0 days 13:09:00;8.0;1.0;6.0;0.0;1.0;0.0;0.0;0.0;0.0;0 days 06:24:00;6.4;1.25
0161;3808;La Motte;weekday;0 days 12:54:00;0 days 19:07:00;12.0;0.0;0.0;0.0;1.0;2.0;9.0;0.0;0.0;0 days 06:13:00;6.216666666666667;1.9302949061662198
0161;3809;Bourgbarré Mairie;weekday;0 days 12:55:30;0 days 19:08:12;12.0;0.0;0.0;0.0;1.0;2.0;9.0;0.0;0.0;0 days 06:12:42;6.211666666666667;1.931848671854038
0161;3836;Jardin du Soleil;weekday;0 days 06:47:00;0 days 13:10:00;8.0;1.0;6.0;0.0;1.0;0.0;0.0;0.0;0.0;0 days 06:23:00;6.383333333333334;1.2532637075718014
0161;3837;Jardin du Soleil;weekday;0 days 12:53:00;0 days 19:05:00;12.0;0.0;0.0;0.0;1.0;2.0;9.0;0.0;0.0;0 days 06:12:00;6.2;1.9354838709677418
0161;3838;Salle de Sports;weekday;0 days 06:42:00;0 days 13:07:00;8.0;1.0;6.0;0.0;1.0;0.0;0.0;0.0;0.0;0 days 06:25:00;6.416666666666667;1.2467532467532467
0161;3839;Salle de Sports;weekday;0 days 12:57:00;0 days 19:10:00;12.0;0.0;0.0;0.0;1.0;2.0;9.0;0.0;0.0;0 days 06:13:00;6.216666666666667;1.9302949061662198
0161;4358;Croix Faucheux;weekday;0 days 06:52:00;0 days 13:15:00;8.5;1.0;6.5;0.0;1.0;0.0;0.0;0.0;0.0;0 days 06:23:00;6.383333333333334;1.3315926892950392
0161;4359;Leuzières;weekday;0 days 06:54:00;0 days 13:16:00;8.5;1.0;6.5;0.0;1.0;0.0;0.0;0.0;0.0;0 days 06:22:00;6.366666666666666;1.3350785340314137
0161;4360;Leuzières;weekday;0 days 12:47:00;0 days 18:58:00;12.0;0.0;0.0;0.0;1.0;3.0;8.0;0.0;0.0;0 days 06:11:00;6.183333333333334;1.9407008086253368
0161;4361;Croix Faucheux;weekday;0 days 12:48:00;0 days 19:00:00;12.0;0.0;0.0;0.0;1.0;3.0;8.0;0.0;0.0;0 days 06:12:00;6.2;1.9354838709677418
0161;4382;Basses Noës;weekday;0 days 06:51:00;0 days 13:14:00;8.0;1.0;6.0;0.0;1.0;0.0;0.0;0.0;0.0;0 days 06:23:00;6.383333333333334;1.2532637075718014
0161;4383;Basses Noës;weekday;0 days 12:49:00;0 days 19:01:00;12.0;0.0;0.0;0.0;1.0;3.0;8.0;0.0;0.0;0 days 06:12:00;6.2;1.9354838709677418
0161;4384;Simone Marchand;weekday;0 days 06:53:00;0 days 13:16:00;8.5;1.0;6.5;0.0;1.0;0.0;0.0;0.0;0.0;0 days 06:23:00;6.383333333333334;1.3315926892950392
0161;4385;Simone Marchand;weekday;0 days 12:47:32;0 days 18:59:05;12.0;0.0;0.0;0.0;1.0;3.0;8.0;0.0;0.0;0 days 06:11:33;6.1925;1.9378280177634235
0164;2002;Cesson Hôpital Privé;weekday;0 days 16:07:58;0 days 18:33:00;6.0;0.0;0.0;0.0;0.0;2.0;4.0;0.0;0.0;0 days 02:25:02;2.417222222222222;2.4821880027579866
0164;2003;Cesson Hôpital Privé;weekday;0 days 07:21:57;0 days 08:52:00;5.0;0.0;5.0;0.0;0.0;0.0;0.0;0.0;0.0;0 days 01:30:03;1.5008333333333332;3.331482509716824
0164;2044;Belle Fontaine;weekday;0 days 07:19:00;0 days 08:49:00;5.0;0.0;5.0;0.0;0.0;0.0;0.0;0.0;0.0;0 days 01:30:00;1.5;3.3333333333333335
0164;2045;Atalante;weekday;0 days 07:20:00;0 days 08:50:01;5.0;0.0;5.0;0.0;0.0;0.0;0.0;0.0;0.0;0 days 01:30:01;1.5002777777777778;3.3327161636733935
0164;2046;Atalante;weekday;0 days 16:10:00;0 days 18:35:01;6.0;0.0;0.0;0.0;0.0;2.0;4.0;0.0;0.0;0 days 02:25:01;2.4169444444444443;2.482473278933456
0164;2047;Belle Fontaine;weekday;0 days 16:11:00;0 days 18:36:00;6.0;0.0;0.0;0.0;0.0;2.0;4.0;0.0;0.0;0 days 02:25:00;2.4166666666666665;2.4827586206896552
0164;2140;Cesson - Viasilva;weekday;0 days 07:25:00;0 days 18:30:00;11.0;0.0;5.0;0.0;0.0;2.0;4.0;0.0;0.0;0 days 11:05:00;11.083333333333334;0.9924812030075187
0164;4001;Timonière;weekday;0 days 07:00:00;0 days 18:53:00;11.0;0.0;5.0;0.0;0.0;1.0;5.0;0.0;0.0;0 days 11:53:00;11.883333333333333;0.9256661991584854
0164;4002;Verdaudais;weekday;0 days 07:04:55;0 days 08:34:18;5.0;0.0;5.0;0.0;0.0;0.0;0.0;0.0;0.0;0 days 01:29:23;1.4897222222222222;3.3563304120827895
0164;4003;Acigné Mairie;weekday;0 days 07:06:00;0 days 08:36:00;5.0;0.0;5.0;0.0;0.0;0.0;0.0;0.0;0.0;0 days 01:30:00;1.5;3.3333333333333335
0164;4004;Foyer;weekday;0 days 07:07:00;0 days 08:36:19;5.0;0.0;5.0;0.0;0.0;0.0;0.0;0.0;0.0;0 days 01:29:19;1.488611111111111;3.3588356036573987
0164;4010;Lande;weekday;0 days 16:21:00;0 days 18:46:00;6.0;0.0;0.0;0.0;0.0;1.0;5.0;0.0;0.0;0 days 02:25:00;2.4166666666666665;2.4827586206896552
0164;4011;Foyer;weekday;0 days 16:22:00;0 days 18:47:03;6.0;0.0;0.0;0.0;0.0;1.0;5.0;0.0;0.0;0 days 02:25:03;2.4175;2.4819027921406414
0164;4012;Acigné Mairie;weekday;0 days 16:22:41;0 days 18:48:00;6.0;0.0;0.0;0.0;0.0;1.0;5.0;0.0;0.0;0 days 02:25:19;2.4219444444444442;2.4773483197614405
0164;4013;Verdaudais;weekday;0 days 16:24:00;0 days 18:49:01;6.0;0.0;0.0;0.0;0.0;1.0;5.0;0.0;0.0;0 days 02:25:01;2.4169444444444443;2.482473278933456
0164;4018;Lande;weekday;0 days 07:08:00;0 days 08:37:00;5.0;0.0;5.0;0.0;0.0;0.0;0.0;0.0;0.0;0 days 01:29:00;1.4833333333333334;3.3707865168539324
0164;4019;Botrel;weekday;0 days 07:01:57;0 days 08:32:00;5.0;0.0;5.0;0.0;0.0;0.0;0.0;0.0;0.0;0 days 01:30:03;1.5008333333333332;3.331482509716824
0164;4020;Botrel;weekday;0 days 16:26:34;0 days 18:52:00;6.0;0.0;0.0;0.0;0.0;1.0;5.0;0.0;0.0;0 days 02:25:26;2.423888888888889;2.475360990144396
0165;3602;Parthenay Mairie;weekday;0 days 07:16:00;0 days 07:16:00;1.0;0.0;1.0;0.0;0.0;0.0;0.0;0.0;0.0;0 days 00:00:00;0.0;inf
0165;3603;Clos des Tilleuls;weekday;0 days 07:17:00;0 days 07:17:08;1.0;0.0;1.0;0.0;0.0;0.0;0.0;0.0;0.0;0 days 00:00:08;0.0022222222222222222;450.0
0165;3604;La Noë;weekday;0 days 07:17:50;0 days 07:18:00;1.0;0.0;1.0;0.0;0.0;0.0;0.0;0.0;0.0;0 days 00:00:10;0.002777777777777778;360.0
0165;3605;Placis de la Touche;weekday;0 days 07:19:00;0 days 07:19:00;1.0;0.0;1.0;0.0;0.0;0.0;0.0;0.0;0.0;0 days 00:00:00;0.0;inf
0165;3612;Placis de la Touche;weekday;0 days 18:42:00;0 days 18:42:00;1.0;0.0;0.0;0.0;0.0;0.0;1.0;0.0;0.0;0 days 00:00:00;0.0;inf
0165;3613;La Noë;weekday;0 days 18:43:00;0 days 18:43:10;1.0;0.0;0.0;0.0;0.0;0.0;1.0;0.0;0.0;0 days 00:00:10;0.002777777777777778;360.0
0165;3614;Clos des Tilleuls;weekday;0 days 18:44:00;0 days 18:44:05;1.0;0.0;0.0;0.0;0.0;0.0;1.0;0.0;0.0;0 days 00:00:05;0.001388888888888889;720.0
0165;3615;Parthenay Mairie;weekday;0 days 18:45:00;0 days 18:45:00;1.0;0.0;0.0;0.0;0.0;0.0;1.0;0.0;0.0;0 days 00:00:00;0.0;inf
0165;3617;Parthenay Fontaine;weekday;0 days 07:15:00;0 days 18:46:00;2.0;0.0;1.0;0.0;0.0;0.0;1.0;0.0;0.0;0 days 11:31:00;11.516666666666667;0.1736613603473227
0167;2016;Taillis;weekday;0 days 07:17:31;0 days 08:49:06;3.0;0.0;3.0;0.0;0.0;0.0;0.0;0.0;0.0;0 days 01:31:35;1.5263888888888888;1.9654231119199272
0167;2020;Taillis;weekday;0 days 16:13:00;0 days 18:54:00;3.0;0.0;0.0;0.0;0.0;1.0;2.0;0.0;0.0;0 days 02:41:00;2.683333333333333;1.1180124223602486
0167;2039;Bordage;weekday;0 days 07:14:00;0 days 08:45:00;3.0;0.0;3.0;0.0;0.0;0.0;0.0;0.0;0.0;0 days 01:31:00;1.5166666666666666;1.978021978021978
0167;2086;Bordage;weekday;0 days 16:17:00;0 days 18:58:00;3.0;0.0;0.0;0.0;0.0;1.0;2.0;0.0;0.0;0 days 02:41:00;2.683333333333333;1.1180124223602486
0167;4151;Anjou;weekday;0 days 06:54:00;0 days 19:15:00;6.0;1.0;2.0;0.0;0.0;1.0;2.0;0.0;0.0;0 days 12:21:00;12.35;0.4858299595141701
0167;4152;Mainguère;weekday;0 days 06:57:00;0 days 08:24:00;3.0;1.0;2.0;0.0;0.0;0.0;0.0;0.0;0.0;0 days 01:27:00;1.45;2.0689655172413794
0167;4153;Saules;weekday;0 days 06:58:00;0 days 08:25:00;3.0;1.0;2.0;0.0;0.0;0.0;0.0;0.0;0.0;0 days 01:27:00;1.45;2.0689655172413794
0167;4154;Provence;weekday;0 days 06:59:00;0 days 08:26:03;3.0;1.0;2.0;0.0;0.0;0.0;0.0;0.0;0.0;0 days 01:27:03;1.4508333333333334;2.067777139574957
0167;4155;Destiers;weekday;0 days 07:00:00;0 days 08:27:00;3.0;0.0;3.0;0.0;0.0;0.0;0.0;0.0;0.0;0 days 01:27:00;1.45;2.0689655172413794
0167;4158;Destiers;weekday;0 days 16:30:00;0 days 19:11:00;3.0;0.0;0.0;0.0;0.0;1.0;2.0;0.0;0.0;0 days 02:41:00;2.683333333333333;1.1180124223602486
0167;4159;Provence;weekday;0 days 16:30:59;0 days 19:12:00;3.0;0.0;0.0;0.0;0.0;1.0;2.0;0.0;0.0;0 days 02:41:01;2.683611111111111;1.1178966980643827
0167;4160;Saules;weekday;0 days 16:32:00;0 days 19:13:24;3.0;0.0;0.0;0.0;0.0;1.0;2.0;0.0;0.0;0 days 02:41:24;2.69;1.1152416356877324
0167;4161;Mainguère;weekday;0 days 16:33:00;0 days 19:14:10;3.0;0.0;0.0;0.0;0.0;1.0;2.0;0.0;0.0;0 days 02:41:10;2.686111111111111;1.1168562564632887
0168;2830;Grand Quartier;weekday;0 days 16:49:00;0 days 18:49:00;5.0;0.0;0.0;0.0;0.0;1.0;4.0;0.0;0.0;0 days 02:00:00;2.0;2.5
0168;2837;La Brosse;weekday;0 days 16:55:43;0 days 18:56:08;5.0;0.0;0.0;0.0;0.0;1.0;4.0;0.0;0.0;0 days 02:00:25;2.0069444444444446;2.4913494809688577
0168;4062;La Brosse;weekday;0 days 07:22:00;0 days 08:51:00;4.0;0.0;4.0;0.0;0.0;0.0;0.0;0.0;0.0;0 days 01:29:00;1.4833333333333334;2.696629213483146
0168;4502;Gévezé Mairie;weekday;0 days 07:10:00;0 days 08:39:29;4.0;0.0;4.0;0.0;0.0;0.0;0.0;0.0;0.0;0 days 01:29:29;1.4913888888888889;2.6820636990128515
0168;4503;Flume;weekday;0 days 17:05:00;0 days 19:06:00;5.0;0.0;0.0;0.0;0.0;0.0;5.0;0.0;0.0;0 days 02:01:00;2.0166666666666666;2.479338842975207
0168;4504;Flume;weekday;0 days 07:12:00;0 days 08:41:00;4.0;0.0;4.0;0.0;0.0;0.0;0.0;0.0;0.0;0 days 01:29:00;1.4833333333333334;2.696629213483146
0168;4505;Gévezé Mairie;weekday;0 days 17:06:00;0 days 19:07:22;5.0;0.0;0.0;0.0;0.0;0.0;5.0;0.0;0.0;0 days 02:01:22;2.022777777777778;2.4718483932985444
0168;4507;Cheval Blanc;weekday;0 days 07:05:00;0 days 19:14:00;9.0;0.0;4.0;0.0;0.0;0.0;5.0;0.0;0.0;0 days 12:09:00;12.15;0.7407407407407407
0168;4508;Coualeuc;weekday;0 days 07:06:00;0 days 08:36:07;4.0;0.0;4.0;0.0;0.0;0.0;0.0;0.0;0.0;0 days 01:30:07;1.5019444444444445;2.663214351766229
0168;4509;Coualeuc;weekday;0 days 17:10:46;0 days 19:12:00;5.0;0.0;0.0;0.0;0.0;0.0;5.0;0.0;0.0;0 days 02:01:14;2.0205555555555557;2.4745669507836126
0168;4510;Prés Verts;weekday;0 days 07:08:00;0 days 08:38:00;4.0;0.0;4.0;0.0;0.0;0.0;0.0;0.0;0.0;0 days 01:30:00;1.5;2.6666666666666665
0168;4511;Prés Verts;weekday;0 days 17:08:00;0 days 19:09:29;5.0;0.0;0.0;0.0;0.0;0.0;5.0;0.0;0.0;0 days 02:01:29;2.024722222222222;2.469474550692825
0172;2911;Parc de Loisirs;weekday;0 days 07:07:00;0 days 08:27:00;4.0;0.0;4.0;0.0;0.0;0.0;0.0;0.0;0.0;0 days 01:20:00;1.3333333333333333;3.0
0172;2912;Argoat;weekday;0 days 07:08:00;0 days 08:28:00;4.0;0.0;4.0;0.0;0.0;0.0;0.0;0.0;0.0;0 days 01:20:00;1.3333333333333333;3.0
0172;2913;Cornouaille;weekday;0 days 07:09:44;0 days 08:30:00;4.0;0.0;4.0;0.0;0.0;0.0;0.0;0.0;0.0;0 days 01:20:16;1.3377777777777777;2.990033222591362
0172;2914;Vieux Bourg;weekday;0 days 07:11:00;0 days 08:31:00;4.0;0.0;4.0;0.0;0.0;0.0;0.0;0.0;0.0;0 days 01:20:00;1.3333333333333333;3.0
0172;2922;Vieux Bourg;weekday;0 days 17:07:00;0 days 18:23:00;5.0;0.0;0.0;0.0;0.0;0.0;5.0;0.0;0.0;0 days 01:16:00;1.2666666666666666;3.947368421052632
0172;2923;Cornouaille;weekday;0 days 17:07:55;0 days 18:24:00;5.0;0.0;0.0;0.0;0.0;0.0;5.0;0.0;0.0;0 days 01:16:05;1.2680555555555555;3.9430449069003286
0172;2924;Argoat;weekday;0 days 17:09:00;0 days 18:25:06;5.0;0.0;0.0;0.0;0.0;0.0;5.0;0.0;0.0;0 days 01:16:06;1.2683333333333333;3.942181340341656
0172;2926;Collège Pôle Sud;weekday;0 days 07:13:00;0 days 08:33:00;4.0;0.0;4.0;0.0;0.0;0.0;0.0;0.0;0.0;0 days 01:20:00;1.3333333333333333;3.0
0172;2927;Parc de Loisirs;weekday;0 days 17:10:00;0 days 18:26:00;5.0;0.0;0.0;0.0;0.0;0.0;5.0;0.0;0.0;0 days 01:16:00;1.2666666666666666;3.947368421052632
0172;2928;Constant Mérel;weekday;0 days 07:06:00;0 days 08:26:05;4.0;0.0;4.0;0.0;0.0;0.0;0.0;0.0;0.0;0 days 01:20:05;1.3347222222222221;2.9968782518210197
0172;2930;Constant Mérel;weekday;0 days 17:11:00;0 days 18:27:25;5.0;0.0;0.0;0.0;0.0;0.0;5.0;0.0;0.0;0 days 01:16:25;1.273611111111111;3.925845147219193
0172;2942;Collège Pôle Sud;weekday;0 days 17:05:00;0 days 18:21:00;5.0;0.0;0.0;0.0;0.0;0.0;5.0;0.0;0.0;0 days 01:16:00;1.2666666666666666;3.947368421052632
0172;2944;Ferme des Peupliers;weekday;0 days 07:05:00;0 days 08:25:00;4.0;0.0;4.0;0.0;0.0;0.0;0.0;0.0;0.0;0 days 01:20:00;1.3333333333333333;3.0
0172;2945;Ferme des Peupliers;weekday;0 days 17:13:00;0 days 18:29:00;5.0;0.0;0.0;0.0;0.0;0.0;5.0;0.0;0.0;0 days 01:16:00;1.2666666666666666;3.947368421052632
0173;4102;Huberdières;weekday;0 days 07:02:37;0 days 08:22:11;3.0;0.0;3.0;0.0;0.0;0.0;0.0;0.0;0.0;0 days 01:19:34;1.326111111111111;2.2622538751571013
0173;4103;Place de Kildare;weekday;0 days 07:04:53;0 days 08:24:04;3.0;0.0;3.0;0.0;0.0;0.0;0.0;0.0;0.0;0 days 01:19:11;1.3197222222222222;2.2732056409177015
0173;4104;Corps-Nuds Mairie;weekday;0 days 07:06:00;0 days 08:25:00;3.0;0.0;3.0;0.0;0.0;0.0;0.0;0.0;0.0;0 days 01:19:00;1.3166666666666667;2.278481012658228
0173;4105;Chêne Hervé;weekday;0 days 07:06:37;0 days 08:26:00;3.0;0.0;3.0;0.0;0.0;0.0;0.0;0.0;0.0;0 days 01:19:23;1.3230555555555557;2.2674784799496113
0173;4108;Chêne Hervé;weekday;0 days 16:36:00;0 days 18:24:21;3.0;0.0;0.0;0.0;0.0;1.0;2.0;0.0;0.0;0 days 01:48:21;1.8058333333333334;1.6612828795569912
0173;4109;Corps-Nuds Mairie;weekday;0 days 16:37:00;0 days 18:25:00;3.0;0.0;0.0;0.0;0.0;1.0;2.0;0.0;0.0;0 days 01:48:00;1.8;1.6666666666666665
0173;4110;Place de Kildare;weekday;0 days 16:38:00;0 days 18:26:09;3.0;0.0;0.0;0.0;0.0;1.0;2.0;0.0;0.0;0 days 01:48:09;1.8025;1.6643550624133148
0173;4111;Huberdières;weekday;0 days 16:40:00;0 days 18:28:28;3.0;0.0;0.0;0.0;0.0;1.0;2.0;0.0;0.0;0 days 01:48:28;1.8077777777777777;1.6594960049170253
0173;4112;Corps-Nuds Gare;weekday;0 days 07:00:00;0 days 18:30:00;6.0;0.0;3.0;0.0;0.0;1.0;2.0;0.0;0.0;0 days 11:30:00;11.5;0.5217391304347826
0173;4113;Grands Sillons;weekday;0 days 07:08:00;0 days 08:27:00;3.0;0.0;3.0;0.0;0.0;0.0;0.0;0.0;0.0;0 days 01:19:00;1.3166666666666667;2.278481012658228
0173;4114;Grands Sillons;weekday;0 days 16:35:00;0 days 18:23:00;3.0;0.0;0.0;0.0;0.0;1.0;2.0;0.0;0.0;0 days 01:48:00;1.8;1.6666666666666665
0173;4551;Saint-Armel Eglise;weekday;0 days 07:15:00;0 days 18:17:00;6.0;0.0;3.0;0.0;0.0;1.0;2.0;0.0;0.0;0 days 11:02:00;11.033333333333333;0.5438066465256798
0173;4552;Saint-Armel Gare;weekday;0 days 16:28:00;0 days 18:16:00;3.0;0.0;0.0;0.0;0.0;1.0;2.0;0.0;0.0;0 days 01:48:00;1.8;1.6666666666666665
0173;4555;Saint-Armel Gare;weekday;0 days 07:16:00;0 days 08:35:00;3.0;0.0;3.0;0.0;0.0;0.0;0.0;0.0;0.0;0 days 01:19:00;1.3166666666666667;2.278481012658228
0175;3401;Parc des Sports;weekday;0 days 07:25:00;0 days 17:55:00;2.0;0.0;1.0;0.0;0.0;0.0;1.0;0.0;0.0;0 days 10:30:00;10.5;0.19047619047619047
0175;3402;Langlois;weekday;0 days 17:53:00;0 days 17:53:00;1.0;0.0;0.0;0.0;0.0;0.0;1.0;0.0;0.0;0 days 00:00:00;0.0;inf
0175;3404;Menault;weekday;0 days 07:33:00;0 days 07:33:00;1.0;0.0;1.0;0.0;0.0;0.0;0.0;0.0;0.0;0 days 00:00:00;0.0;inf
0175;3405;Eclosel;weekday;0 days 07:36:00;0 days 07:36:08;1.0;0.0;1.0;0.0;0.0;0.0;0.0;0.0;0.0;0 days 00:00:08;0.0022222222222222222;450.0
0175;3406;Eclosel;weekday;0 days 17:45:38;0 days 17:46:00;1.0;0.0;0.0;0.0;0.0;0.0;1.0;0.0;0.0;0 days 00:00:22;0.006111111111111111;163.63636363636363
0175;3407;Grée Barel;weekday;0 days 17:47:00;0 days 17:47:13;1.0;0.0;0.0;0.0;0.0;0.0;1.0;0.0;0.0;0 days 00:00:13;0.003611111111111111;276.92307692307696
0175;3409;Menault;weekday;0 days 17:48:00;0 days 17:48:00;1.0;0.0;0.0;0.0;0.0;0.0;1.0;0.0;0.0;0 days 00:00:00;0.0;inf
0175;3410;Langlois;weekday;0 days 07:26:54;0 days 07:27:00;1.0;0.0;1.0;0.0;0.0;0.0;0.0;0.0;0.0;0 days 00:00:06;0.0016666666666666668;600.0
0175;3420;La Porte;weekday;0 days 07:28:40;0 days 07:29:00;1.0;0.0;1.0;0.0;0.0;0.0;0.0;0.0;0.0;0 days 00:00:20;0.005555555555555556;180.0
0175;3421;La Porte;weekday;0 days 17:51:00;0 days 17:51:16;1.0;0.0;0.0;0.0;0.0;0.0;1.0;0.0;0.0;0 days 00:00:16;0.0044444444444444444;225.0
0175;3427;Chêne Centenaire;weekday;0 days 07:31:45;0 days 07:32:00;1.0;0.0;1.0;0.0;0.0;0.0;0.0;0.0;0.0;0 days 00:00:15;0.004166666666666667;240.0
0175;3428;Chêne Centenaire;weekday;0 days 17:49:44;0 days 17:50:00;1.0;0.0;0.0;0.0;0.0;0.0;1.0;0.0;0.0;0 days 00:00:16;0.0044444444444444444;225.0
0178;2405;Betton Mairie;weekday;0 days 16:52:00;0 days 19:28:09;6.0;0.0;0.0;0.0;0.0;1.0;5.0;0.0;0.0;0 days 02:36:09;2.6025;2.3054755043227666
0178;2406;Betton Centre;weekday;0 days 16:53:00;0 days 19:29:00;6.0;0.0;0.0;0.0;0.0;1.0;5.0;0.0;0.0;0 days 02:36:00;2.6;2.3076923076923075
0178;2418;Betton Mairie;weekday;0 days 07:18:00;0 days 08:48:28;4.0;0.0;4.0;0.0;0.0;0.0;0.0;0.0;0.0;0 days 01:30:28;1.5077777777777779;2.6529108327192334
0178;2437;Betton Centre;weekday;0 days 07:18:00;0 days 08:48:00;4.0;0.0;4.0;0.0;0.0;0.0;0.0;0.0;0.0;0 days 01:30:00;1.5;2.6666666666666665
0178;2438;Mézières;weekday;0 days 07:21:00;0 days 08:51:17;4.0;0.0;4.0;0.0;0.0;0.0;0.0;0.0;0.0;0 days 01:30:17;1.5047222222222223;2.6582979508953293
0178;2441;Mézières;weekday;0 days 16:49:30;0 days 19:26:00;6.0;0.0;0.0;0.0;0.0;1.0;5.0;0.0;0.0;0 days 02:36:30;2.6083333333333334;2.3003194888178915
0178;2448;Trégor;weekday;0 days 07:20:00;0 days 08:50:10;4.0;0.0;4.0;0.0;0.0;0.0;0.0;0.0;0.0;0 days 01:30:10;1.5027777777777778;2.6617375231053604
0178;2449;Trégor;weekday;0 days 16:50:34;0 days 19:27:00;6.0;0.0;0.0;0.0;0.0;1.0;5.0;0.0;0.0;0 days 02:36:26;2.607222222222222;2.301299808225016
0178;2452;Chaperonnais;weekday;0 days 07:25:47;0 days 08:56:00;4.0;0.0;4.0;0.0;0.0;0.0;0.0;0.0;0.0;0 days 01:30:13;1.503611111111111;2.6602623314243488
0178;2453;Chaperonnais;weekday;0 days 16:45:00;0 days 19:22:11;6.0;0.0;0.0;0.0;0.0;1.0;5.0;0.0;0.0;0 days 02:37:11;2.6197222222222223;2.290319160216308
0178;2454;Renaudais;weekday;0 days 07:22:42;0 days 08:53:00;4.0;0.0;4.0;0.0;0.0;0.0;0.0;0.0;0.0;0 days 01:30:18;1.505;2.6578073089700998
0178;2455;Renaudais;weekday;0 days 16:48:00;0 days 19:25:00;6.0;0.0;0.0;0.0;0.0;1.0;5.0;0.0;0.0;0 days 02:37:00;2.6166666666666667;2.2929936305732483
0178;2456;Pont Brand;weekday;0 days 07:25:00;0 days 08:55:00;4.0;0.0;4.0;0.0;0.0;0.0;0.0;0.0;0.0;0 days 01:30:00;1.5;2.6666666666666665
0178;2457;Pont Brand;weekday;0 days 16:46:00;0 days 19:23:00;6.0;0.0;0.0;0.0;0.0;1.0;5.0;0.0;0.0;0 days 02:37:00;2.6166666666666667;2.2929936305732483
0178;2461;La Haute Plesse;weekday;0 days 07:15:00;0 days 19:32:00;10.0;0.0;4.0;0.0;0.0;1.0;5.0;0.0;0.0;0 days 12:17:00;12.283333333333333;0.8141112618724559
0178;2466;Les Ormes;weekday;0 days 16:54:53;0 days 19:30:24;6.0;0.0;0.0;0.0;0.0;1.0;5.0;0.0;0.0;0 days 02:35:31;2.5919444444444446;2.3148644303933126
0178;2468;Les Ormes;weekday;0 days 07:16:00;0 days 08:46:25;4.0;0.0;4.0;0.0;0.0;0.0;0.0;0.0;0.0;0 days 01:30:25;1.5069444444444444;2.654377880184332
0178;2803;La Plesse;weekday;0 days 07:37:58;0 days 09:10:00;4.0;0.0;4.0;0.0;0.0;0.0;0.0;0.0;0.0;0 days 01:32:02;1.5338888888888889;2.6077508149221296
0178;2813;Haut Trait;weekday;0 days 07:35:00;0 days 09:07:00;4.0;0.0;4.0;0.0;0.0;0.0;0.0;0.0;0.0;0 days 01:32:00;1.5333333333333334;2.608695652173913
0178;2814;CHP Saint-Grégoire;weekday;0 days 16:32:00;0 days 19:11:00;6.0;0.0;0.0;0.0;0.0;1.0;5.0;0.0;0.0;0 days 02:39:00;2.65;2.2641509433962264
0178;2816;La Plesse;weekday;0 days 16:30:42;0 days 19:09:16;6.0;0.0;0.0;0.0;0.0;1.0;5.0;0.0;0.0;0 days 02:38:34;2.642777777777778;2.27033844860206
0178;2817;CHP Saint-Grégoire;weekday;0 days 07:36:00;0 days 09:08:00;4.0;0.0;4.0;0.0;0.0;0.0;0.0;0.0;0.0;0 days 01:32:00;1.5333333333333334;2.608695652173913
0178;2818;Haut Trait;weekday;0 days 16:33:00;0 days 19:12:11;6.0;0.0;0.0;0.0;0.0;1.0;5.0;0.0;0.0;0 days 02:39:11;2.6530555555555555;2.2615432938959272
0178;2826;Grand Quartier;weekday;0 days 16:29:00;0 days 19:07:00;6.0;0.0;0.0;0.0;0.0;1.0;5.0;0.0;0.0;0 days 02:38:00;2.6333333333333333;2.278481012658228
0178;2831;Holywell;weekday;0 days 07:32:00;0 days 09:03:11;4.0;0.0;4.0;0.0;0.0;0.0;0.0;0.0;0.0;0 days 01:31:11;1.5197222222222222;2.632059952476695
0178;2832;Holywell;weekday;0 days 16:38:00;0 days 19:16:12;6.0;0.0;0.0;0.0;0.0;1.0;5.0;0.0;0.0;0 days 02:38:12;2.6366666666666667;2.275600505689001
0178;2833;Jean-Paul II;weekday;0 days 07:30:00;0 days 09:01:00;4.0;0.0;4.0;0.0;0.0;0.0;0.0;0.0;0.0;0 days 01:31:00;1.5166666666666666;2.6373626373626373
0178;2834;Jean-Paul II;weekday;0 days 16:41:00;0 days 19:18:00;6.0;0.0;0.0;0.0;0.0;1.0;5.0;0.0;0.0;0 days 02:37:00;2.6166666666666667;2.2929936305732483
0178;2847;Forge;weekday;0 days 16:35:00;0 days 19:14:00;6.0;0.0;0.0;0.0;0.0;1.0;5.0;0.0;0.0;0 days 02:39:00;2.65;2.2641509433962264
0178;2848;Forge;weekday;0 days 07:34:00;0 days 09:05:00;4.0;0.0;4.0;0.0;0.0;0.0;0.0;0.0;0.0;0 days 01:31:00;1.5166666666666666;2.6373626373626373
0178;2854;Grand Quartier;weekday;0 days 07:40:00;0 days 09:12:00;4.0;0.0;4.0;0.0;0.0;0.0;0.0;0.0;0.0;0 days 01:32:00;1.5333333333333334;2.608695652173913
0178;2863;Cerisaie;weekday;0 days 07:38:42;0 days 09:11:00;4.0;0.0;4.0;0.0;0.0;0.0;0.0;0.0;0.0;0 days 01:32:18;1.5383333333333333;2.600216684723727
0178;2864;Cerisaie;weekday;0 days 16:29:41;0 days 19:08:00;6.0;0.0;0.0;0.0;0.0;1.0;5.0;0.0;0.0;0 days 02:38:19;2.638611111111111;2.2739235709022
0200;2045;Atalante;weekday;0 days 07:51:00;0 days 07:51:00;1.0;0.0;1.0;0.0;0.0;0.0;0.0;0.0;0.0;0 days 00:00:00;0.0;inf
0200;2046;Atalante;weekday;0 days 12:44:00;0 days 18:04:00;1.8;0.0;0.0;0.0;1.0;0.0;2.0;0.0;0.0;0 days 05:20:00;5.333333333333333;0.3375
0200;2079;Verger;weekday;0 days 07:46:00;0 days 07:46:00;1.0;0.0;1.0;0.0;0.0;0.0;0.0;0.0;0.0;0 days 00:00:00;0.0;inf
0200;2083;Gaudais;weekday;0 days 12:47:00;0 days 18:08:00;1.8;0.0;0.0;0.0;1.0;0.0;2.0;0.0;0.0;0 days 05:21:00;5.35;0.33644859813084116
0200;2084;Verger;weekday;0 days 12:48:00;0 days 18:09:00;1.8;0.0;0.0;0.0;1.0;0.0;2.0;0.0;0.0;0 days 05:21:00;5.35;0.33644859813084116
0200;2101;Village Collectivités;weekday;0 days 07:45:00;0 days 07:45:00;1.0;0.0;1.0;0.0;0.0;0.0;0.0;0.0;0.0;0 days 00:00:00;0.0;inf
0200;2156;Gaudais;weekday;0 days 07:47:00;0 days 07:47:00;1.0;0.0;1.0;0.0;0.0;0.0;0.0;0.0;0.0;0 days 00:00:00;0.0;inf
0200;3316;Village Collectivités;weekday;0 days 12:50:00;0 days 18:11:00;1.8;0.0;0.0;0.0;1.0;0.0;2.0;0.0;0.0;0 days 05:21:00;5.35;0.33644859813084116
0200;3317;Pâtis du Moulinet;weekday;0 days 07:41:00;0 days 07:41:00;1.0;0.0;1.0;0.0;0.0;0.0;0.0;0.0;0.0;0 days 00:00:00;0.0;inf
0200;3318;Pâtis du Moulinet;weekday;0 days 12:53:00;0 days 18:14:00;1.8;0.0;0.0;0.0;1.0;0.0;2.0;0.0;0.0;0 days 05:21:00;5.35;0.33644859813084116
0200;4001;Timonière;weekday;0 days 07:30:00;0 days 18:23:00;2.8;0.0;1.0;0.0;1.0;0.0;2.0;0.0;0.0;0 days 10:53:00;10.883333333333333;0.2572741194486983
0200;4002;Verdaudais;weekday;0 days 07:33:00;0 days 07:33:00;1.0;0.0;1.0;0.0;0.0;0.0;0.0;0.0;0.0;0 days 00:00:00;0.0;inf
0200;4003;Acigné Mairie;weekday;0 days 07:34:00;0 days 07:34:00;1.0;0.0;1.0;0.0;0.0;0.0;0.0;0.0;0.0;0 days 00:00:00;0.0;inf
0200;4004;Foyer;weekday;0 days 07:35:00;0 days 07:35:00;1.0;0.0;1.0;0.0;0.0;0.0;0.0;0.0;0.0;0 days 00:00:00;0.0;inf
0200;4006;Pont d'Ohin;weekday;0 days 07:38:00;0 days 07:38:00;1.0;0.0;1.0;0.0;0.0;0.0;0.0;0.0;0.0;0 days 00:00:00;0.0;inf
0200;4007;Boulais;weekday;0 days 07:39:00;0 days 07:39:00;1.0;0.0;1.0;0.0;0.0;0.0;0.0;0.0;0.0;0 days 00:00:00;0.0;inf
0200;4008;Boulais;weekday;0 days 12:54:00;0 days 18:15:00;1.8;0.0;0.0;0.0;1.0;0.0;2.0;0.0;0.0;0 days 05:21:00;5.35;0.33644859813084116
0200;4009;Pont d'Ohin;weekday;0 days 12:55:00;0 days 18:16:00;1.8;0.0;0.0;0.0;1.0;0.0;2.0;0.0;0.0;0 days 05:21:00;5.35;0.33644859813084116
0200;4010;Lande;weekday;0 days 12:57:00;0 days 18:17:00;1.8;0.0;0.0;0.0;1.0;0.0;2.0;0.0;0.0;0 days 05:20:00;5.333333333333333;0.3375
0200;4011;Foyer;weekday;0 days 12:58:00;0 days 18:18:00;1.8;0.0;0.0;0.0;1.0;0.0;2.0;0.0;0.0;0 days 05:20:00;5.333333333333333;0.3375
0200;4012;Acigné Mairie;weekday;0 days 12:59:00;0 days 18:19:00;1.8;0.0;0.0;0.0;1.0;0.0;2.0;0.0;0.0;0 days 05:20:00;5.333333333333333;0.3375
0200;4013;Verdaudais;weekday;0 days 13:00:00;0 days 18:20:00;1.8;0.0;0.0;0.0;1.0;0.0;2.0;0.0;0.0;0 days 05:20:00;5.333333333333333;0.3375
0200;4018;Lande;weekday;0 days 07:36:00;0 days 07:36:00;1.0;0.0;1.0;0.0;0.0;0.0;0.0;0.0;0.0;0 days 00:00:00;0.0;inf
0200;4019;Botrel;weekday;0 days 07:31:00;0 days 07:31:00;1.0;0.0;1.0;0.0;0.0;0.0;0.0;0.0;0.0;0 days 00:00:00;0.0;inf
0200;4020;Botrel;weekday;0 days 13:02:00;0 days 18:21:00;1.8;0.0;0.0;0.0;1.0;0.0;2.0;0.0;0.0;0 days 05:19:00;5.316666666666666;0.33855799373040757
0201;2070;Victoire;weekday;0 days 07:47:00;0 days 08:45:00;3.0;0.0;3.0;0.0;0.0;0.0;0.0;0.0;0.0;0 days 00:58:00;0.9666666666666667;3.103448275862069
0201;2071;Calendrou;weekday;0 days 07:49:00;0 days 08:46:00;3.0;0.0;3.0;0.0;0.0;0.0;0.0;0.0;0.0;0 days 00:57:00;0.95;3.1578947368421053
0201;2072;Calendrou;weekday;0 days 11:40:00;0 days 18:04:00;3.2;0.0;0.0;1.0;3.0;1.0;2.0;0.0;0.0;0 days 06:24:00;6.4;0.5
0201;2073;Victoire;weekday;0 days 11:41:00;0 days 18:05:00;3.2;0.0;0.0;1.0;3.0;1.0;2.0;0.0;0.0;0 days 06:24:00;6.4;0.5
0201;3301;Landelles;weekday;0 days 07:35:00;0 days 18:20:00;6.2;0.0;3.0;1.0;3.0;1.0;2.0;0.0;0.0;0 days 10:45:00;10.75;0.5767441860465117
0201;3302;Thorigné Mairie;weekday;0 days 11:54:00;0 days 18:16:00;3.2;0.0;0.0;1.0;3.0;1.0;2.0;0.0;0.0;0 days 06:22:00;6.366666666666666;0.5026178010471205
0201;3304;Anne de Bretagne;weekday;0 days 11:53:00;0 days 18:15:00;3.2;0.0;0.0;1.0;3.0;1.0;2.0;0.0;0.0;0 days 06:22:00;6.366666666666666;0.5026178010471205
0201;3305;Bocage;weekday;0 days 07:40:00;0 days 08:36:00;3.0;0.0;3.0;0.0;0.0;0.0;0.0;0.0;0.0;0 days 00:56:00;0.9333333333333333;3.2142857142857144
0201;3306;Juteauderies;weekday;0 days 07:41:44;0 days 08:38:00;3.0;0.0;3.0;0.0;0.0;0.0;0.0;0.0;0.0;0 days 00:56:16;0.9377777777777778;3.199052132701422
0201;3307;Fouillard;weekday;0 days 07:44:00;0 days 08:40:00;3.0;0.0;3.0;0.0;0.0;0.0;0.0;0.0;0.0;0 days 00:56:00;0.9333333333333333;3.2142857142857144
0201;3309;Portail;weekday;0 days 07:46:00;0 days 08:42:00;3.0;0.0;3.0;0.0;0.0;0.0;0.0;0.0;0.0;0 days 00:56:00;0.9333333333333333;3.2142857142857144
0201;3310;Portail;weekday;0 days 11:44:00;0 days 18:08:00;3.2;0.0;0.0;1.0;3.0;1.0;2.0;0.0;0.0;0 days 06:24:00;6.4;0.5
0201;3311;Fouillard;weekday;0 days 11:47:00;0 days 18:10:00;3.2;0.0;0.0;1.0;3.0;1.0;2.0;0.0;0.0;0 days 06:23:00;6.383333333333334;0.5013054830287206
0201;3312;Juteauderies;weekday;0 days 11:48:00;0 days 18:12:00;3.2;0.0;0.0;1.0;3.0;1.0;2.0;0.0;0.0;0 days 06:24:00;6.4;0.5
0201;3313;Bocage;weekday;0 days 11:50:00;0 days 18:14:00;3.2;0.0;0.0;1.0;3.0;1.0;2.0;0.0;0.0;0 days 06:24:00;6.4;0.5
0201;3314;Anne de Bretagne;weekday;0 days 07:40:00;0 days 08:33:00;3.0;0.0;3.0;0.0;0.0;0.0;0.0;0.0;0.0;0 days 00:53:00;0.8833333333333333;3.3962264150943398
0201;3315;Thorigné Mairie;weekday;0 days 07:39:00;0 days 08:32:00;3.0;0.0;3.0;0.0;0.0;0.0;0.0;0.0;0.0;0 days 00:53:00;0.8833333333333333;3.3962264150943398
0201;3322;Curien;weekday;0 days 07:38:00;0 days 08:30:18;3.0;0.0;3.0;0.0;0.0;0.0;0.0;0.0;0.0;0 days 00:52:18;0.8716666666666667;3.4416826003824093
0201;3323;Curien;weekday;0 days 11:55:40;0 days 18:18:00;3.2;0.0;0.0;1.0;3.0;1.0;2.0;0.0;0.0;0 days 06:22:20;6.372222222222222;0.5021795989537926
0202;2401;Champ Devant;weekday;0 days 07:29:00;0 days 18:54:00;4.6;0.0;2.0;0.0;1.0;1.0;2.0;0.0;0.0;0 days 11:25:00;11.416666666666666;0.4029197080291971
0202;2402;Omblais;weekday;0 days 07:29:51;0 days 08:27:00;2.0;0.0;2.0;0.0;0.0;0.0;0.0;0.0;0.0;0 days 00:57:09;0.9525;2.099737532808399
0202;2403;Brocéliande;weekday;0 days 07:31:00;0 days 08:28:00;2.0;0.0;2.0;0.0;0.0;0.0;0.0;0.0;0.0;0 days 00:57:00;0.95;2.1052631578947367
0202;2404;Trégor;weekday;0 days 07:33:00;0 days 08:30:00;2.0;0.0;2.0;0.0;0.0;0.0;0.0;0.0;0.0;0 days 00:57:00;0.95;2.1052631578947367
0202;2405;Betton Mairie;weekday;0 days 07:35:00;0 days 08:31:00;2.0;0.0;2.0;0.0;0.0;0.0;0.0;0.0;0.0;0 days 00:56:00;0.9333333333333333;2.142857142857143
0202;2406;Betton Centre;weekday;0 days 07:36:00;0 days 08:32:00;2.0;0.0;2.0;0.0;0.0;0.0;0.0;0.0;0.0;0 days 00:56:00;0.9333333333333333;2.142857142857143
0202;2407;Haye Renaud Gare;weekday;0 days 07:40:00;0 days 08:35:00;2.0;0.0;2.0;0.0;0.0;0.0;0.0;0.0;0.0;0 days 00:55:00;0.9166666666666666;2.181818181818182
0202;2408;Marronniers;weekday;0 days 07:42:00;0 days 08:36:00;2.0;0.0;2.0;0.0;0.0;0.0;0.0;0.0;0.0;0 days 00:54:00;0.9;2.2222222222222223
0202;2409;Housset;weekday;0 days 07:43:00;0 days 08:38:00;2.0;0.0;2.0;0.0;0.0;0.0;0.0;0.0;0.0;0 days 00:55:00;0.9166666666666666;2.181818181818182
0202;2410;Enseigne Abbaye;weekday;0 days 07:46:00;0 days 08:40:00;2.0;0.0;2.0;0.0;0.0;0.0;0.0;0.0;0.0;0 days 00:54:00;0.9;2.2222222222222223
0202;2411;Betton Vallée;weekday;0 days 07:47:00;0 days 08:42:00;2.0;0.0;2.0;0.0;0.0;0.0;0.0;0.0;0.0;0 days 00:55:00;0.9166666666666666;2.181818181818182
0202;2412;Betton Vallée;weekday;0 days 12:45:00;0 days 18:37:00;2.6;0.0;0.0;0.0;1.0;1.0;2.0;0.0;0.0;0 days 05:52:00;5.866666666666666;0.44318181818181823
0202;2413;Enseigne Abbaye;weekday;0 days 12:46:00;0 days 18:38:00;2.6;0.0;0.0;0.0;1.0;1.0;2.0;0.0;0.0;0 days 05:52:00;5.866666666666666;0.44318181818181823
0202;2414;Housset;weekday;0 days 12:47:00;0 days 18:40:00;2.6;0.0;0.0;0.0;1.0;1.0;2.0;0.0;0.0;0 days 05:53:00;5.883333333333334;0.44192634560906513
0202;2415;Marronniers;weekday;0 days 12:48:00;0 days 18:41:00;2.6;0.0;0.0;0.0;1.0;1.0;2.0;0.0;0.0;0 days 05:53:00;5.883333333333334;0.44192634560906513
0202;2416;Haye Renaud Gare;weekday;0 days 12:50:00;0 days 18:43:00;2.6;0.0;0.0;0.0;1.0;1.0;2.0;0.0;0.0;0 days 05:53:00;5.883333333333334;0.44192634560906513
0202;2418;Betton Mairie;weekday;0 days 12:55:00;0 days 18:48:00;2.6;0.0;0.0;0.0;1.0;1.0;2.0;0.0;0.0;0 days 05:53:00;5.883333333333334;0.44192634560906513
0202;2419;Trégor;weekday;0 days 12:57:00;0 days 18:50:00;2.6;0.0;0.0;0.0;1.0;1.0;2.0;0.0;0.0;0 days 05:53:00;5.883333333333334;0.44192634560906513
0202;2420;Brocéliande;weekday;0 days 12:58:00;0 days 18:52:00;2.6;0.0;0.0;0.0;1.0;1.0;2.0;0.0;0.0;0 days 05:54:00;5.9;0.4406779661016949
0202;2421;Omblais;weekday;0 days 12:59:00;0 days 18:53:00;2.6;0.0;0.0;0.0;1.0;1.0;2.0;0.0;0.0;0 days 05:54:00;5.9;0.4406779661016949
0202;2432;J. Sébastien Bach;weekday;0 days 07:22:00;0 days 07:22:00;1.0;0.0;1.0;0.0;0.0;0.0;0.0;0.0;0.0;0 days 00:00:00;0.0;inf
0202;2434;J. Sébastien Bach;weekday;0 days 13:05:00;0 days 19:00:00;1.0;0.0;0.0;0.0;1.0;0.0;1.0;0.0;0.0;0 days 05:55:00;5.916666666666667;0.16901408450704225
0202;2437;Betton Centre;weekday;0 days 12:54:00;0 days 18:47:00;2.6;0.0;0.0;0.0;1.0;1.0;2.0;0.0;0.0;0 days 05:53:00;5.883333333333334;0.44192634560906513
0202;2451;Gentilhommière;weekday;0 days 07:20:00;0 days 07:20:00;1.0;0.0;1.0;0.0;0.0;0.0;0.0;0.0;0.0;0 days 00:00:00;0.0;inf
0202;2458;Gentilhommière;weekday;0 days 13:06:00;0 days 19:01:00;1.0;0.0;0.0;0.0;1.0;0.0;1.0;0.0;0.0;0 days 05:55:00;5.916666666666667;0.16901408450704225
0202;2462;Basse Robinais;weekday;0 days 07:18:44;0 days 07:19:00;1.0;0.0;1.0;0.0;0.0;0.0;0.0;0.0;0.0;0 days 00:00:16;0.0044444444444444444;225.0
0202;2463;Basse Robinais;weekday;0 days 13:07:00;0 days 19:02:00;1.0;0.0;0.0;0.0;1.0;0.0;1.0;0.0;0.0;0 days 05:55:00;5.916666666666667;0.16901408450704225
0202;2466;Les Ormes;weekday;0 days 12:51:00;0 days 18:44:00;2.6;0.0;0.0;0.0;1.0;1.0;2.0;0.0;0.0;0 days 05:53:00;5.883333333333334;0.44192634560906513
0202;2468;Les Ormes;weekday;0 days 07:39:00;0 days 08:34:00;2.0;0.0;2.0;0.0;0.0;0.0;0.0;0.0;0.0;0 days 00:55:00;0.9166666666666666;2.181818181818182
0202;2827;Maison Blanche;weekday;0 days 07:49:00;0 days 08:44:00;2.0;0.0;2.0;0.0;0.0;0.0;0.0;0.0;0.0;0 days 00:55:00;0.9166666666666666;2.181818181818182
0202;2829;Maison Blanche;weekday;0 days 12:42:00;0 days 18:34:00;2.6;0.0;0.0;0.0;1.0;1.0;2.0;0.0;0.0;0 days 05:52:00;5.866666666666666;0.44318181818181823
0202;4601;Chevaigné Mairie;weekday;0 days 13:12:00;0 days 19:08:00;1.0;0.0;0.0;0.0;1.0;0.0;1.0;0.0;0.0;0 days 05:56:00;5.933333333333334;0.16853932584269662
0202;4602;Fonderies;weekday;0 days 13:14:00;0 days 19:10:00;1.0;0.0;0.0;0.0;1.0;0.0;1.0;0.0;0.0;0 days 05:56:00;5.933333333333334;0.16853932584269662
0202;4603;Pommiers;weekday;0 days 13:16:00;0 days 19:12:00;1.0;0.0;0.0;0.0;1.0;0.0;1.0;0.0;0.0;0 days 05:56:00;5.933333333333334;0.16853932584269662
0202;4604;Pommiers;weekday;0 days 07:11:00;0 days 07:11:01;1.0;0.0;1.0;0.0;0.0;0.0;0.0;0.0;0.0;0 days 00:00:01;0.0002777777777777778;3600.0
0202;4605;Fonderies;weekday;0 days 07:13:00;0 days 07:13:11;1.0;0.0;1.0;0.0;0.0;0.0;0.0;0.0;0.0;0 days 00:00:11;0.0030555555555555557;327.27272727272725
0202;4606;Chevaigné Mairie;weekday;0 days 07:14:00;0 days 07:14:00;1.0;0.0;1.0;0.0;0.0;0.0;0.0;0.0;0.0;0 days 00:00:00;0.0;inf
0202;4607;Chevaigné Gare;weekday;0 days 07:14:52;0 days 07:15:00;1.0;0.0;1.0;0.0;0.0;0.0;0.0;0.0;0.0;0 days 00:00:08;0.0022222222222222222;450.0
0202;4608;Chevaigné Gare;weekday;0 days 13:10:00;0 days 19:06:00;1.0;0.0;0.0;0.0;1.0;0.0;1.0;0.0;0.0;0 days 05:56:00;5.933333333333334;0.16853932584269662
0202;4609;Chopinais;weekday;0 days 07:17:00;0 days 07:17:00;1.0;0.0;1.0;0.0;0.0;0.0;0.0;0.0;0.0;0 days 00:00:00;0.0;inf
0202;4610;Chopinais;weekday;0 days 13:08:00;0 days 19:04:00;1.0;0.0;0.0;0.0;1.0;0.0;1.0;0.0;0.0;0 days 05:56:00;5.933333333333334;0.16853932584269662
0204;2804;Ricoquais;weekday;0 days 07:31:00;0 days 07:41:00;2.0;0.0;2.0;0.0;0.0;0.0;0.0;0.0;0.0;0 days 00:10:00;0.16666666666666666;12.0
0204;2805;Camus;weekday;0 days 07:32:00;0 days 07:44:00;2.0;0.0;2.0;0.0;0.0;0.0;0.0;0.0;0.0;0 days 00:12:00;0.2;10.0
0204;2806;Vivier Louis;weekday;0 days 07:33:00;0 days 07:46:00;2.0;0.0;2.0;0.0;0.0;0.0;0.0;0.0;0.0;0 days 00:13:00;0.21666666666666667;9.23076923076923
0204;2808;Uttenreuth;weekday;0 days 07:34:00;0 days 07:47:00;2.0;0.0;2.0;0.0;0.0;0.0;0.0;0.0;0.0;0 days 00:13:00;0.21666666666666667;9.23076923076923
0204;2809;Discalceat;weekday;0 days 07:35:00;0 days 07:48:00;2.0;0.0;2.0;0.0;0.0;0.0;0.0;0.0;0.0;0 days 00:13:00;0.21666666666666667;9.23076923076923
0204;2810;Paul-Emile Victor;weekday;0 days 12:49:00;0 days 18:30:00;2.6;0.0;0.0;0.0;1.0;1.0;2.0;0.0;0.0;0 days 05:41:00;5.683333333333334;0.4574780058651026
0204;2811;Cité des Jardins;weekday;0 days 07:37:45;0 days 07:51:00;2.0;0.0;2.0;0.0;0.0;0.0;0.0;0.0;0.0;0 days 00:13:15;0.22083333333333333;9.056603773584905
0204;2812;Forge;weekday;0 days 07:39:00;0 days 07:52:00;2.0;0.0;2.0;0.0;0.0;0.0;0.0;0.0;0.0;0 days 00:13:00;0.21666666666666667;9.23076923076923
0204;2813;Haut Trait;weekday;0 days 07:40:00;0 days 07:53:25;2.0;0.0;2.0;0.0;0.0;0.0;0.0;0.0;0.0;0 days 00:13:25;0.22361111111111112;8.944099378881987
0204;2814;CHP Saint-Grégoire;weekday;0 days 12:44:00;0 days 18:26:25;2.6;0.0;0.0;0.0;1.0;1.0;2.0;0.0;0.0;0 days 05:42:25;5.706944444444445;0.4555853005597469
0204;2815;La Plesse;weekday;0 days 07:43:00;0 days 07:57:00;2.0;0.0;2.0;0.0;0.0;0.0;0.0;0.0;0.0;0 days 00:14:00;0.23333333333333334;8.571428571428571
0204;2816;La Plesse;weekday;0 days 12:43:00;0 days 18:25:00;2.6;0.0;0.0;0.0;1.0;1.0;2.0;0.0;0.0;0 days 05:42:00;5.7;0.45614035087719296
0204;2817;CHP Saint-Grégoire;weekday;0 days 07:40:54;0 days 07:54:23;2.0;0.0;2.0;0.0;0.0;0.0;0.0;0.0;0.0;0 days 00:13:29;0.2247222222222222;8.899876390605687
0204;2818;Haut Trait;weekday;0 days 12:45:00;0 days 18:27:10;2.6;0.0;0.0;0.0;1.0;1.0;2.0;0.0;0.0;0 days 05:42:10;5.7027777777777775;0.4559181685338529
0204;2819;Forge;weekday;0 days 12:46:00;0 days 18:28:00;2.6;0.0;0.0;0.0;1.0;1.0;2.0;0.0;0.0;0 days 05:42:00;5.7;0.45614035087719296
0204;2820;Cité des Jardins;weekday;0 days 12:48:00;0 days 18:29:00;2.6;0.0;0.0;0.0;1.0;1.0;2.0;0.0;0.0;0 days 05:41:00;5.683333333333334;0.4574780058651026
0204;2821;Paul-Emile Victor;weekday;0 days 07:36:57;0 days 07:50:00;2.0;0.0;2.0;0.0;0.0;0.0;0.0;0.0;0.0;0 days 00:13:03;0.2175;9.195402298850574
0204;2822;Discalceat;weekday;0 days 12:50:00;0 days 18:32:00;2.6;0.0;0.0;0.0;1.0;1.0;2.0;0.0;0.0;0 days 05:42:00;5.7;0.45614035087719296
0204;2824;Vivier Louis;weekday;0 days 12:52:00;0 days 18:34:00;2.6;0.0;0.0;0.0;1.0;1.0;2.0;0.0;0.0;0 days 05:42:00;5.7;0.45614035087719296
0204;2825;Camus;weekday;0 days 12:52:57;0 days 18:35:00;2.6;0.0;0.0;0.0;1.0;1.0;2.0;0.0;0.0;0 days 05:42:03;5.700833333333334;0.4560736734395556
0204;2836;Uttenreuth;weekday;0 days 12:51:00;0 days 18:33:00;2.6;0.0;0.0;0.0;1.0;1.0;2.0;0.0;0.0;0 days 05:42:00;5.7;0.45614035087719296
0204;2842;Nobel;weekday;0 days 07:29:49;0 days 07:40:00;2.0;0.0;2.0;0.0;0.0;0.0;0.0;0.0;0.0;0 days 00:10:11;0.16972222222222222;11.783960720130933
0204;2843;Nobel;weekday;0 days 12:54:57;0 days 18:37:25;2.6;0.0;0.0;0.0;1.0;1.0;2.0;0.0;0.0;0 days 05:42:28;5.707777777777777;0.4555187852832393
0204;2844;Champ Daguet;weekday;0 days 07:29:00;0 days 18:39:00;4.6;0.0;2.0;0.0;1.0;1.0;2.0;0.0;0.0;0 days 11:10:00;11.166666666666666;0.41194029850746267
0204;2846;Ricoquais;weekday;0 days 12:54:00;0 days 18:36:00;2.6;0.0;0.0;0.0;1.0;1.0;2.0;0.0;0.0;0 days 05:42:00;5.7;0.45614035087719296
0206;2008;La Coulée;weekday;0 days 12:52:00;0 days 12:52:04;1.0;0.0;0.0;0.0;1.0;0.0;0.0;0.0;0.0;0 days 00:00:04;0.0011111111111111111;900.0
0206;2009;Fontenelle;weekday;0 days 12:53:00;0 days 12:53:16;1.0;0.0;0.0;0.0;1.0;0.0;0.0;0.0;0.0;0 days 00:00:16;0.0044444444444444444;225.0
0206;2013;Vilaine;weekday;0 days 07:46:00;0 days 07:46:00;1.0;0.0;1.0;0.0;0.0;0.0;0.0;0.0;0.0;0 days 00:00:00;0.0;inf
0206;2014;Sports et Nature;weekday;0 days 07:47:00;0 days 07:47:00;1.0;0.0;1.0;0.0;0.0;0.0;0.0;0.0;0.0;0 days 00:00:00;0.0;inf
0206;2015;Hublais;weekday;0 days 07:49:00;0 days 07:49:00;2.0;0.0;2.0;0.0;0.0;0.0;0.0;0.0;0.0;0 days 00:00:00;0.0;inf
0206;2016;Taillis;weekday;0 days 07:51:00;0 days 07:51:00;2.0;0.0;2.0;0.0;0.0;0.0;0.0;0.0;0.0;0 days 00:00:00;0.0;inf
0206;2017;Champs Péans;weekday;0 days 07:53:00;0 days 07:53:00;2.0;0.0;2.0;0.0;0.0;0.0;0.0;0.0;0.0;0 days 00:00:00;0.0;inf
0206;2019;Champs Péans;weekday;0 days 12:35:49;0 days 17:08:00;1.0;0.0;0.0;0.0;1.0;0.0;1.0;0.0;0.0;0 days 04:32:11;4.536388888888889;0.22043965464454104
0206;2020;Taillis;weekday;0 days 12:37:00;0 days 17:09:09;1.0;0.0;0.0;0.0;1.0;0.0;1.0;0.0;0.0;0 days 04:32:09;4.535833333333334;0.22046665441851918
0206;2021;Hublais;weekday;0 days 12:39:00;0 days 17:11:00;1.0;0.0;0.0;0.0;1.0;0.0;1.0;0.0;0.0;0 days 04:32:00;4.533333333333333;0.22058823529411764
0206;2023;Vilaine;weekday;0 days 12:46:00;0 days 17:18:00;1.0;0.0;0.0;0.0;1.0;0.0;1.0;0.0;0.0;0 days 04:32:00;4.533333333333333;0.22058823529411764
0206;2043;Cormier;weekday;0 days 12:57:00;0 days 12:57:00;1.0;0.0;0.0;0.0;1.0;0.0;0.0;0.0;0.0;0 days 00:00:00;0.0;inf
0206;2049;Les Lacs;weekday;0 days 12:55:39;0 days 12:56:00;1.0;0.0;0.0;0.0;1.0;0.0;0.0;0.0;0.0;0 days 00:00:21;0.005833333333333334;171.42857142857142
0206;2054;Métairies Chalotais;weekday;0 days 07:42:00;0 days 07:42:01;1.0;0.0;1.0;0.0;0.0;0.0;0.0;0.0;0.0;0 days 00:00:01;0.0002777777777777778;3600.0
0206;2055;Cesson Piscine;weekday;0 days 07:43:00;0 days 07:43:00;1.0;0.0;1.0;0.0;0.0;0.0;0.0;0.0;0.0;0 days 00:00:00;0.0;inf
0206;2059;Monniais;weekday;0 days 12:43:00;0 days 17:15:00;1.0;0.0;0.0;0.0;1.0;0.0;1.0;0.0;0.0;0 days 04:32:00;4.533333333333333;0.22058823529411764
0206;2067;Cesson Piscine;weekday;0 days 12:49:00;0 days 17:21:00;1.0;0.0;0.0;0.0;1.0;0.0;1.0;0.0;0.0;0 days 04:32:00;4.533333333333333;0.22058823529411764
0206;2068;Métairies Chalotais;weekday;0 days 12:51:00;0 days 17:23:00;1.0;0.0;0.0;0.0;1.0;0.0;1.0;0.0;0.0;0 days 04:32:00;4.533333333333333;0.22058823529411764
0206;2074;Mare Pavée;weekday;0 days 12:54:00;0 days 12:54:19;1.0;0.0;0.0;0.0;1.0;0.0;0.0;0.0;0.0;0 days 00:00:19;0.005277777777777778;189.4736842105263
0206;2143;Monniais;weekday;0 days 07:45:00;0 days 07:45:01;1.0;0.0;1.0;0.0;0.0;0.0;0.0;0.0;0.0;0 days 00:00:01;0.0002777777777777778;3600.0
0206;2144;Sports et Nature;weekday;0 days 07:47:00;0 days 07:47:00;1.0;0.0;1.0;0.0;0.0;0.0;0.0;0.0;0.0;0 days 00:00:00;0.0;inf
0206;2145;Sports et Nature;weekday;0 days 12:41:00;0 days 17:13:00;1.0;0.0;0.0;0.0;1.0;0.0;1.0;0.0;0.0;0 days 04:32:00;4.533333333333333;0.22058823529411764
0208;2808;Uttenreuth;weekday;0 days 16:01:00;0 days 17:36:00;1.0;0.0;0.0;0.0;0.0;1.0;1.0;0.0;0.0;0 days 01:35:00;1.5833333333333333;0.6315789473684211
0208;2836;Uttenreuth;weekday;0 days 08:24:00;0 days 08:54:00;1.0;0.0;1.0;0.0;0.0;0.0;0.0;0.0;0.0;0 days 00:30:00;0.5;2.0
0208;2840;MFR Rabinardières;weekday;0 days 08:30:00;0 days 17:30:01;2.0;0.0;1.0;0.0;0.0;1.0;1.0;0.0;0.0;0 days 09:00:01;9.000277777777777;0.22221536372334189
0209;2202;Collège Jean Moulin;weekday;0 days 12:25:00;0 days 16:55:01;1.8;0.0;0.0;0.0;1.0;2.0;0.0;0.0;0.0;0 days 04:30:01;4.500277777777778;0.39997531016603916
0209;2208;Commeurec;weekday;0 days 07:48:00;0 days 08:48:00;2.0;0.0;2.0;0.0;0.0;0.0;0.0;0.0;0.0;0 days 01:00:00;1.0;2.0
0209;2209;Commeurec;weekday;0 days 12:37:00;0 days 17:09:00;1.8;0.0;0.0;0.0;1.0;1.0;1.0;0.0;0.0;0 days 04:32:00;4.533333333333333;0.3970588235294118
0209;2211;Maltière;weekday;0 days 07:56:00;0 days 08:56:00;2.0;0.0;2.0;0.0;0.0;0.0;0.0;0.0;0.0;0 days 01:00:00;1.0;2.0
0209;2215;Collège Jean Moulin;weekday;0 days 08:00:00;0 days 09:00:00;2.0;0.0;2.0;0.0;0.0;0.0;0.0;0.0;0.0;0 days 01:00:00;1.0;2.0
0209;2225;Maltière;weekday;0 days 12:30:00;0 days 17:01:00;1.8;0.0;0.0;0.0;1.0;1.0;1.0;0.0;0.0;0 days 04:31:00;4.516666666666667;0.39852398523985244
0209;2226;Rablais Allende;weekday;0 days 07:54:00;0 days 08:54:00;2.0;0.0;2.0;0.0;0.0;0.0;0.0;0.0;0.0;0 days 01:00:00;1.0;2.0
0209;2227;Croix Verte;weekday;0 days 12:32:00;0 days 17:04:00;1.8;0.0;0.0;0.0;1.0;1.0;1.0;0.0;0.0;0 days 04:32:00;4.533333333333333;0.3970588235294118
0209;2229;Croix Verte;weekday;0 days 07:53:00;0 days 08:53:00;2.0;0.0;2.0;0.0;0.0;0.0;0.0;0.0;0.0;0 days 01:00:00;1.0;2.0
0209;2230;Rablais Allende;weekday;0 days 12:31:00;0 days 17:02:00;1.8;0.0;0.0;0.0;1.0;1.0;1.0;0.0;0.0;0 days 04:31:00;4.516666666666667;0.39852398523985244
0209;2273;Jean Pont;weekday;0 days 12:34:00;0 days 17:06:00;1.8;0.0;0.0;0.0;1.0;1.0;1.0;0.0;0.0;0 days 04:32:00;4.533333333333333;0.3970588235294118
0209;2274;Jean Pont;weekday;0 days 07:51:00;0 days 08:51:00;2.0;0.0;2.0;0.0;0.0;0.0;0.0;0.0;0.0;0 days 01:00:00;1.0;2.0
0212;2706;Molène;weekday;0 days 07:40:00;0 days 07:40:01;1.0;0.0;1.0;0.0;0.0;0.0;0.0;0.0;0.0;0 days 00:00:01;0.0002777777777777778;3600.0
0212;2707;Potiers;weekday;0 days 07:42:00;0 days 07:42:00;1.0;0.0;1.0;0.0;0.0;0.0;0.0;0.0;0.0;0 days 00:00:00;0.0;inf
0212;2708;Centre;weekday;0 days 07:44:00;0 days 07:44:00;1.0;0.0;1.0;0.0;0.0;0.0;0.0;0.0;0.0;0 days 00:00:00;0.0;inf
0212;2709;Louis Texier;weekday;0 days 07:46:00;0 days 07:46:00;1.0;0.0;1.0;0.0;0.0;0.0;0.0;0.0;0.0;0 days 00:00:00;0.0;inf
0212;2710;Petite Saudrais;weekday;0 days 07:49:00;0 days 07:49:00;1.0;0.0;1.0;0.0;0.0;0.0;0.0;0.0;0.0;0 days 00:00:00;0.0;inf
0212;2711;Croix Fleurie;weekday;0 days 07:50:00;0 days 07:50:00;1.0;0.0;1.0;0.0;0.0;0.0;0.0;0.0;0.0;0 days 00:00:00;0.0;inf
0212;2712;Mail Lancé;weekday;0 days 07:52:00;0 days 07:52:00;1.0;0.0;1.0;0.0;0.0;0.0;0.0;0.0;0.0;0 days 00:00:00;0.0;inf
0212;2717;Mail Lancé;weekday;0 days 12:35:00;0 days 18:20:00;1.8;0.0;0.0;0.0;1.0;0.0;2.0;0.0;0.0;0 days 05:45:00;5.75;0.3130434782608696
0212;2718;Croix Fleurie;weekday;0 days 12:36:00;0 days 18:21:00;1.8;0.0;0.0;0.0;1.0;0.0;2.0;0.0;0.0;0 days 05:45:00;5.75;0.3130434782608696
0212;2719;Petite Saudrais;weekday;0 days 12:37:00;0 days 18:22:00;1.8;0.0;0.0;0.0;1.0;0.0;2.0;0.0;0.0;0 days 05:45:00;5.75;0.3130434782608696
0212;2720;Louis Texier;weekday;0 days 12:40:00;0 days 18:24:00;1.8;0.0;0.0;0.0;1.0;0.0;2.0;0.0;0.0;0 days 05:44:00;5.733333333333333;0.313953488372093
0212;2721;Centre;weekday;0 days 12:41:00;0 days 18:25:00;1.8;0.0;0.0;0.0;1.0;0.0;2.0;0.0;0.0;0 days 05:44:00;5.733333333333333;0.313953488372093
0212;2722;Potiers;weekday;0 days 12:42:00;0 days 18:27:00;1.8;0.0;0.0;0.0;1.0;0.0;2.0;0.0;0.0;0 days 05:45:00;5.75;0.3130434782608696
0212;2723;Molène;weekday;0 days 12:44:00;0 days 18:28:00;1.8;0.0;0.0;0.0;1.0;0.0;2.0;0.0;0.0;0 days 05:44:00;5.733333333333333;0.313953488372093
0212;2733;Deux Rives;weekday;0 days 12:46:00;0 days 18:30:00;1.8;0.0;0.0;0.0;1.0;0.0;2.0;0.0;0.0;0 days 05:44:00;5.733333333333333;0.313953488372093
0212;2773;Ise;weekday;0 days 12:47:00;0 days 18:31:00;1.8;0.0;0.0;0.0;1.0;0.0;2.0;0.0;0.0;0 days 05:44:00;5.733333333333333;0.313953488372093
0212;4354;Paul Féval;weekday;0 days 12:52:00;0 days 18:36:00;1.8;0.0;0.0;0.0;1.0;0.0;2.0;0.0;0.0;0 days 05:44:00;5.733333333333333;0.313953488372093
0212;4355;Champ Mulon;weekday;0 days 12:53:00;0 days 18:37:00;1.8;0.0;0.0;0.0;1.0;0.0;2.0;0.0;0.0;0 days 05:44:00;5.733333333333333;0.313953488372093
0212;4360;Leuzières;weekday;0 days 12:48:00;0 days 18:32:00;1.8;0.0;0.0;0.0;1.0;0.0;2.0;0.0;0.0;0 days 05:44:00;5.733333333333333;0.313953488372093
0212;4361;Croix Faucheux;weekday;0 days 12:50:00;0 days 18:34:00;1.8;0.0;0.0;0.0;1.0;0.0;2.0;0.0;0.0;0 days 05:44:00;5.733333333333333;0.313953488372093
0212;4363;Alexandre Gilois;weekday;0 days 12:51:00;0 days 18:35:00;1.8;0.0;0.0;0.0;1.0;0.0;2.0;0.0;0.0;0 days 05:44:00;5.733333333333333;0.313953488372093
0212;4385;Simone Marchand;weekday;0 days 12:49:00;0 days 18:33:00;1.8;0.0;0.0;0.0;1.0;0.0;2.0;0.0;0.0;0 days 05:44:00;5.733333333333333;0.313953488372093
0213;3201;Fort Joual;weekday;0 days 07:22:00;0 days 07:22:00;1.0;0.0;1.0;0.0;0.0;0.0;0.0;0.0;0.0;0 days 00:00:00;0.0;inf
0213;3202;Frogerais;weekday;0 days 07:23:00;0 days 07:23:00;1.0;0.0;1.0;0.0;0.0;0.0;0.0;0.0;0.0;0 days 00:00:00;0.0;inf
0213;3203;Petite Rochelle;weekday;0 days 07:24:00;0 days 07:24:00;1.0;0.0;1.0;0.0;0.0;0.0;0.0;0.0;0.0;0 days 00:00:00;0.0;inf
0213;3204;Télégraphe;weekday;0 days 07:26:00;0 days 12:54:00;1.2;0.0;1.0;0.0;1.0;0.0;0.0;0.0;0.0;0 days 05:28:00;5.466666666666667;0.21951219512195122
0213;3205;Petite Rochelle;weekday;0 days 12:55:00;0 days 12:55:00;1.0;0.0;0.0;0.0;1.0;0.0;0.0;0.0;0.0;0 days 00:00:00;0.0;inf
0213;3206;Frogerais;weekday;0 days 12:56:00;0 days 12:56:00;1.0;0.0;0.0;0.0;1.0;0.0;0.0;0.0;0.0;0 days 00:00:00;0.0;inf
0213;3207;Fort Joual;weekday;0 days 12:58:00;0 days 12:58:00;1.0;0.0;0.0;0.0;1.0;0.0;0.0;0.0;0.0;0 days 00:00:00;0.0;inf
0213;3209;Surcouf;weekday;0 days 07:30:00;0 days 07:30:00;1.0;0.0;1.0;0.0;0.0;0.0;0.0;0.0;0.0;0 days 00:00:00;0.0;inf
0213;3210;Coteau;weekday;0 days 07:32:00;0 days 07:32:00;1.0;0.0;1.0;0.0;0.0;0.0;0.0;0.0;0.0;0 days 00:00:00;0.0;inf
0213;3211;Groupe Scolaire;weekday;0 days 07:34:00;0 days 07:34:00;1.0;0.0;1.0;0.0;0.0;0.0;0.0;0.0;0.0;0 days 00:00:00;0.0;inf
0213;3212;Levant;weekday;0 days 07:27:00;0 days 07:27:00;1.0;0.0;1.0;0.0;0.0;0.0;0.0;0.0;0.0;0 days 00:00:00;0.0;inf
0213;3213;Plardière;weekday;0 days 07:30:00;0 days 07:30:00;1.0;0.0;1.0;0.0;0.0;0.0;0.0;0.0;0.0;0 days 00:00:00;0.0;inf
0213;3216;Plardière;weekday;0 days 11:44:00;0 days 18:26:00;2.4;0.0;0.0;1.0;2.0;0.0;2.25;0.0;0.0;0 days 06:42:00;6.7;0.3582089552238806
0213;3217;Levant;weekday;0 days 11:48:00;0 days 18:29:00;2.4;0.0;0.0;1.0;2.0;0.0;2.25;0.0;0.0;0 days 06:41:00;6.683333333333334;0.3591022443890274
0213;3218;Groupe Scolaire;weekday;0 days 11:49:00;0 days 18:30:00;2.4;0.0;0.0;1.0;2.0;0.0;2.25;0.0;0.0;0 days 06:41:00;6.683333333333334;0.3591022443890274
0213;3219;Coteau;weekday;0 days 11:50:00;0 days 18:31:00;2.4;0.0;0.0;1.0;2.0;0.0;2.25;0.0;0.0;0 days 06:41:00;6.683333333333334;0.3591022443890274
0213;3220;Surcouf;weekday;0 days 11:51:00;0 days 18:32:00;2.4;0.0;0.0;1.0;2.0;0.0;2.25;0.0;0.0;0 days 06:41:00;6.683333333333334;0.3591022443890274
0213;3249;Orgerblon;weekday;0 days 11:43:00;0 days 18:25:01;2.4;0.0;0.0;1.0;2.0;0.0;2.25;0.0;0.0;0 days 06:42:01;6.700277777777778;0.35819410472202645
0213;3250;Orgerblon;weekday;0 days 07:39:00;0 days 07:39:00;1.0;0.0;1.0;0.0;0.0;0.0;0.0;0.0;0.0;0 days 00:00:00;0.0;inf
0213;3257;Haye Longue;weekday;0 days 11:46:00;0 days 18:27:00;2.4;0.0;0.0;1.0;2.0;0.0;2.25;0.0;0.0;0 days 06:41:00;6.683333333333334;0.3591022443890274
0213;3258;Haye Longue;weekday;0 days 07:28:00;0 days 07:28:00;1.0;0.0;1.0;0.0;0.0;0.0;0.0;0.0;0.0;0 days 00:00:00;0.0;inf
0213;3259;Ormes Blanches;weekday;0 days 07:21:00;0 days 18:33:00;3.4;0.0;1.0;1.0;2.0;0.0;2.25;0.0;0.0;0 days 11:12:00;11.2;0.3035714285714286
0213;3801;Centre de Loisirs;weekday;0 days 12:05:00;0 days 18:46:00;2.0;0.0;0.0;0.0;2.0;0.0;2.0;0.0;0.0;0 days 06:41:00;6.683333333333334;0.29925187032418954
0213;3806;Perelle;weekday;0 days 11:57:00;0 days 18:38:00;2.0;0.0;0.0;1.0;1.0;0.0;2.0;0.0;0.0;0 days 06:41:00;6.683333333333334;0.29925187032418954
0213;3807;La Basse Erable;weekday;0 days 11:59:00;0 days 18:40:00;2.0;0.0;0.0;1.0;1.0;0.0;2.0;0.0;0.0;0 days 06:41:00;6.683333333333334;0.29925187032418954
0213;3808;La Motte;weekday;0 days 12:00:00;0 days 18:41:00;2.0;0.0;0.0;0.0;2.0;0.0;2.0;0.0;0.0;0 days 06:41:00;6.683333333333334;0.29925187032418954
0213;3809;Bourgbarré Mairie;weekday;0 days 12:01:00;0 days 18:43:00;2.0;0.0;0.0;0.0;2.0;0.0;2.0;0.0;0.0;0 days 06:42:00;6.7;0.29850746268656714
0213;3810;Moc Souris;weekday;0 days 07:19:00;0 days 13:02:00;1.2;0.0;1.0;0.0;1.0;0.0;0.0;0.0;0.0;0 days 05:43:00;5.716666666666667;0.20991253644314867
0213;3811;Sept Fours;weekday;0 days 07:17:00;0 days 13:00:00;1.2;0.0;1.0;0.0;1.0;0.0;0.0;0.0;0.0;0 days 05:43:00;5.716666666666667;0.20991253644314867
0213;3839;Salle de Sports;weekday;0 days 12:02:00;0 days 18:44:00;2.0;0.0;0.0;0.0;2.0;0.0;2.0;0.0;0.0;0 days 06:42:00;6.7;0.29850746268656714
0213;4352;Champ Mulon;weekday;0 days 07:34:00;0 days 07:34:00;1.0;0.0;1.0;0.0;0.0;0.0;0.0;0.0;0.0;0 days 00:00:00;0.0;inf
0213;4353;Paul Féval;weekday;0 days 07:35:00;0 days 07:35:00;1.0;0.0;1.0;0.0;0.0;0.0;0.0;0.0;0.0;0 days 00:00:00;0.0;inf
0213;4356;Croix du Pigeonnet;weekday;0 days 07:40:00;0 days 07:40:00;1.0;0.0;1.0;0.0;0.0;0.0;0.0;0.0;0.0;0 days 00:00:00;0.0;inf
0213;4357;Croix du Pigeonnet;weekday;0 days 11:42:00;0 days 18:25:00;2.4;0.0;0.0;1.0;2.0;0.0;2.25;0.0;0.0;0 days 06:43:00;6.716666666666667;0.3573200992555831
0213;4362;Alexandre Gilois;weekday;0 days 07:36:00;0 days 07:36:00;1.0;0.0;1.0;0.0;0.0;0.0;0.0;0.0;0.0;0 days 00:00:00;0.0;inf
0213;4381;Collège Saint-Paul;weekday;0 days 07:38:00;0 days 07:38:00;1.0;0.0;1.0;0.0;0.0;0.0;0.0;0.0;0.0;0 days 00:00:00;0.0;inf
0214;2015;Hublais;weekday;0 days 12:46:00;0 days 16:56:00;1.2;0.0;0.0;0.0;1.0;1.0;0.0;0.0;0.0;0 days 04:10:00;4.166666666666667;0.288
0214;2016;Taillis;weekday;0 days 12:47:00;0 days 16:57:00;1.2;0.0;0.0;0.0;1.0;1.0;0.0;0.0;0.0;0 days 04:10:00;4.166666666666667;0.288
0214;2019;Champs Péans;weekday;0 days 08:02:00;0 days 16:59:00;3.2;0.0;2.0;0.0;1.0;1.0;0.0;0.0;0.0;0 days 08:57:00;8.95;0.35754189944134085
0214;2020;Taillis;weekday;0 days 08:04:00;0 days 09:03:00;2.0;0.0;2.0;0.0;0.0;0.0;0.0;0.0;0.0;0 days 00:59:00;0.9833333333333333;2.0338983050847457
0214;2021;Hublais;weekday;0 days 08:06:00;0 days 09:05:00;2.0;0.0;2.0;0.0;0.0;0.0;0.0;0.0;0.0;0 days 00:59:00;0.9833333333333333;2.0338983050847457
0214;2032;Charmilles;weekday;0 days 12:48:00;0 days 17:51:00;2.0;0.0;0.0;0.0;1.0;0.0;1.8;0.0;0.0;0 days 05:03:00;5.05;0.39603960396039606
0214;2033;Bas Village;weekday;0 days 08:01:52;0 days 08:50:00;2.0;0.0;2.0;0.0;0.0;0.0;0.0;0.0;0.0;0 days 00:48:08;0.8022222222222222;2.4930747922437675
0214;2034;Forum;weekday;0 days 12:50:00;0 days 17:53:00;2.0;0.0;0.0;0.0;1.0;0.0;1.8;0.0;0.0;0 days 05:03:00;5.05;0.39603960396039606
0214;2035;Forum;weekday;0 days 08:01:00;0 days 08:49:00;2.0;0.0;2.0;0.0;0.0;0.0;0.0;0.0;0.0;0 days 00:48:00;0.8;2.5
0214;2036;Bas Village;weekday;0 days 12:49:00;0 days 17:52:08;2.0;0.0;0.0;0.0;1.0;0.0;1.8;0.0;0.0;0 days 05:03:08;5.052222222222222;0.3958654057620409
0214;2040;Chalotais;weekday;0 days 08:08:00;0 days 09:10:00;4.0;0.0;4.0;0.0;0.0;0.0;0.0;0.0;0.0;0 days 01:02:00;1.0333333333333334;3.8709677419354835
0214;2051;Chalotais;weekday;0 days 12:41:00;0 days 17:43:00;3.2;0.0;0.0;0.0;2.0;1.0;1.8;0.0;0.0;0 days 05:02:00;5.033333333333333;0.6357615894039735
0214;2052;Lycée Ozanam;weekday;0 days 08:15:00;0 days 17:38:01;7.2;0.0;4.0;0.0;2.0;1.0;1.8;0.0;0.0;0 days 09:23:01;9.383611111111112;0.7672952251265505
0214;2054;Métairies Chalotais;weekday;0 days 12:38:00;0 days 17:40:00;3.2;0.0;0.0;0.0;2.0;1.0;1.8;0.0;0.0;0 days 05:02:00;5.033333333333333;0.6357615894039735
0214;2055;Cesson Piscine;weekday;0 days 12:39:00;0 days 17:41:00;3.2;0.0;0.0;0.0;2.0;1.0;1.8;0.0;0.0;0 days 05:02:00;5.033333333333333;0.6357615894039735
0214;2057;Cesson Gare;weekday;0 days 12:43:00;0 days 17:45:00;3.2;0.0;0.0;0.0;2.0;1.0;1.8;0.0;0.0;0 days 05:02:00;5.033333333333333;0.6357615894039735
0214;2058;Peupliers;weekday;0 days 12:44:00;0 days 17:47:00;2.0;0.0;0.0;0.0;1.0;0.0;1.8;0.0;0.0;0 days 05:03:00;5.05;0.39603960396039606
0214;2059;Monniais;weekday;0 days 12:45:00;0 days 17:48:00;2.0;0.0;0.0;0.0;1.0;0.0;1.8;0.0;0.0;0 days 05:03:00;5.05;0.39603960396039606
0214;2060;Rond Point de Bray;weekday;0 days 12:46:00;0 days 17:49:20;2.0;0.0;0.0;0.0;1.0;0.0;1.8;0.0;0.0;0 days 05:03:20;5.055555555555555;0.39560439560439564
0214;2061;Charmilles;weekday;0 days 08:03:00;0 days 08:51:00;2.0;0.0;2.0;0.0;0.0;0.0;0.0;0.0;0.0;0 days 00:48:00;0.8;2.5
0214;2062;Rond Point de Bray;weekday;0 days 08:05:00;0 days 08:53:00;2.0;0.0;2.0;0.0;0.0;0.0;0.0;0.0;0.0;0 days 00:48:00;0.8;2.5
0214;2064;Peupliers;weekday;0 days 08:08:00;0 days 09:07:00;2.0;0.0;2.0;0.0;0.0;0.0;0.0;0.0;0.0;0 days 00:59:00;0.9833333333333333;2.0338983050847457
0214;2065;Cesson Gare;weekday;0 days 08:09:00;0 days 09:08:00;3.0;0.0;3.0;0.0;0.0;0.0;0.0;0.0;0.0;0 days 00:59:00;0.9833333333333333;3.050847457627119
0214;2067;Cesson Piscine;weekday;0 days 08:10:00;0 days 09:12:00;4.0;0.0;4.0;0.0;0.0;0.0;0.0;0.0;0.0;0 days 01:02:00;1.0333333333333334;3.8709677419354835
0214;2068;Métairies Chalotais;weekday;0 days 08:14:00;0 days 09:13:00;3.0;0.0;3.0;0.0;0.0;0.0;0.0;0.0;0.0;0 days 00:59:00;0.9833333333333333;3.050847457627119
0214;2143;Monniais;weekday;0 days 08:07:00;0 days 08:55:00;2.0;0.0;2.0;0.0;0.0;0.0;0.0;0.0;0.0;0 days 00:48:00;0.8;2.5
0214;2144;Sports et Nature;weekday;0 days 12:45:00;0 days 16:55:00;1.2;0.0;0.0;0.0;1.0;1.0;0.0;0.0;0.0;0 days 04:10:00;4.166666666666667;0.288
0214;2145;Sports et Nature;weekday;0 days 08:07:00;0 days 09:06:00;2.0;0.0;2.0;0.0;0.0;0.0;0.0;0.0;0.0;0 days 00:59:00;0.9833333333333333;2.0338983050847457
0214;2164;Chêne Morand;weekday;0 days 12:48:30;0 days 17:52:00;2.0;0.0;0.0;0.0;1.0;0.0;1.8;0.0;0.0;0 days 05:03:30;5.058333333333334;0.39538714991762763
0214;2165;Chêne Morand;weekday;0 days 08:02:31;0 days 08:03:00;1.0;0.0;1.0;0.0;0.0;0.0;0.0;0.0;0.0;0 days 00:00:29;0.008055555555555555;124.13793103448276
0214;3014;Breillou;weekday;0 days 08:00:00;0 days 08:48:19;2.0;0.0;2.0;0.0;0.0;0.0;0.0;0.0;0.0;0 days 00:48:19;0.8052777777777778;2.483615039668851
0214;3015;Breillou;weekday;0 days 12:50:50;0 days 17:54:00;2.0;0.0;0.0;0.0;1.0;0.0;1.8;0.0;0.0;0 days 05:03:10;5.052777777777778;0.3958218801539307
0216;2006;Petits Champs;weekday;0 days 07:43:00;0 days 07:43:00;1.0;0.0;1.0;0.0;0.0;0.0;0.0;0.0;0.0;0 days 00:00:00;0.0;inf
0216;2007;Bourgchevreuil;weekday;0 days 07:44:00;0 days 07:44:00;1.0;0.0;1.0;0.0;0.0;0.0;0.0;0.0;0.0;0 days 00:00:00;0.0;inf
0216;2008;La Coulée;weekday;0 days 07:45:00;0 days 07:45:01;1.0;0.0;1.0;0.0;0.0;0.0;0.0;0.0;0.0;0 days 00:00:01;0.0002777777777777778;3600.0
0216;2009;Fontenelle;weekday;0 days 07:45:59;0 days 07:46:00;1.0;0.0;1.0;0.0;0.0;0.0;0.0;0.0;0.0;0 days 00:00:01;0.0002777777777777778;3600.0
0216;2027;Fontenelle;weekday;0 days 12:41:55;0 days 17:13:00;1.0;0.0;0.0;0.0;1.0;0.0;1.0;0.0;0.0;0 days 04:31:05;4.518055555555556;0.2213341530894559
0216;2028;La Coulée;weekday;0 days 12:43:00;0 days 17:14:00;1.0;0.0;0.0;0.0;1.0;0.0;1.0;0.0;0.0;0 days 04:31:00;4.516666666666667;0.22140221402214022
0216;2029;Bourgchevreuil;weekday;0 days 12:44:00;0 days 17:15:00;1.0;0.0;0.0;0.0;1.0;0.0;1.0;0.0;0.0;0 days 04:31:00;4.516666666666667;0.22140221402214022
0216;2030;Petits Champs;weekday;0 days 12:45:00;0 days 17:16:06;1.0;0.0;0.0;0.0;1.0;0.0;1.0;0.0;0.0;0 days 04:31:06;4.5183333333333335;0.22132054592401326
0216;2042;Les Lacs;weekday;0 days 12:40:00;0 days 17:11:11;1.0;0.0;0.0;0.0;1.0;0.0;1.0;0.0;0.0;0 days 04:31:11;4.519722222222223;0.22125253518529897
0216;2043;Cormier;weekday;0 days 07:49:00;0 days 07:49:00;1.0;0.0;1.0;0.0;0.0;0.0;0.0;0.0;0.0;0 days 00:00:00;0.0;inf
0216;2048;Cormier;weekday;0 days 12:39:00;0 days 17:10:00;1.0;0.0;0.0;0.0;1.0;0.0;1.0;0.0;0.0;0 days 04:31:00;4.516666666666667;0.22140221402214022
0216;2049;Les Lacs;weekday;0 days 07:47:55;0 days 07:48:00;1.0;0.0;1.0;0.0;0.0;0.0;0.0;0.0;0.0;0 days 00:00:05;0.001388888888888889;720.0
0216;2074;Mare Pavée;weekday;0 days 07:46:50;0 days 07:47:00;1.0;0.0;1.0;0.0;0.0;0.0;0.0;0.0;0.0;0 days 00:00:10;0.002777777777777778;360.0
0216;2075;Mare Pavée;weekday;0 days 12:40:58;0 days 17:12:00;1.0;0.0;0.0;0.0;1.0;0.0;1.0;0.0;0.0;0 days 04:31:02;4.517222222222222;0.2213749846267372
0216;2148;Dézerseul;weekday;0 days 12:47:00;0 days 17:18:00;1.0;0.0;0.0;0.0;1.0;0.0;1.0;0.0;0.0;0 days 04:31:00;4.516666666666667;0.22140221402214022
0216;2149;Dézerseul;weekday;0 days 07:41:00;0 days 07:41:01;1.0;0.0;1.0;0.0;0.0;0.0;0.0;0.0;0.0;0 days 00:00:01;0.0002777777777777778;3600.0
0218;3162;Centre scolaire Pacé;weekday;0 days 08:15:00;0 days 17:15:01;5.8;0.0;3.0;0.0;2.0;1.0;2.0;0.0;0.0;0 days 09:00:01;9.000277777777777;0.6444245547976915
0218;3705;Saint-Gilles Centre;weekday;0 days 08:54:00;0 days 08:54:00;1.0;0.0;1.0;0.0;0.0;0.0;0.0;0.0;0.0;0 days 00:00:00;0.0;inf
0218;3707;Pont aux Moines;weekday;0 days 07:58:00;0 days 08:55:00;3.0;0.0;3.0;0.0;0.0;0.0;0.0;0.0;0.0;0 days 00:57:00;0.95;3.1578947368421053
0218;3708;Vigne;weekday;0 days 08:00:00;0 days 08:58:00;3.0;0.0;3.0;0.0;0.0;0.0;0.0;0.0;0.0;0 days 00:58:00;0.9666666666666667;3.103448275862069
0218;3709;Fouaye;weekday;0 days 08:02:00;0 days 09:00:00;3.0;0.0;3.0;0.0;0.0;0.0;0.0;0.0;0.0;0 days 00:58:00;0.9666666666666667;3.103448275862069
0218;3710;Fouaye;weekday;0 days 12:54:00;0 days 17:24:00;2.8;0.0;0.0;0.0;2.0;1.0;2.0;0.0;0.0;0 days 04:30:00;4.5;0.6222222222222222
0218;3711;Vigne;weekday;0 days 12:55:00;0 days 17:25:00;2.8;0.0;0.0;0.0;2.0;1.0;2.0;0.0;0.0;0 days 04:30:00;4.5;0.6222222222222222
0218;3712;Pont aux Moines;weekday;0 days 12:57:00;0 days 17:26:00;2.8;0.0;0.0;0.0;2.0;1.0;2.0;0.0;0.0;0 days 04:29:00;4.483333333333333;0.62453531598513
0218;3714;Saint-Gilles Centre;weekday;0 days 12:58:00;0 days 17:28:00;2.8;0.0;0.0;0.0;2.0;1.0;2.0;0.0;0.0;0 days 04:30:00;4.5;0.6222222222222222
0218;3715;Clos des Cerisiers;weekday;0 days 07:54:00;0 days 08:52:00;3.0;0.0;3.0;0.0;0.0;0.0;0.0;0.0;0.0;0 days 00:58:00;0.9666666666666667;3.103448275862069
0218;3717;Maison Neuve;weekday;0 days 07:52:00;0 days 08:51:00;3.0;0.0;3.0;0.0;0.0;0.0;0.0;0.0;0.0;0 days 00:59:00;0.9833333333333333;3.050847457627119
0218;3723;Maison Neuve;weekday;0 days 13:01:00;0 days 17:31:00;2.8;0.0;0.0;0.0;2.0;1.0;2.0;0.0;0.0;0 days 04:30:00;4.5;0.6222222222222222
0218;3724;Clos des Cerisiers;weekday;0 days 13:00:00;0 days 17:30:00;2.8;0.0;0.0;0.0;2.0;1.0;2.0;0.0;0.0;0 days 04:30:00;4.5;0.6222222222222222
0218;3732;Ile des Bois;weekday;0 days 07:47:00;0 days 17:34:00;5.8;0.0;3.0;0.0;2.0;1.0;2.0;0.0;0.0;0 days 09:47:00;9.783333333333333;0.5928449744463373
0219;2201;Morinais;weekday;0 days 13:17:00;0 days 18:42:00;2.6;0.0;0.0;0.0;1.0;1.0;2.0;0.0;0.0;0 days 05:25:00;5.416666666666667;0.48
0219;2202;Collège Jean Moulin;weekday;0 days 13:18:00;0 days 18:43:00;2.6;0.0;0.0;0.0;1.0;1.0;2.0;0.0;0.0;0 days 05:25:00;5.416666666666667;0.48
0219;2203;Médiathèque;weekday;0 days 07:32:00;0 days 08:42:00;2.0;0.0;2.0;0.0;0.0;0.0;0.0;0.0;0.0;0 days 01:10:00;1.1666666666666667;1.7142857142857142
0219;2204;Jean Marin;weekday;0 days 13:20:00;0 days 18:45:00;2.6;0.0;0.0;0.0;1.0;1.0;2.0;0.0;0.0;0 days 05:25:00;5.416666666666667;0.48
0219;2213;Jean Marin;weekday;0 days 07:31:00;0 days 08:41:00;2.0;0.0;2.0;0.0;0.0;0.0;0.0;0.0;0.0;0 days 01:10:00;1.1666666666666667;1.7142857142857142
0219;2214;Médiathèque;weekday;0 days 13:19:00;0 days 18:44:00;2.6;0.0;0.0;0.0;1.0;1.0;2.0;0.0;0.0;0 days 05:25:00;5.416666666666667;0.48
0219;2215;Collège Jean Moulin;weekday;0 days 07:33:00;0 days 08:43:00;2.0;0.0;2.0;0.0;0.0;0.0;0.0;0.0;0.0;0 days 01:10:00;1.1666666666666667;1.7142857142857142
0219;2223;Abbé Grimault;weekday;0 days 13:14:00;0 days 18:39:00;2.6;0.0;0.0;0.0;1.0;1.0;2.0;0.0;0.0;0 days 05:25:00;5.416666666666667;0.48
0219;2224;Morinais;weekday;0 days 07:34:00;0 days 08:44:00;2.0;0.0;2.0;0.0;0.0;0.0;0.0;0.0;0.0;0 days 01:10:00;1.1666666666666667;1.7142857142857142
0219;2233;Abbé Grimault;weekday;0 days 07:37:00;0 days 08:46:00;2.0;0.0;2.0;0.0;0.0;0.0;0.0;0.0;0.0;0 days 01:09:00;1.15;1.7391304347826089
0219;2236;Parc Expo;weekday;0 days 13:09:00;0 days 18:34:00;2.6;0.0;0.0;0.0;1.0;1.0;2.0;0.0;0.0;0 days 05:25:00;5.416666666666667;0.48
0219;2237;Aire Libre;weekday;0 days 13:13:00;0 days 18:38:00;2.6;0.0;0.0;0.0;1.0;1.0;2.0;0.0;0.0;0 days 05:25:00;5.416666666666667;0.48
0219;2238;Centre Météo;weekday;0 days 13:12:00;0 days 18:37:00;2.6;0.0;0.0;0.0;1.0;1.0;2.0;0.0;0.0;0 days 05:25:00;5.416666666666667;0.48
0219;2242;Centre Météo;weekday;0 days 07:39:00;0 days 08:48:00;2.0;0.0;2.0;0.0;0.0;0.0;0.0;0.0;0.0;0 days 01:09:00;1.15;1.7391304347826089
0219;2243;Aire Libre;weekday;0 days 07:38:00;0 days 08:47:00;2.0;0.0;2.0;0.0;0.0;0.0;0.0;0.0;0.0;0 days 01:09:00;1.15;1.7391304347826089
0219;2244;Parc Expo;weekday;0 days 07:41:00;0 days 08:50:00;2.0;0.0;2.0;0.0;0.0;0.0;0.0;0.0;0.0;0 days 01:09:00;1.15;1.7391304347826089
0219;2263;Jean Jaurès;weekday;0 days 13:21:00;0 days 18:46:00;2.6;0.0;0.0;0.0;1.0;1.0;2.0;0.0;0.0;0 days 05:25:00;5.416666666666667;0.48
0219;2264;Jean Jaurès;weekday;0 days 07:30:00;0 days 08:40:01;2.0;0.0;2.0;0.0;0.0;0.0;0.0;0.0;0.0;0 days 01:10:01;1.1669444444444443;1.7138776481790052
0219;2288;Jules Vallès;weekday;0 days 07:40:00;0 days 08:49:00;2.0;0.0;2.0;0.0;0.0;0.0;0.0;0.0;0.0;0 days 01:09:00;1.15;1.7391304347826089
0219;2289;Jules Vallès;weekday;0 days 13:11:00;0 days 18:36:00;2.6;0.0;0.0;0.0;1.0;1.0;2.0;0.0;0.0;0 days 05:25:00;5.416666666666667;0.48
0219;2308;Croix Madame;weekday;0 days 12:59:00;0 days 18:24:00;2.6;0.0;0.0;0.0;1.0;1.0;2.0;0.0;0.0;0 days 05:25:00;5.416666666666667;0.48
0219;2309;Ker Lann;weekday;0 days 07:48:00;0 days 08:56:00;2.0;0.0;2.0;0.0;0.0;0.0;0.0;0.0;0.0;0 days 01:08:00;1.1333333333333333;1.7647058823529411
0219;2311;Coeur de Campus;weekday;0 days 13:03:00;0 days 18:28:00;2.6;0.0;0.0;0.0;1.0;1.0;2.0;0.0;0.0;0 days 05:25:00;5.416666666666667;0.48
0219;2312;Etangs;weekday;0 days 13:04:00;0 days 18:29:00;2.6;0.0;0.0;0.0;1.0;1.0;2.0;0.0;0.0;0 days 05:25:00;5.416666666666667;0.48
0219;2313;Lande du Pont;weekday;0 days 13:05:00;0 days 18:30:00;2.6;0.0;0.0;0.0;1.0;1.0;2.0;0.0;0.0;0 days 05:25:00;5.416666666666667;0.48
0219;2315;Lande du Pont;weekday;0 days 07:44:00;0 days 08:53:00;2.0;0.0;2.0;0.0;0.0;0.0;0.0;0.0;0.0;0 days 01:09:00;1.15;1.7391304347826089
0219;2316;Etangs;weekday;0 days 07:45:00;0 days 08:54:00;2.0;0.0;2.0;0.0;0.0;0.0;0.0;0.0;0.0;0 days 01:09:00;1.15;1.7391304347826089
0219;2317;Coeur de Campus;weekday;0 days 07:46:00;0 days 08:55:00;2.0;0.0;2.0;0.0;0.0;0.0;0.0;0.0;0.0;0 days 01:09:00;1.15;1.7391304347826089
0219;2319;Ker Lann;weekday;0 days 13:01:00;0 days 18:26:00;2.6;0.0;0.0;0.0;1.0;1.0;2.0;0.0;0.0;0 days 05:25:00;5.416666666666667;0.48
0219;2320;Croix Madame;weekday;0 days 07:52:00;0 days 08:58:00;2.0;0.0;2.0;0.0;0.0;0.0;0.0;0.0;0.0;0 days 01:06:00;1.1;1.8181818181818181
0219;2365;Brossolette;weekday;0 days 08:05:00;0 days 17:20:00;2.0;0.0;1.0;0.0;1.0;0.0;1.0;0.0;0.0;0 days 09:15:00;9.25;0.21621621621621623
0219;2366;Aire du 8 Mai;weekday;0 days 08:15:00;0 days 18:15:00;4.6;0.0;2.0;0.0;1.0;1.0;2.0;0.0;0.0;0 days 10:00:00;10.0;0.45999999999999996
0219;2367;Anita Conti;weekday;0 days 08:10:00;0 days 18:10:01;4.6;0.0;2.0;0.0;1.0;1.0;2.0;0.0;0.0;0 days 10:00:01;10.000277777777777;0.45998722257715063
0219;2376;Corbières;weekday;0 days 12:57:00;0 days 18:22:00;2.6;0.0;0.0;0.0;1.0;1.0;2.0;0.0;0.0;0 days 05:25:00;5.416666666666667;0.48
0219;2377;Corbières;weekday;0 days 07:54:00;0 days 09:00:00;2.0;0.0;2.0;0.0;0.0;0.0;0.0;0.0;0.0;0 days 01:06:00;1.1;1.8181818181818181
0220;2052;Lycée Ozanam;weekday;0 days 08:10:00;0 days 08:10:00;2.0;0.0;2.0;0.0;0.0;0.0;0.0;0.0;0.0;0 days 00:00:00;0.0;inf
0220;2091;Lycée Sévigné;weekday;0 days 08:17:00;0 days 17:50:00;4.0;0.0;2.0;0.0;2.0;0.0;2.0;0.0;0.0;0 days 09:33:00;9.55;0.41884816753926696
0220;3316;Village Collectivités;weekday;0 days 12:44:00;0 days 17:54:00;2.0;0.0;0.0;0.0;2.0;0.0;2.0;0.0;0.0;0 days 05:10:00;5.166666666666667;0.3870967741935484
0220;3317;Pâtis du Moulinet;weekday;0 days 08:04:00;0 days 08:04:00;1.0;0.0;1.0;0.0;0.0;0.0;0.0;0.0;0.0;0 days 00:00:00;0.0;inf
0220;3318;Pâtis du Moulinet;weekday;0 days 12:47:00;0 days 17:57:00;1.8;0.0;0.0;0.0;1.0;0.0;2.0;0.0;0.0;0 days 05:10:00;5.166666666666667;0.34838709677419355
0220;4001;Timonière;weekday;0 days 07:54:00;0 days 18:08:00;3.0;0.0;1.0;0.0;2.0;0.0;2.0;0.0;0.0;0 days 10:14:00;10.233333333333333;0.2931596091205212
0220;4002;Verdaudais;weekday;0 days 07:56:00;0 days 07:56:00;1.0;0.0;1.0;0.0;0.0;0.0;0.0;0.0;0.0;0 days 00:00:00;0.0;inf
0220;4003;Acigné Mairie;weekday;0 days 07:57:00;0 days 07:57:00;1.0;0.0;1.0;0.0;0.0;0.0;0.0;0.0;0.0;0 days 00:00:00;0.0;inf
0220;4004;Foyer;weekday;0 days 07:58:00;0 days 07:58:00;1.0;0.0;1.0;0.0;0.0;0.0;0.0;0.0;0.0;0 days 00:00:00;0.0;inf
0220;4006;Pont d'Ohin;weekday;0 days 08:00:00;0 days 08:00:00;1.0;0.0;1.0;0.0;0.0;0.0;0.0;0.0;0.0;0 days 00:00:00;0.0;inf
0220;4007;Boulais;weekday;0 days 08:01:00;0 days 08:01:00;1.0;0.0;1.0;0.0;0.0;0.0;0.0;0.0;0.0;0 days 00:00:00;0.0;inf
0220;4008;Boulais;weekday;0 days 12:48:00;0 days 17:58:00;1.8;0.0;0.0;0.0;1.0;0.0;2.0;0.0;0.0;0 days 05:10:00;5.166666666666667;0.34838709677419355
0220;4009;Pont d'Ohin;weekday;0 days 12:49:00;0 days 17:59:11;1.8;0.0;0.0;0.0;1.0;0.0;2.0;0.0;0.0;0 days 05:10:11;5.169722222222222;0.3481811831712428
0220;4010;Lande;weekday;0 days 12:52:00;0 days 18:02:00;1.8;0.0;0.0;0.0;1.0;0.0;2.0;0.0;0.0;0 days 05:10:00;5.166666666666667;0.34838709677419355
0220;4011;Foyer;weekday;0 days 12:53:00;0 days 18:03:00;1.8;0.0;0.0;0.0;1.0;0.0;2.0;0.0;0.0;0 days 05:10:00;5.166666666666667;0.34838709677419355
0220;4012;Acigné Mairie;weekday;0 days 12:53:33;0 days 18:04:00;1.8;0.0;0.0;0.0;1.0;0.0;2.0;0.0;0.0;0 days 05:10:27;5.174166666666666;0.3478821066194234
0220;4013;Verdaudais;weekday;0 days 12:54:30;0 days 18:05:00;1.8;0.0;0.0;0.0;1.0;0.0;2.0;0.0;0.0;0 days 05:10:30;5.175;0.3478260869565218
0220;4018;Lande;weekday;0 days 07:59:00;0 days 07:59:00;1.0;0.0;1.0;0.0;0.0;0.0;0.0;0.0;0.0;0 days 00:00:00;0.0;inf
0220;4019;Botrel;weekday;0 days 07:54:00;0 days 07:54:01;1.0;0.0;1.0;0.0;0.0;0.0;0.0;0.0;0.0;0 days 00:00:01;0.0002777777777777778;3600.0
0220;4020;Botrel;weekday;0 days 12:56:00;0 days 18:06:00;1.8;0.0;0.0;0.0;1.0;0.0;2.0;0.0;0.0;0 days 05:10:00;5.166666666666667;0.34838709677419355
0221;2041;Cesson Collège;weekday;0 days 08:10:00;0 days 09:13:00;3.0;0.0;3.0;0.0;0.0;0.0;0.0;0.0;0.0;0 days 01:03:00;1.05;2.857142857142857
0221;2050;Cesson Collège;weekday;0 days 11:52:00;0 days 17:57:00;3.6;0.0;0.0;1.0;1.0;1.0;3.0;0.0;0.0;0 days 06:05:00;6.083333333333333;0.5917808219178082
0221;2052;Lycée Ozanam;weekday;0 days 08:05:00;0 days 09:10:00;3.0;0.0;3.0;0.0;0.0;0.0;0.0;0.0;0.0;0 days 01:05:00;1.0833333333333333;2.7692307692307696
0221;2070;Victoire;weekday;0 days 13:01:55;0 days 18:22:00;2.8;0.0;0.0;0.0;2.0;0.0;3.0;0.0;0.0;0 days 05:20:05;5.334722222222222;0.5248633168445717
0221;2071;Calendrou;weekday;0 days 13:03:00;0 days 18:23:00;2.8;0.0;0.0;0.0;2.0;0.0;3.0;0.0;0.0;0 days 05:20:00;5.333333333333333;0.525
0221;2072;Calendrou;weekday;0 days 07:37:00;0 days 07:37:00;1.0;0.0;1.0;0.0;0.0;0.0;0.0;0.0;0.0;0 days 00:00:00;0.0;inf
0221;2073;Victoire;weekday;0 days 07:39:00;0 days 07:39:00;1.0;0.0;1.0;0.0;0.0;0.0;0.0;0.0;0.0;0 days 00:00:00;0.0;inf
0221;2091;Lycée Sévigné;weekday;0 days 08:15:00;0 days 17:55:00;6.6;0.0;3.0;1.0;1.0;1.0;3.0;0.0;0.0;0 days 09:40:00;9.666666666666666;0.6827586206896552
0221;2114;Château de Vaux;weekday;0 days 13:04:00;0 days 18:24:00;2.8;0.0;0.0;0.0;2.0;0.0;3.0;0.0;0.0;0 days 05:20:00;5.333333333333333;0.525
0221;2115;Château de Vaux;weekday;0 days 07:35:00;0 days 07:35:01;1.0;0.0;1.0;0.0;0.0;0.0;0.0;0.0;0.0;0 days 00:00:01;0.0002777777777777778;3600.0
0221;3301;Landelles;weekday;0 days 07:48:00;0 days 18:11:00;5.8;0.0;2.0;0.0;3.0;1.0;3.0;0.0;0.0;0 days 10:23:00;10.383333333333333;0.5585874799357946
0221;3302;Thorigné Mairie;weekday;0 days 07:45:00;0 days 08:56:00;2.0;0.0;2.0;0.0;0.0;0.0;0.0;0.0;0.0;0 days 01:11:00;1.1833333333333333;1.6901408450704225
0221;3304;Anne de Bretagne;weekday;0 days 07:49:00;0 days 08:55:00;2.0;0.0;2.0;0.0;0.0;0.0;0.0;0.0;0.0;0 days 01:06:00;1.1;1.8181818181818181
0221;3305;Bocage;weekday;0 days 12:10:00;0 days 18:15:07;3.8;0.0;0.0;0.0;3.0;1.0;3.0;0.0;0.0;0 days 06:05:07;6.085277777777778;0.624457935819601
0221;3306;Juteauderies;weekday;0 days 12:12:00;0 days 18:17:00;3.8;0.0;0.0;0.0;3.0;1.0;3.0;0.0;0.0;0 days 06:05:00;6.083333333333333;0.6246575342465753
0221;3307;Fouillard;weekday;0 days 12:14:00;0 days 18:19:00;3.8;0.0;0.0;0.0;3.0;1.0;3.0;0.0;0.0;0 days 06:05:00;6.083333333333333;0.6246575342465753
0221;3309;Portail;weekday;0 days 12:16:00;0 days 18:21:00;3.8;0.0;0.0;0.0;3.0;1.0;3.0;0.0;0.0;0 days 06:05:00;6.083333333333333;0.6246575342465753
0221;3310;Portail;weekday;0 days 07:42:00;0 days 08:50:00;2.0;0.0;2.0;0.0;0.0;0.0;0.0;0.0;0.0;0 days 01:08:00;1.1333333333333333;1.7647058823529411
0221;3311;Fouillard;weekday;0 days 07:44:00;0 days 08:51:00;2.0;0.0;2.0;0.0;0.0;0.0;0.0;0.0;0.0;0 days 01:07:00;1.1166666666666667;1.791044776119403
0221;3312;Juteauderies;weekday;0 days 07:46:00;0 days 08:53:00;2.0;0.0;2.0;0.0;0.0;0.0;0.0;0.0;0.0;0 days 01:07:00;1.1166666666666667;1.791044776119403
0221;3313;Bocage;weekday;0 days 07:48:00;0 days 08:54:00;2.0;0.0;2.0;0.0;0.0;0.0;0.0;0.0;0.0;0 days 01:06:00;1.1;1.8181818181818181
0221;3314;Anne de Bretagne;weekday;0 days 12:08:59;0 days 18:14:00;3.8;0.0;0.0;0.0;3.0;1.0;3.0;0.0;0.0;0 days 06:05:01;6.083611111111111;0.6246290123738643
0221;3315;Thorigné Mairie;weekday;0 days 12:08:00;0 days 18:13:00;3.8;0.0;0.0;0.0;3.0;1.0;3.0;0.0;0.0;0 days 06:05:00;6.083333333333333;0.6246575342465753
0221;3316;Village Collectivités;weekday;0 days 11:55:00;0 days 18:00:00;3.8;0.0;0.0;1.0;2.0;1.0;3.0;0.0;0.0;0 days 06:05:00;6.083333333333333;0.6246575342465753
0221;3319;Pâtis du Moulinet;weekday;0 days 07:52:00;0 days 09:03:00;2.0;0.0;2.0;0.0;0.0;0.0;0.0;0.0;0.0;0 days 01:11:00;1.1833333333333333;1.6901408450704225
0221;3320;Pâtis du Moulinet;weekday;0 days 12:01:00;0 days 18:06:00;3.8;0.0;0.0;0.0;3.0;1.0;3.0;0.0;0.0;0 days 06:05:00;6.083333333333333;0.6246575342465753
0221;3322;Curien;weekday;0 days 07:51:00;0 days 09:01:00;2.0;0.0;2.0;0.0;0.0;0.0;0.0;0.0;0.0;0 days 01:10:00;1.1666666666666667;1.7142857142857142
0221;3323;Curien;weekday;0 days 12:03:00;0 days 18:08:26;3.8;0.0;0.0;0.0;3.0;1.0;3.0;0.0;0.0;0 days 06:05:26;6.0905555555555555;0.6239168110918544
0222;2401;Champ Devant;weekday;0 days 07:56:00;0 days 16:55:00;9.8;0.0;6.0;0.0;3.0;4.0;0.0;0.0;0.0;0 days 08:59:00;8.983333333333333;1.090909090909091
0222;2407;Haye Renaud Gare;weekday;0 days 07:43:00;0 days 08:46:00;2.0;0.0;2.0;0.0;0.0;0.0;0.0;0.0;0.0;0 days 01:03:00;1.05;1.9047619047619047
0222;2408;Marronniers;weekday;0 days 07:44:00;0 days 08:47:00;2.0;0.0;2.0;0.0;0.0;0.0;0.0;0.0;0.0;0 days 01:03:00;1.05;1.9047619047619047
0222;2409;Housset;weekday;0 days 07:46:00;0 days 08:49:00;2.0;0.0;2.0;0.0;0.0;0.0;0.0;0.0;0.0;0 days 01:03:00;1.05;1.9047619047619047
0222;2414;Housset;weekday;0 days 12:40:00;0 days 17:10:00;1.8;0.0;0.0;0.0;1.0;1.0;1.0;0.0;0.0;0 days 04:30:00;4.5;0.4
0222;2415;Marronniers;weekday;0 days 12:41:00;0 days 17:11:00;1.8;0.0;0.0;0.0;1.0;1.0;1.0;0.0;0.0;0 days 04:30:00;4.5;0.4
0222;2416;Haye Renaud Gare;weekday;0 days 12:43:00;0 days 17:13:00;1.8;0.0;0.0;0.0;1.0;1.0;1.0;0.0;0.0;0 days 04:30:00;4.5;0.4
0222;2432;J. Sébastien Bach;weekday;0 days 07:52:00;0 days 08:47:00;2.0;0.0;2.0;0.0;0.0;0.0;0.0;0.0;0.0;0 days 00:55:00;0.9166666666666666;2.181818181818182
0222;2434;J. Sébastien Bach;weekday;0 days 12:39:00;0 days 17:09:00;2.0;0.0;0.0;0.0;2.0;1.0;1.0;0.0;0.0;0 days 04:30:00;4.5;0.4444444444444444
0222;2451;Gentilhommière;weekday;0 days 07:45:00;0 days 08:45:00;2.0;0.0;2.0;0.0;0.0;0.0;0.0;0.0;0.0;0 days 01:00:00;1.0;2.0
0222;2454;Renaudais;weekday;0 days 08:01:00;0 days 08:58:00;2.0;0.0;2.0;0.0;0.0;0.0;0.0;0.0;0.0;0 days 00:57:00;0.95;2.1052631578947367
0222;2455;Renaudais;weekday;0 days 12:32:00;0 days 17:02:00;1.8;0.0;0.0;0.0;1.0;1.0;1.0;0.0;0.0;0 days 04:30:00;4.5;0.4
0222;2456;Pont Brand;weekday;0 days 08:04:00;0 days 09:00:00;2.0;0.0;2.0;0.0;0.0;0.0;0.0;0.0;0.0;0 days 00:56:00;0.9333333333333333;2.142857142857143
0222;2457;Pont Brand;weekday;0 days 12:30:00;0 days 17:00:00;1.8;0.0;0.0;0.0;1.0;1.0;1.0;0.0;0.0;0 days 04:30:00;4.5;0.4
0222;2458;Gentilhommière;weekday;0 days 12:41:00;0 days 17:11:00;2.0;0.0;0.0;0.0;2.0;1.0;1.0;0.0;0.0;0 days 04:30:00;4.5;0.4444444444444444
0222;2461;La Haute Plesse;weekday;0 days 07:41:00;0 days 17:14:00;3.8;0.0;2.0;0.0;1.0;1.0;1.0;0.0;0.0;0 days 09:33:00;9.55;0.39790575916230364
0222;2462;Basse Robinais;weekday;0 days 07:44:00;0 days 08:44:00;2.0;0.0;2.0;0.0;0.0;0.0;0.0;0.0;0.0;0 days 01:00:00;1.0;2.0
0222;2463;Basse Robinais;weekday;0 days 12:42:00;0 days 17:12:16;2.0;0.0;0.0;0.0;2.0;1.0;1.0;0.0;0.0;0 days 04:30:16;4.504444444444444;0.4440059200789344
0222;2466;Les Ormes;weekday;0 days 12:43:00;0 days 17:13:01;1.8;0.0;0.0;0.0;1.0;1.0;1.0;0.0;0.0;0 days 04:30:01;4.500277777777778;0.39997531016603916
0222;2468;Les Ormes;weekday;0 days 07:42:00;0 days 08:45:00;2.0;0.0;2.0;0.0;0.0;0.0;0.0;0.0;0.0;0 days 01:03:00;1.05;1.9047619047619047
0222;4601;Chevaigné Mairie;weekday;0 days 12:48:00;0 days 17:18:00;2.0;0.0;0.0;0.0;2.0;1.0;1.0;0.0;0.0;0 days 04:30:00;4.5;0.4444444444444444
0222;4602;Fonderies;weekday;0 days 12:49:00;0 days 17:19:00;2.0;0.0;0.0;0.0;2.0;1.0;1.0;0.0;0.0;0 days 04:30:00;4.5;0.4444444444444444
0222;4603;Pommiers;weekday;0 days 12:51:00;0 days 17:21:00;2.0;0.0;0.0;0.0;2.0;1.0;1.0;0.0;0.0;0 days 04:30:00;4.5;0.4444444444444444
0222;4604;Pommiers;weekday;0 days 07:35:00;0 days 08:35:00;2.0;0.0;2.0;0.0;0.0;0.0;0.0;0.0;0.0;0 days 01:00:00;1.0;2.0
0222;4605;Fonderies;weekday;0 days 07:37:00;0 days 08:37:11;2.0;0.0;2.0;0.0;0.0;0.0;0.0;0.0;0.0;0 days 01:00:11;1.0030555555555556;1.9939075048463029
0222;4606;Chevaigné Mairie;weekday;0 days 07:38:00;0 days 08:38:00;2.0;0.0;2.0;0.0;0.0;0.0;0.0;0.0;0.0;0 days 01:00:00;1.0;2.0
0222;4607;Chevaigné Gare;weekday;0 days 07:45:00;0 days 08:40:00;2.0;0.0;2.0;0.0;0.0;0.0;0.0;0.0;0.0;0 days 00:55:00;0.9166666666666666;2.181818181818182
0222;4608;Chevaigné Gare;weekday;0 days 12:46:00;0 days 17:16:00;2.0;0.0;0.0;0.0;2.0;1.0;1.0;0.0;0.0;0 days 04:30:00;4.5;0.4444444444444444
0222;4609;Chopinais;weekday;0 days 07:47:00;0 days 08:42:00;2.0;0.0;2.0;0.0;0.0;0.0;0.0;0.0;0.0;0 days 00:55:00;0.9166666666666666;2.181818181818182
0222;4610;Chopinais;weekday;0 days 12:44:00;0 days 17:14:00;2.0;0.0;0.0;0.0;2.0;1.0;1.0;0.0;0.0;0 days 04:30:00;4.5;0.4444444444444444
0223;2403;Brocéliande;weekday;0 days 12:27:00;0 days 16:45:00;1.0;0.0;0.0;0.0;1.0;1.0;0.0;0.0;0.0;0 days 04:18:00;4.3;0.23255813953488372
0223;2407;Haye Renaud Gare;weekday;0 days 07:44:00;0 days 07:44:01;1.0;0.0;1.0;0.0;0.0;0.0;0.0;0.0;0.0;0 days 00:00:01;0.0002777777777777778;3600.0
0223;2408;Marronniers;weekday;0 days 07:45:00;0 days 07:45:00;1.0;0.0;1.0;0.0;0.0;0.0;0.0;0.0;0.0;0 days 00:00:00;0.0;inf
0223;2409;Housset;weekday;0 days 07:47:00;0 days 07:47:00;1.0;0.0;1.0;0.0;0.0;0.0;0.0;0.0;0.0;0 days 00:00:00;0.0;inf
0223;2411;Betton Vallée;weekday;0 days 07:49:00;0 days 07:49:00;1.0;0.0;1.0;0.0;0.0;0.0;0.0;0.0;0.0;0 days 00:00:00;0.0;inf
0223;2412;Betton Vallée;weekday;0 days 12:28:00;0 days 17:46:00;1.8;0.0;0.0;0.0;1.0;1.0;1.0;0.0;0.0;0 days 05:18:00;5.3;0.339622641509434
0223;2414;Housset;weekday;0 days 12:32:00;0 days 17:50:00;1.8;0.0;0.0;0.0;1.0;1.0;1.0;0.0;0.0;0 days 05:18:00;5.3;0.339622641509434
0223;2415;Marronniers;weekday;0 days 12:33:00;0 days 17:51:00;1.8;0.0;0.0;0.0;1.0;1.0;1.0;0.0;0.0;0 days 05:18:00;5.3;0.339622641509434
0223;2416;Haye Renaud Gare;weekday;0 days 12:35:00;0 days 17:53:00;1.8;0.0;0.0;0.0;1.0;1.0;1.0;0.0;0.0;0 days 05:18:00;5.3;0.339622641509434
0223;2420;Brocéliande;weekday;0 days 07:47:00;0 days 07:47:00;1.0;0.0;1.0;0.0;0.0;0.0;0.0;0.0;0.0;0 days 00:00:00;0.0;inf
0223;2432;J. Sébastien Bach;weekday;0 days 07:42:00;0 days 07:42:00;1.0;0.0;1.0;0.0;0.0;0.0;0.0;0.0;0.0;0 days 00:00:00;0.0;inf
0223;2434;J. Sébastien Bach;weekday;0 days 12:33:00;0 days 17:59:00;1.8;0.0;0.0;0.0;1.0;1.0;1.0;0.0;0.0;0 days 05:26:00;5.433333333333334;0.3312883435582822
0223;2451;Gentilhommière;weekday;0 days 07:40:00;0 days 07:40:00;1.0;0.0;1.0;0.0;0.0;0.0;0.0;0.0;0.0;0 days 00:00:00;0.0;inf
0223;2458;Gentilhommière;weekday;0 days 12:35:00;0 days 18:01:00;1.8;0.0;0.0;0.0;1.0;1.0;1.0;0.0;0.0;0 days 05:26:00;5.433333333333334;0.3312883435582822
0223;2462;Basse Robinais;weekday;0 days 07:39:00;0 days 07:39:00;1.0;0.0;1.0;0.0;0.0;0.0;0.0;0.0;0.0;0 days 00:00:00;0.0;inf
0223;2463;Basse Robinais;weekday;0 days 12:36:00;0 days 18:02:00;1.8;0.0;0.0;0.0;1.0;1.0;1.0;0.0;0.0;0 days 05:26:00;5.433333333333334;0.3312883435582822
0223;2804;Ricoquais;weekday;0 days 12:20:00;0 days 17:37:00;2.8;0.0;0.0;0.0;2.0;2.0;1.0;0.0;0.0;0 days 05:17:00;5.283333333333333;0.529968454258675
0223;2827;Maison Blanche;weekday;0 days 07:51:00;0 days 07:51:00;1.0;0.0;1.0;0.0;0.0;0.0;0.0;0.0;0.0;0 days 00:00:00;0.0;inf
0223;2829;Maison Blanche;weekday;0 days 12:26:00;0 days 17:43:00;1.8;0.0;0.0;0.0;1.0;1.0;1.0;0.0;0.0;0 days 05:17:00;5.283333333333333;0.34069400630914826
0223;2841;Jean-Paul II;weekday;0 days 08:05:00;0 days 08:05:00;2.0;0.0;2.0;0.0;0.0;0.0;0.0;0.0;0.0;0 days 00:00:00;0.0;inf
0223;4601;Chevaigné Mairie;weekday;0 days 12:42:00;0 days 18:08:00;1.8;0.0;0.0;0.0;1.0;0.0;2.0;0.0;0.0;0 days 05:26:00;5.433333333333334;0.3312883435582822
0223;4602;Fonderies;weekday;0 days 12:43:00;0 days 18:09:00;1.8;0.0;0.0;0.0;1.0;0.0;2.0;0.0;0.0;0 days 05:26:00;5.433333333333334;0.3312883435582822
0223;4603;Pommiers;weekday;0 days 12:45:00;0 days 18:11:00;1.8;0.0;0.0;0.0;1.0;0.0;2.0;0.0;0.0;0 days 05:26:00;5.433333333333334;0.3312883435582822
0223;4604;Pommiers;weekday;0 days 07:30:00;0 days 07:30:01;1.0;0.0;1.0;0.0;0.0;0.0;0.0;0.0;0.0;0 days 00:00:01;0.0002777777777777778;3600.0
0223;4605;Fonderies;weekday;0 days 07:31:43;0 days 07:32:00;1.0;0.0;1.0;0.0;0.0;0.0;0.0;0.0;0.0;0 days 00:00:17;0.004722222222222222;211.76470588235293
0223;4606;Chevaigné Mairie;weekday;0 days 07:33:00;0 days 07:33:00;1.0;0.0;1.0;0.0;0.0;0.0;0.0;0.0;0.0;0 days 00:00:00;0.0;inf
0223;4607;Chevaigné Gare;weekday;0 days 07:35:00;0 days 07:35:00;1.0;0.0;1.0;0.0;0.0;0.0;0.0;0.0;0.0;0 days 00:00:00;0.0;inf
0223;4608;Chevaigné Gare;weekday;0 days 12:40:00;0 days 18:06:00;1.8;0.0;0.0;0.0;1.0;1.0;1.0;0.0;0.0;0 days 05:26:00;5.433333333333334;0.3312883435582822
0223;4609;Chopinais;weekday;0 days 07:37:00;0 days 07:37:00;1.0;0.0;1.0;0.0;0.0;0.0;0.0;0.0;0.0;0 days 00:00:00;0.0;inf
0223;4610;Chopinais;weekday;0 days 12:38:00;0 days 18:04:00;1.8;0.0;0.0;0.0;1.0;1.0;1.0;0.0;0.0;0 days 05:26:00;5.433333333333334;0.3312883435582822
0224;2841;Jean-Paul II;weekday;0 days 08:05:00;0 days 17:35:01;2.0;0.0;1.0;0.0;1.0;0.0;1.0;0.0;0.0;0 days 09:30:01;9.500277777777777;0.2105201602292331
0224;3500;Silandière;weekday;0 days 07:41:43;0 days 07:42:00;1.0;0.0;1.0;0.0;0.0;0.0;0.0;0.0;0.0;0 days 00:00:17;0.004722222222222222;211.76470588235293
0224;3501;Fougerolle;weekday;0 days 12:39:00;0 days 17:54:00;1.0;0.0;0.0;0.0;1.0;0.0;1.0;0.0;0.0;0 days 05:15:00;5.25;0.19047619047619047
0224;3502;Pierre Texier;weekday;0 days 07:46:00;0 days 07:46:23;1.0;0.0;1.0;0.0;0.0;0.0;0.0;0.0;0.0;0 days 00:00:23;0.006388888888888889;156.52173913043478
0224;3503;Montgermont Mairie;weekday;0 days 07:49:00;0 days 07:49:00;1.0;0.0;1.0;0.0;0.0;0.0;0.0;0.0;0.0;0 days 00:00:00;0.0;inf
0224;3504;Courtines;weekday;0 days 07:50:00;0 days 07:50:15;1.0;0.0;1.0;0.0;0.0;0.0;0.0;0.0;0.0;0 days 00:00:15;0.004166666666666667;240.0
0224;3505;Belle Epine;weekday;0 days 07:52:00;0 days 07:52:00;1.0;0.0;1.0;0.0;0.0;0.0;0.0;0.0;0.0;0 days 00:00:00;0.0;inf
0224;3506;Décoparc;weekday;0 days 07:53:00;0 days 07:53:00;1.0;0.0;1.0;0.0;0.0;0.0;0.0;0.0;0.0;0 days 00:00:00;0.0;inf
0224;3509;Métrie;weekday;0 days 12:30:00;0 days 17:45:00;1.0;0.0;0.0;0.0;1.0;0.0;1.0;0.0;0.0;0 days 05:15:00;5.25;0.19047619047619047
0224;3510;Belle Epine;weekday;0 days 12:31:00;0 days 17:46:00;1.0;0.0;0.0;0.0;1.0;0.0;1.0;0.0;0.0;0 days 05:15:00;5.25;0.19047619047619047
0224;3511;Courtines;weekday;0 days 12:33:00;0 days 17:48:00;1.0;0.0;0.0;0.0;1.0;0.0;1.0;0.0;0.0;0 days 05:15:00;5.25;0.19047619047619047
0224;3512;Montgermont Mairie;weekday;0 days 12:34:00;0 days 17:49:25;1.0;0.0;0.0;0.0;1.0;0.0;1.0;0.0;0.0;0 days 05:15:25;5.256944444444445;0.190224570673712
0224;3513;Pierre Texier;weekday;0 days 12:36:57;0 days 17:52:00;1.0;0.0;0.0;0.0;1.0;0.0;1.0;0.0;0.0;0 days 05:15:03;5.2508333333333335;0.190445960958578
0224;3514;Fougerolle;weekday;0 days 07:44:00;0 days 07:44:00;1.0;0.0;1.0;0.0;0.0;0.0;0.0;0.0;0.0;0 days 00:00:00;0.0;inf
0224;3515;Silandière;weekday;0 days 12:40:52;0 days 17:56:00;1.0;0.0;0.0;0.0;1.0;0.0;1.0;0.0;0.0;0 days 05:15:08;5.252222222222223;0.19039559974613918
0224;4053;Métairie;weekday;0 days 07:34:00;0 days 07:34:00;1.0;0.0;1.0;0.0;0.0;0.0;0.0;0.0;0.0;0 days 00:00:00;0.0;inf
0224;4054;La Chapelle Centre;weekday;0 days 07:36:00;0 days 07:36:00;1.0;0.0;1.0;0.0;0.0;0.0;0.0;0.0;0.0;0 days 00:00:00;0.0;inf
0224;4055;Viennais;weekday;0 days 07:38:00;0 days 07:38:00;1.0;0.0;1.0;0.0;0.0;0.0;0.0;0.0;0.0;0 days 00:00:00;0.0;inf
0224;4056;Sénestrais;weekday;0 days 07:40:00;0 days 07:40:00;1.0;0.0;1.0;0.0;0.0;0.0;0.0;0.0;0.0;0 days 00:00:00;0.0;inf
0224;4057;Sénestrais;weekday;0 days 12:43:00;0 days 17:58:00;1.0;0.0;0.0;0.0;1.0;0.0;1.0;0.0;0.0;0 days 05:15:00;5.25;0.19047619047619047
0224;4058;Viennais;weekday;0 days 12:43:58;0 days 17:59:00;1.0;0.0;0.0;0.0;1.0;0.0;1.0;0.0;0.0;0 days 05:15:02;5.250555555555556;0.19045603639826472
0224;4059;La Chapelle Centre;weekday;0 days 12:46:00;0 days 18:01:00;1.0;0.0;0.0;0.0;1.0;0.0;1.0;0.0;0.0;0 days 05:15:00;5.25;0.19047619047619047
0224;4060;Métairie;weekday;0 days 12:48:00;0 days 18:03:00;1.0;0.0;0.0;0.0;1.0;0.0;1.0;0.0;0.0;0 days 05:15:00;5.25;0.19047619047619047
0224;4073;Besneraie;weekday;0 days 07:32:00;0 days 07:32:01;1.0;0.0;1.0;0.0;0.0;0.0;0.0;0.0;0.0;0 days 00:00:01;0.0002777777777777778;3600.0
0224;4074;Besneraie;weekday;0 days 12:50:00;0 days 18:05:00;1.0;0.0;0.0;0.0;1.0;0.0;1.0;0.0;0.0;0 days 05:15:00;5.25;0.19047619047619047
0225;2841;Jean-Paul II;weekday;0 days 08:05:00;0 days 17:35:01;2.0;0.0;1.0;0.0;1.0;0.0;1.0;0.0;0.0;0 days 09:30:01;9.500277777777777;0.2105201602292331
0225;3125;Pâtis Roussel;weekday;0 days 07:42:00;0 days 17:55:00;2.0;0.0;1.0;0.0;1.0;0.0;1.0;0.0;0.0;0 days 10:13:00;10.216666666666667;0.19575856443719414
0225;3126;Ouessant;weekday;0 days 07:43:00;0 days 07:43:00;1.0;0.0;1.0;0.0;0.0;0.0;0.0;0.0;0.0;0 days 00:00:00;0.0;inf
0225;3133;Ouessant;weekday;0 days 12:39:00;0 days 17:53:00;1.0;0.0;0.0;0.0;1.0;0.0;1.0;0.0;0.0;0 days 05:14:00;5.233333333333333;0.19108280254777069
0225;3167;Champalaune;weekday;0 days 12:38:00;0 days 17:52:00;1.0;0.0;0.0;0.0;1.0;0.0;1.0;0.0;0.0;0 days 05:14:00;5.233333333333333;0.19108280254777069
0225;3168;Champalaune;weekday;0 days 07:44:00;0 days 07:44:00;1.0;0.0;1.0;0.0;0.0;0.0;0.0;0.0;0.0;0 days 00:00:00;0.0;inf
0225;3169;Beausoleil;weekday;0 days 12:37:00;0 days 17:51:00;1.0;0.0;0.0;0.0;1.0;0.0;1.0;0.0;0.0;0 days 05:14:00;5.233333333333333;0.19108280254777069
0225;3170;Beausoleil;weekday;0 days 07:45:00;0 days 07:45:00;1.0;0.0;1.0;0.0;0.0;0.0;0.0;0.0;0.0;0 days 00:00:00;0.0;inf
0225;3171;Baiersdorf;weekday;0 days 12:35:00;0 days 17:49:00;1.0;0.0;0.0;0.0;1.0;0.0;1.0;0.0;0.0;0 days 05:14:00;5.233333333333333;0.19108280254777069
0225;3172;Baiersdorf;weekday;0 days 07:47:00;0 days 07:47:00;1.0;0.0;1.0;0.0;0.0;0.0;0.0;0.0;0.0;0 days 00:00:00;0.0;inf
0226;3162;Centre scolaire Pacé;weekday;0 days 08:15:00;0 days 17:10:01;13.8;0.0;7.2;0.0;4.0;3.25;4.0;0.0;0.0;0 days 08:55:01;8.916944444444445;1.54761533908601
0226;3500;Silandière;weekday;0 days 07:59:00;0 days 08:58:00;3.0;0.0;3.0;0.0;0.0;0.0;0.0;0.0;0.0;0 days 00:59:00;0.9833333333333333;3.050847457627119
0226;3501;Fougerolle;weekday;0 days 12:55:00;0 days 17:27:00;6.6;0.0;0.0;0.0;4.0;3.25;4.0;0.0;0.0;0 days 04:32:00;4.533333333333333;1.4558823529411764
0226;3502;Pierre Texier;weekday;0 days 07:58:00;0 days 09:01:01;4.2;0.0;4.2;0.0;0.0;0.0;0.0;0.0;0.0;0 days 01:03:01;1.0502777777777779;3.998942078815128
0226;3503;Montgermont Mairie;weekday;0 days 08:00:00;0 days 09:03:00;4.2;0.0;4.2;0.0;0.0;0.0;0.0;0.0;0.0;0 days 01:03:00;1.05;4.0
0226;3504;Courtines;weekday;0 days 08:02:00;0 days 09:04:00;4.2;0.0;4.2;0.0;0.0;0.0;0.0;0.0;0.0;0 days 01:02:00;1.0333333333333334;4.064516129032258
0226;3505;Belle Epine;weekday;0 days 08:04:00;0 days 09:05:00;5.2;0.0;5.2;0.0;0.0;0.0;0.0;0.0;0.0;0 days 01:01:00;1.0166666666666666;5.114754098360656
0226;3506;Décoparc;weekday;0 days 08:05:00;0 days 09:06:00;4.2;0.0;4.2;0.0;0.0;0.0;0.0;0.0;0.0;0 days 01:01:00;1.0166666666666666;4.131147540983607
0226;3509;Métrie;weekday;0 days 12:49:00;0 days 17:22:00;6.6;0.0;0.0;0.0;4.0;3.25;4.0;0.0;0.0;0 days 04:33:00;4.55;1.4505494505494505
0226;3510;Belle Epine;weekday;0 days 12:50:00;0 days 17:23:00;6.6;0.0;0.0;0.0;4.0;3.25;4.0;0.0;0.0;0 days 04:33:00;4.55;1.4505494505494505
0226;3511;Courtines;weekday;0 days 12:51:00;0 days 17:24:00;6.6;0.0;0.0;0.0;4.0;3.25;4.0;0.0;0.0;0 days 04:33:00;4.55;1.4505494505494505
0226;3512;Montgermont Mairie;weekday;0 days 12:52:00;0 days 17:25:00;6.6;0.0;0.0;0.0;4.0;3.25;4.0;0.0;0.0;0 days 04:33:00;4.55;1.4505494505494505
0226;3513;Pierre Texier;weekday;0 days 12:54:00;0 days 17:26:00;6.6;0.0;0.0;0.0;4.0;3.25;4.0;0.0;0.0;0 days 04:32:00;4.533333333333333;1.4558823529411764
0226;3514;Fougerolle;weekday;0 days 08:01:00;0 days 09:00:00;3.0;0.0;3.0;0.0;0.0;0.0;0.0;0.0;0.0;0 days 00:59:00;0.9833333333333333;3.050847457627119
0226;3515;Silandière;weekday;0 days 12:57:00;0 days 17:28:00;6.6;0.0;0.0;0.0;4.0;3.25;4.0;0.0;0.0;0 days 04:31:00;4.516666666666667;1.4612546125461254
0226;4053;Métairie;weekday;0 days 07:56:00;0 days 08:53:00;4.0;0.0;4.0;0.0;0.0;0.0;0.0;0.0;0.0;0 days 00:57:00;0.95;4.2105263157894735
0226;4054;La Chapelle Centre;weekday;0 days 07:57:00;0 days 08:55:00;4.0;0.0;4.0;0.0;0.0;0.0;0.0;0.0;0.0;0 days 00:58:00;0.9666666666666667;4.137931034482759
0226;4055;Viennais;weekday;0 days 07:56:00;0 days 08:56:00;3.0;0.0;3.0;0.0;0.0;0.0;0.0;0.0;0.0;0 days 01:00:00;1.0;3.0
0226;4056;Sénestrais;weekday;0 days 07:58:00;0 days 08:57:00;3.0;0.0;3.0;0.0;0.0;0.0;0.0;0.0;0.0;0 days 00:59:00;0.9833333333333333;3.050847457627119
0226;4057;Sénestrais;weekday;0 days 12:58:00;0 days 17:29:00;6.6;0.0;0.0;0.0;4.0;3.25;4.0;0.0;0.0;0 days 04:31:00;4.516666666666667;1.4612546125461254
0226;4058;Viennais;weekday;0 days 12:59:00;0 days 17:30:00;6.6;0.0;0.0;0.0;4.0;3.25;4.0;0.0;0.0;0 days 04:31:00;4.516666666666667;1.4612546125461254
0226;4059;La Chapelle Centre;weekday;0 days 13:00:00;0 days 17:31:00;6.6;0.0;0.0;0.0;4.0;3.25;4.0;0.0;0.0;0 days 04:31:00;4.516666666666667;1.4612546125461254
0226;4060;Métairie;weekday;0 days 13:02:00;0 days 17:32:00;6.6;0.0;0.0;0.0;4.0;3.25;4.0;0.0;0.0;0 days 04:30:00;4.5;1.4666666666666666
0226;4073;Besneraie;weekday;0 days 07:54:00;0 days 08:50:00;4.0;0.0;4.0;0.0;0.0;0.0;0.0;0.0;0.0;0 days 00:56:00;0.9333333333333333;4.285714285714286
0226;4074;Besneraie;weekday;0 days 13:04:00;0 days 17:34:00;6.6;0.0;0.0;0.0;4.0;3.25;4.0;0.0;0.0;0 days 04:30:00;4.5;1.4666666666666666
0226;4502;Gévezé Mairie;weekday;0 days 08:38:00;0 days 08:38:00;2.0;0.0;2.0;0.0;0.0;0.0;0.0;0.0;0.0;0 days 00:00:00;0.0;inf
0226;4503;Flume;weekday;0 days 16:31:00;0 days 16:31:00;3.25;0.0;0.0;0.0;0.0;3.25;0.0;0.0;0.0;0 days 00:00:00;0.0;inf
0226;4504;Flume;weekday;0 days 08:39:00;0 days 08:39:00;2.0;0.0;2.0;0.0;0.0;0.0;0.0;0.0;0.0;0 days 00:00:00;0.0;inf
0226;4505;Gévezé Mairie;weekday;0 days 16:32:00;0 days 16:32:00;3.25;0.0;0.0;0.0;0.0;3.25;0.0;0.0;0.0;0 days 00:00:00;0.0;inf
0226;4507;Cheval Blanc;weekday;0 days 08:34:00;0 days 16:35:00;4.6;0.0;2.0;0.0;0.0;3.25;0.0;0.0;0.0;0 days 08:01:00;8.016666666666667;0.5738045738045737
0226;4508;Coualeuc;weekday;0 days 08:35:00;0 days 08:35:00;2.0;0.0;2.0;0.0;0.0;0.0;0.0;0.0;0.0;0 days 00:00:00;0.0;inf
0226;4509;Coualeuc;weekday;0 days 16:34:00;0 days 16:34:00;3.25;0.0;0.0;0.0;0.0;3.25;0.0;0.0;0.0;0 days 00:00:00;0.0;inf
0226;4510;Prés Verts;weekday;0 days 08:36:00;0 days 08:36:00;2.0;0.0;2.0;0.0;0.0;0.0;0.0;0.0;0.0;0 days 00:00:00;0.0;inf
0226;4511;Prés Verts;weekday;0 days 16:33:00;0 days 16:33:00;3.25;0.0;0.0;0.0;0.0;3.25;0.0;0.0;0.0;0 days 00:00:00;0.0;inf
0227;3162;Centre scolaire Pacé;weekday;0 days 08:15:00;0 days 17:10:01;8.6;0.0;4.0;0.0;3.0;2.0;3.0;0.0;0.0;0 days 08:55:01;8.916944444444445;0.964455935952151
0227;3754;Haie de Terre;weekday;0 days 08:59:00;0 days 08:59:00;1.0;0.0;1.0;0.0;0.0;0.0;0.0;0.0;0.0;0 days 00:00:00;0.0;inf
0227;3755;Vallée;weekday;0 days 09:00:00;0 days 09:00:00;1.0;0.0;1.0;0.0;0.0;0.0;0.0;0.0;0.0;0 days 00:00:00;0.0;inf
0227;3756;Lion d'Or;weekday;0 days 07:57:00;0 days 09:01:00;2.0;0.0;2.0;0.0;0.0;0.0;0.0;0.0;0.0;0 days 01:04:00;1.0666666666666667;1.875
0227;3757;Vezin Centre;weekday;0 days 07:59:00;0 days 09:02:00;3.0;0.0;3.0;0.0;0.0;0.0;0.0;0.0;0.0;0 days 01:03:00;1.05;2.857142857142857
0227;3758;Tertre;weekday;0 days 08:01:00;0 days 09:04:00;2.0;0.0;2.0;0.0;0.0;0.0;0.0;0.0;0.0;0 days 01:03:00;1.05;1.9047619047619047
0227;3761;Tertre;weekday;0 days 12:52:00;0 days 17:22:00;4.6;0.0;0.0;0.0;3.0;2.0;3.0;0.0;0.0;0 days 04:30:00;4.5;1.0222222222222221
0227;3762;Vezin Centre;weekday;0 days 12:55:00;0 days 17:25:00;4.6;0.0;0.0;0.0;3.0;2.0;3.0;0.0;0.0;0 days 04:30:00;4.5;1.0222222222222221
0227;3763;Lion d'Or;weekday;0 days 12:57:00;0 days 17:27:00;4.6;0.0;0.0;0.0;3.0;2.0;3.0;0.0;0.0;0 days 04:30:00;4.5;1.0222222222222221
0227;3764;Vallée;weekday;0 days 16:19:00;0 days 16:19:00;2.0;0.0;0.0;0.0;0.0;2.0;0.0;0.0;0.0;0 days 00:00:00;0.0;inf
0227;3765;Haie de Terre;weekday;0 days 16:20:00;0 days 16:20:00;2.0;0.0;0.0;0.0;0.0;2.0;0.0;0.0;0.0;0 days 00:00:00;0.0;inf
0227;3770;Champs Bleus;weekday;0 days 08:01:00;0 days 09:03:00;3.0;0.0;3.0;0.0;0.0;0.0;0.0;0.0;0.0;0 days 01:02:00;1.0333333333333334;2.9032258064516125
0227;3771;Champs Bleus;weekday;0 days 12:54:00;0 days 17:24:00;4.6;0.0;0.0;0.0;3.0;2.0;3.0;0.0;0.0;0 days 04:30:00;4.5;1.0222222222222221
0228;3500;Silandière;weekday;0 days 07:43:00;0 days 08:43:00;3.0;0.0;3.0;0.0;0.0;0.0;0.0;0.0;0.0;0 days 01:00:00;1.0;3.0
0228;3501;Fougerolle;weekday;0 days 12:47:00;0 days 18:05:00;1.8;0.0;0.0;0.0;1.0;0.0;2.0;0.0;0.0;0 days 05:18:00;5.3;0.339622641509434
0228;3502;Pierre Texier;weekday;0 days 07:47:00;0 days 08:47:00;3.0;0.0;3.0;0.0;0.0;0.0;0.0;0.0;0.0;0 days 01:00:00;1.0;3.0
0228;3503;Montgermont Mairie;weekday;0 days 07:49:00;0 days 08:49:00;3.0;0.0;3.0;0.0;0.0;0.0;0.0;0.0;0.0;0 days 01:00:00;1.0;3.0
0228;3504;Courtines;weekday;0 days 07:50:00;0 days 08:50:00;3.0;0.0;3.0;0.0;0.0;0.0;0.0;0.0;0.0;0 days 01:00:00;1.0;3.0
0228;3505;Belle Epine;weekday;0 days 07:51:00;0 days 08:51:00;3.0;0.0;3.0;0.0;0.0;0.0;0.0;0.0;0.0;0 days 01:00:00;1.0;3.0
0228;3506;Décoparc;weekday;0 days 07:53:00;0 days 08:53:00;3.0;0.0;3.0;0.0;0.0;0.0;0.0;0.0;0.0;0 days 01:00:00;1.0;3.0
0228;3509;Métrie;weekday;0 days 12:40:00;0 days 18:00:00;1.8;0.0;0.0;0.0;1.0;0.0;2.0;0.0;0.0;0 days 05:20:00;5.333333333333333;0.3375
0228;3510;Belle Epine;weekday;0 days 12:41:00;0 days 18:01:00;1.8;0.0;0.0;0.0;1.0;0.0;2.0;0.0;0.0;0 days 05:20:00;5.333333333333333;0.3375
0228;3511;Courtines;weekday;0 days 12:42:00;0 days 18:02:00;1.8;0.0;0.0;0.0;1.0;0.0;2.0;0.0;0.0;0 days 05:20:00;5.333333333333333;0.3375
0228;3512;Montgermont Mairie;weekday;0 days 12:45:00;0 days 18:03:00;1.8;0.0;0.0;0.0;1.0;0.0;2.0;0.0;0.0;0 days 05:18:00;5.3;0.339622641509434
0228;3513;Pierre Texier;weekday;0 days 12:46:00;0 days 18:04:00;1.8;0.0;0.0;0.0;1.0;0.0;2.0;0.0;0.0;0 days 05:18:00;5.3;0.339622641509434
0228;3514;Fougerolle;weekday;0 days 07:46:00;0 days 08:46:00;3.0;0.0;3.0;0.0;0.0;0.0;0.0;0.0;0.0;0 days 01:00:00;1.0;3.0
0228;3515;Silandière;weekday;0 days 12:49:00;0 days 18:07:00;1.8;0.0;0.0;0.0;1.0;0.0;2.0;0.0;0.0;0 days 05:18:00;5.3;0.339622641509434
0228;4053;Métairie;weekday;0 days 07:38:00;0 days 08:38:00;3.0;0.0;3.0;0.0;0.0;0.0;0.0;0.0;0.0;0 days 01:00:00;1.0;3.0
0228;4054;La Chapelle Centre;weekday;0 days 07:40:00;0 days 08:40:00;3.0;0.0;3.0;0.0;0.0;0.0;0.0;0.0;0.0;0 days 01:00:00;1.0;3.0
0228;4055;Viennais;weekday;0 days 07:41:00;0 days 08:41:00;3.0;0.0;3.0;0.0;0.0;0.0;0.0;0.0;0.0;0 days 01:00:00;1.0;3.0
0228;4056;Sénestrais;weekday;0 days 07:42:00;0 days 08:42:00;3.0;0.0;3.0;0.0;0.0;0.0;0.0;0.0;0.0;0 days 01:00:00;1.0;3.0
0228;4057;Sénestrais;weekday;0 days 12:50:00;0 days 18:08:00;1.8;0.0;0.0;0.0;1.0;0.0;2.0;0.0;0.0;0 days 05:18:00;5.3;0.339622641509434
0228;4058;Viennais;weekday;0 days 12:51:00;0 days 18:09:00;1.8;0.0;0.0;0.0;1.0;0.0;2.0;0.0;0.0;0 days 05:18:00;5.3;0.339622641509434
0228;4059;La Chapelle Centre;weekday;0 days 12:52:00;0 days 18:10:00;1.8;0.0;0.0;0.0;1.0;0.0;2.0;0.0;0.0;0 days 05:18:00;5.3;0.339622641509434
0228;4060;Métairie;weekday;0 days 12:53:00;0 days 18:11:00;1.8;0.0;0.0;0.0;1.0;0.0;2.0;0.0;0.0;0 days 05:18:00;5.3;0.339622641509434
0228;4073;Besneraie;weekday;0 days 07:36:00;0 days 08:36:00;3.0;0.0;3.0;0.0;0.0;0.0;0.0;0.0;0.0;0 days 01:00:00;1.0;3.0
0228;4074;Besneraie;weekday;0 days 12:54:00;0 days 18:12:00;1.8;0.0;0.0;0.0;1.0;0.0;2.0;0.0;0.0;0 days 05:18:00;5.3;0.339622641509434
0229;2308;Croix Madame;weekday;0 days 13:05:00;0 days 18:25:00;2.4;0.0;0.0;0.0;1.0;1.0;1.75;0.0;0.0;0 days 05:20:00;5.333333333333333;0.45
0229;2320;Croix Madame;weekday;0 days 07:55:00;0 days 07:55:00;1.0;0.0;1.0;0.0;0.0;0.0;0.0;0.0;0.0;0 days 00:00:00;0.0;inf
0229;2338;Lavoisier;weekday;0 days 08:09:49;0 days 08:10:00;1.0;0.0;1.0;0.0;0.0;0.0;0.0;0.0;0.0;0 days 00:00:11;0.0030555555555555557;327.27272727272725
0229;2365;Brossolette;weekday;0 days 08:15:00;0 days 17:10:00;2.0;0.0;1.0;0.0;1.0;0.0;1.0;0.0;0.0;0 days 08:55:00;8.916666666666666;0.22429906542056077
0229;2366;Aire du 8 Mai;weekday;0 days 08:05:00;0 days 18:15:00;3.4;0.0;1.0;0.0;1.0;1.0;1.75;0.0;0.0;0 days 10:10:00;10.166666666666666;0.3344262295081967
0229;2367;Anita Conti;weekday;0 days 12:50:00;0 days 18:10:00;2.4;0.0;0.0;0.0;1.0;1.0;1.75;0.0;0.0;0 days 05:20:00;5.333333333333333;0.45
0229;3862;Gretay;weekday;0 days 18:47:00;0 days 18:47:00;1.0;0.0;0.0;0.0;0.0;0.0;1.0;0.0;0.0;0 days 00:00:00;0.0;inf
0229;3863;Mordelles Lilas;weekday;0 days 18:49:54;0 days 18:50:00;1.0;0.0;0.0;0.0;0.0;0.0;1.0;0.0;0.0;0 days 00:00:06;0.0016666666666666668;600.0
0229;3864;Mordelles Mairie;weekday;0 days 18:50:37;0 days 18:51:00;1.0;0.0;0.0;0.0;0.0;0.0;1.0;0.0;0.0;0 days 00:00:23;0.006388888888888889;156.52173913043478
0229;3865;Mordelles Eglise;weekday;0 days 18:51:00;0 days 18:51:28;1.0;0.0;0.0;0.0;0.0;0.0;1.0;0.0;0.0;0 days 00:00:28;0.0077777777777777776;128.57142857142858
0229;3869;Mordelles Pâtis;weekday;0 days 18:56:00;0 days 18:56:00;1.0;0.0;0.0;0.0;0.0;0.0;1.0;0.0;0.0;0 days 00:00:00;0.0;inf
0229;4201;Croix Blanche;weekday;0 days 07:43:00;0 days 18:37:00;1.6;0.0;1.0;0.0;0.0;0.0;1.0;0.0;0.0;0 days 10:54:00;10.9;0.14678899082568808
0229;4202;Calvaire;weekday;0 days 07:45:00;0 days 07:45:08;1.0;0.0;1.0;0.0;0.0;0.0;0.0;0.0;0.0;0 days 00:00:08;0.0022222222222222222;450.0
0229;4203;Alfred de Musset;weekday;0 days 13:13:00;0 days 18:33:00;2.4;0.0;0.0;0.0;1.0;1.0;1.75;0.0;0.0;0 days 05:20:00;5.333333333333333;0.45
0229;4204;Avenir;weekday;0 days 07:49:00;0 days 07:49:00;1.0;0.0;1.0;0.0;0.0;0.0;0.0;0.0;0.0;0 days 00:00:00;0.0;inf
0229;4209;Avenir;weekday;0 days 13:11:00;0 days 18:31:02;2.4;0.0;0.0;0.0;1.0;1.0;1.75;0.0;0.0;0 days 05:20:02;5.333888888888889;0.4499531298823039
0229;4210;Alfred de Musset;weekday;0 days 07:47:00;0 days 07:47:00;1.0;0.0;1.0;0.0;0.0;0.0;0.0;0.0;0.0;0 days 00:00:00;0.0;inf
0229;4211;Calvaire;weekday;0 days 13:14:37;0 days 18:35:00;2.4;0.0;0.0;0.0;1.0;1.0;1.75;0.0;0.0;0 days 05:20:23;5.339722222222222;0.44946158247932166
0229;4212;Croix Blanche;weekday;0 days 13:17:00;0 days 17:42:00;1.8;0.0;0.0;0.0;1.0;1.0;1.0;0.0;0.0;0 days 04:25:00;4.416666666666667;0.4075471698113207
0230;2366;Aire du 8 Mai;weekday;0 days 18:10:00;0 days 18:10:01;1.0;0.0;0.0;0.0;0.0;0.0;1.0;0.0;0.0;0 days 00:00:01;0.0002777777777777778;3600.0
0230;2367;Anita Conti;weekday;0 days 18:15:00;0 days 18:15:00;1.0;0.0;0.0;0.0;0.0;0.0;1.0;0.0;0.0;0 days 00:00:00;0.0;inf
0230;3218;Groupe Scolaire;weekday;0 days 18:36:00;0 days 18:36:00;1.0;0.0;0.0;0.0;0.0;0.0;1.0;0.0;0.0;0 days 00:00:00;0.0;inf
0230;3219;Coteau;weekday;0 days 18:37:00;0 days 18:37:00;1.0;0.0;0.0;0.0;0.0;0.0;1.0;0.0;0.0;0 days 00:00:00;0.0;inf
0230;3220;Surcouf;weekday;0 days 18:39:00;0 days 18:39:00;1.0;0.0;0.0;0.0;0.0;0.0;1.0;0.0;0.0;0 days 00:00:00;0.0;inf
0230;3259;Ormes Blanches;weekday;0 days 18:40:00;0 days 18:40:00;1.0;0.0;0.0;0.0;0.0;0.0;1.0;0.0;0.0;0 days 00:00:00;0.0;inf
0230;3801;Centre de Loisirs;weekday;0 days 18:51:00;0 days 18:51:00;1.0;0.0;0.0;0.0;0.0;0.0;1.0;0.0;0.0;0 days 00:00:00;0.0;inf
0230;3806;Perelle;weekday;0 days 18:44:00;0 days 18:44:00;1.0;0.0;0.0;0.0;0.0;0.0;1.0;0.0;0.0;0 days 00:00:00;0.0;inf
0230;3807;La Basse Erable;weekday;0 days 18:46:00;0 days 18:46:00;1.0;0.0;0.0;0.0;0.0;0.0;1.0;0.0;0.0;0 days 00:00:00;0.0;inf
0230;3808;La Motte;weekday;0 days 18:47:00;0 days 18:47:00;1.0;0.0;0.0;0.0;0.0;0.0;1.0;0.0;0.0;0 days 00:00:00;0.0;inf
0230;3833;Bourgbarré Mairie;weekday;0 days 18:48:00;0 days 18:48:00;1.0;0.0;0.0;0.0;0.0;0.0;1.0;0.0;0.0;0 days 00:00:00;0.0;inf
0230;3839;Salle de Sports;weekday;0 days 18:50:00;0 days 18:50:00;1.0;0.0;0.0;0.0;0.0;0.0;1.0;0.0;0.0;0 days 00:00:00;0.0;inf
0230;3909;Renaissance;weekday;0 days 18:22:00;0 days 18:22:00;1.0;0.0;0.0;0.0;0.0;0.0;1.0;0.0;0.0;0 days 00:00:00;0.0;inf
0230;4379;Collège Saint-Paul;weekday;0 days 18:29:00;0 days 18:29:00;1.0;0.0;0.0;0.0;0.0;0.0;1.0;0.0;0.0;0 days 00:00:00;0.0;inf
0231;2365;Brossolette;weekday;0 days 08:05:00;0 days 17:10:01;6.6;0.0;3.0;0.0;2.0;2.0;2.0;0.0;0.0;0 days 09:05:01;9.08361111111111;0.7265832849148344
0231;2366;Aire du 8 Mai;weekday;0 days 08:10:00;0 days 18:10:00;7.2;0.0;3.0;0.0;2.0;2.0;2.75;0.0;0.0;0 days 10:00:00;10.0;0.72
0231;2367;Anita Conti;weekday;0 days 08:15:00;0 days 18:15:00;7.2;0.0;3.0;0.0;2.0;2.0;2.75;0.0;0.0;0 days 10:00:00;10.0;0.72
0231;3901;Bois Esnault;weekday;0 days 07:47:00;0 days 18:30:00;4.4;0.0;1.0;0.0;2.0;1.0;2.75;0.0;0.0;0 days 10:43:00;10.716666666666667;0.4105754276827372
0231;3902;Caliorne;weekday;0 days 07:49:00;0 days 08:46:00;2.0;0.0;2.0;0.0;0.0;0.0;0.0;0.0;0.0;0 days 00:57:00;0.95;2.1052631578947367
0231;3903;Mouton Blanc;weekday;0 days 07:50:00;0 days 08:47:00;2.0;0.0;2.0;0.0;0.0;0.0;0.0;0.0;0.0;0 days 00:57:00;0.95;2.1052631578947367
0231;3904;Chemin Vert;weekday;0 days 13:08:00;0 days 18:26:00;4.2;0.0;0.0;0.0;2.0;2.0;2.75;0.0;0.0;0 days 05:18:00;5.3;0.7924528301886793
0231;3905;Pont-Péan Mairie;weekday;0 days 07:47:00;0 days 08:49:00;2.0;0.0;2.0;0.0;0.0;0.0;0.0;0.0;0.0;0 days 01:02:00;1.0333333333333334;1.9354838709677418
0231;3906;Rivaudière;weekday;0 days 07:48:00;0 days 08:50:00;2.0;0.0;2.0;0.0;0.0;0.0;0.0;0.0;0.0;0 days 01:02:00;1.0333333333333334;1.9354838709677418
0231;3907;Fontaine Blanche;weekday;0 days 07:49:00;0 days 08:51:00;2.0;0.0;2.0;0.0;0.0;0.0;0.0;0.0;0.0;0 days 01:02:00;1.0333333333333334;1.9354838709677418
0231;3908;Renaissance;weekday;0 days 07:51:00;0 days 08:52:00;3.0;0.0;3.0;0.0;0.0;0.0;0.0;0.0;0.0;0 days 01:01:00;1.0166666666666666;2.9508196721311477
0231;3909;Renaissance;weekday;0 days 13:03:00;0 days 17:31:00;3.6;0.0;0.0;0.0;2.0;2.0;2.0;0.0;0.0;0 days 04:28:00;4.466666666666667;0.8059701492537313
0231;3910;Fontaine Blanche;weekday;0 days 13:05:00;0 days 18:23:00;4.2;0.0;0.0;0.0;2.0;2.0;2.75;0.0;0.0;0 days 05:18:00;5.3;0.7924528301886793
0231;3911;Rivaudière;weekday;0 days 13:06:00;0 days 18:24:00;4.2;0.0;0.0;0.0;2.0;2.0;2.75;0.0;0.0;0 days 05:18:00;5.3;0.7924528301886793
0231;3912;Pont-Péan Mairie;weekday;0 days 13:07:00;0 days 18:25:00;4.2;0.0;0.0;0.0;2.0;2.0;2.75;0.0;0.0;0 days 05:18:00;5.3;0.7924528301886793
0231;3913;Chemin Vert;weekday;0 days 07:46:00;0 days 08:48:00;2.0;0.0;2.0;0.0;0.0;0.0;0.0;0.0;0.0;0 days 01:02:00;1.0333333333333334;1.9354838709677418
0231;3914;Mouton Blanc;weekday;0 days 13:09:00;0 days 18:27:00;4.2;0.0;0.0;0.0;2.0;2.0;2.75;0.0;0.0;0 days 05:18:00;5.3;0.7924528301886793
0231;3915;Caliorne;weekday;0 days 13:10:00;0 days 18:29:00;3.4;0.0;0.0;0.0;2.0;1.0;2.75;0.0;0.0;0 days 05:19:00;5.316666666666666;0.6394984326018809
0231;3924;Bois Esnault;weekday;0 days 08:45:00;0 days 08:45:00;1.0;0.0;1.0;0.0;0.0;0.0;0.0;0.0;0.0;0 days 00:00:00;0.0;inf
0231;4700;Point du Jour;weekday;0 days 08:39:00;0 days 08:39:00;1.0;0.0;1.0;0.0;0.0;0.0;0.0;0.0;0.0;0 days 00:00:00;0.0;inf
0231;4701;Point du Jour;weekday;0 days 16:37:00;0 days 18:39:00;1.75;0.0;0.0;0.0;0.0;1.0;1.0;0.0;0.0;0 days 02:02:00;2.033333333333333;0.8606557377049181
0231;4702;Orée du Bois;weekday;0 days 08:37:00;0 days 08:37:00;1.0;0.0;1.0;0.0;0.0;0.0;0.0;0.0;0.0;0 days 00:00:00;0.0;inf
0231;4703;Orée du Bois;weekday;0 days 16:39:00;0 days 18:42:00;1.75;0.0;0.0;0.0;0.0;1.0;1.0;0.0;0.0;0 days 02:03:00;2.05;0.853658536585366
0231;4704;Laillé Eglise;weekday;0 days 08:36:00;0 days 08:36:00;1.0;0.0;1.0;0.0;0.0;0.0;0.0;0.0;0.0;0 days 00:00:00;0.0;inf
0231;4705;Laillé Eglise;weekday;0 days 16:41:00;0 days 18:43:00;1.75;0.0;0.0;0.0;0.0;1.0;1.0;0.0;0.0;0 days 02:02:00;2.033333333333333;0.8606557377049181
0231;4706;Châtaigneraie;weekday;0 days 08:35:00;0 days 08:35:00;1.0;0.0;1.0;0.0;0.0;0.0;0.0;0.0;0.0;0 days 00:00:00;0.0;inf
0231;4707;Châtaigneraie;weekday;0 days 16:42:00;0 days 18:44:00;1.75;0.0;0.0;0.0;0.0;1.0;1.0;0.0;0.0;0 days 02:02:00;2.033333333333333;0.8606557377049181
0231;4708;Gingouillère;weekday;0 days 08:34:00;0 days 08:34:00;1.0;0.0;1.0;0.0;0.0;0.0;0.0;0.0;0.0;0 days 00:00:00;0.0;inf
0231;4710;Bout de Lande;weekday;0 days 18:33:00;0 days 18:33:00;1.0;0.0;0.0;0.0;0.0;0.0;1.0;0.0;0.0;0 days 00:00:00;0.0;inf
0231;4712;Estuaires;weekday;0 days 18:35:00;0 days 18:35:00;1.0;0.0;0.0;0.0;0.0;0.0;1.0;0.0;0.0;0 days 00:00:00;0.0;inf
0231;4722;Château d'Eau;weekday;0 days 18:37:00;0 days 18:37:00;1.0;0.0;0.0;0.0;0.0;0.0;1.0;0.0;0.0;0 days 00:00:00;0.0;inf
0231;4760;Gingouillère;weekday;0 days 16:44:00;0 days 18:46:00;1.75;0.0;0.0;0.0;0.0;1.0;1.0;0.0;0.0;0 days 02:02:00;2.033333333333333;0.8606557377049181
0232;2603;La Poste;weekday;0 days 08:00:00;0 days 09:00:00;2.0;0.0;2.0;0.0;0.0;0.0;0.0;0.0;0.0;0 days 01:00:00;1.0;2.0
0232;2619;La Poste;weekday;0 days 12:45:00;0 days 17:15:01;1.0;0.0;0.0;0.0;1.0;0.0;1.0;0.0;0.0;0 days 04:30:01;4.500277777777778;0.2222085056477995
0232;2645;Hauts de Gaudon;weekday;0 days 07:45:00;0 days 17:30:00;3.0;0.0;2.0;0.0;1.0;0.0;1.0;0.0;0.0;0 days 09:45:00;9.75;0.3076923076923077
0232;2646;Vern Gare;weekday;0 days 07:49:00;0 days 08:49:00;2.0;0.0;2.0;0.0;0.0;0.0;0.0;0.0;0.0;0 days 01:00:00;1.0;2.0
0232;2647;Vern Gare;weekday;0 days 12:56:00;0 days 17:26:00;1.0;0.0;0.0;0.0;1.0;0.0;1.0;0.0;0.0;0 days 04:30:00;4.5;0.2222222222222222
0233;3246;Collège Récipon;weekday;0 days 08:00:00;0 days 17:17:00;6.8;0.0;3.0;0.0;3.0;1.0;3.0;0.0;0.0;0 days 09:17:00;9.283333333333333;0.7324955116696589
0233;3801;Centre de Loisirs;weekday;0 days 07:44:00;0 days 17:34:00;6.8;0.0;3.0;0.0;3.0;1.0;3.0;0.0;0.0;0 days 09:50:00;9.833333333333334;0.6915254237288135
0233;3802;Bourgbarré Mairie;weekday;0 days 07:45:00;0 days 08:47:00;4.0;0.0;4.0;0.0;0.0;0.0;0.0;0.0;0.0;0 days 01:02:00;1.0333333333333334;3.8709677419354835
0233;3803;La Motte;weekday;0 days 07:47:00;0 days 08:49:00;4.0;0.0;4.0;0.0;0.0;0.0;0.0;0.0;0.0;0 days 01:02:00;1.0333333333333334;3.8709677419354835
0233;3804;La Basse Erable;weekday;0 days 07:49:00;0 days 08:51:00;4.0;0.0;4.0;0.0;0.0;0.0;0.0;0.0;0.0;0 days 01:02:00;1.0333333333333334;3.8709677419354835
0233;3807;La Basse Erable;weekday;0 days 12:53:00;0 days 17:27:00;3.8;0.0;0.0;0.0;3.0;1.0;3.0;0.0;0.0;0 days 04:34:00;4.566666666666666;0.8321167883211679
0233;3808;La Motte;weekday;0 days 12:54:00;0 days 17:28:00;3.8;0.0;0.0;0.0;3.0;1.0;3.0;0.0;0.0;0 days 04:34:00;4.566666666666666;0.8321167883211679
0233;3833;Bourgbarré Mairie;weekday;0 days 12:56:00;0 days 17:30:00;3.8;0.0;0.0;0.0;3.0;1.0;3.0;0.0;0.0;0 days 04:34:00;4.566666666666666;0.8321167883211679
0233;3838;Salle de Sports;weekday;0 days 07:46:00;0 days 08:46:00;3.0;0.0;3.0;0.0;0.0;0.0;0.0;0.0;0.0;0 days 01:00:00;1.0;3.0
0233;3839;Salle de Sports;weekday;0 days 12:57:00;0 days 17:31:00;3.8;0.0;0.0;0.0;3.0;1.0;3.0;0.0;0.0;0 days 04:34:00;4.566666666666666;0.8321167883211679
0233;4381;Collège Saint-Paul;weekday;0 days 08:10:00;0 days 17:12:00;3.8;0.0;2.0;0.0;1.0;1.0;1.0;0.0;0.0;0 days 09:02:00;9.033333333333333;0.4206642066420664
0234;2841;Jean-Paul II;weekday;0 days 08:05:00;0 days 17:35:01;2.0;0.0;1.0;0.0;1.0;0.0;1.0;0.0;0.0;0 days 09:30:01;9.500277777777777;0.2105201602292331
0234;3107;Renan;weekday;0 days 07:46:00;0 days 07:46:00;1.0;0.0;1.0;0.0;0.0;0.0;0.0;0.0;0.0;0 days 00:00:00;0.0;inf
0234;3108;Duchesse Anne;weekday;0 days 07:47:00;0 days 07:47:00;1.0;0.0;1.0;0.0;0.0;0.0;0.0;0.0;0.0;0 days 00:00:00;0.0;inf
0234;3109;Pacé Cimetière;weekday;0 days 07:48:00;0 days 07:48:00;1.0;0.0;1.0;0.0;0.0;0.0;0.0;0.0;0.0;0 days 00:00:00;0.0;inf
0234;3115;Pacé Cimetière;weekday;0 days 12:33:00;0 days 17:48:00;1.0;0.0;0.0;0.0;1.0;0.0;1.0;0.0;0.0;0 days 05:15:00;5.25;0.19047619047619047
0234;3116;Duchesse Anne;weekday;0 days 12:34:00;0 days 17:49:00;1.0;0.0;0.0;0.0;1.0;0.0;1.0;0.0;0.0;0 days 05:15:00;5.25;0.19047619047619047
0234;3117;Renan;weekday;0 days 12:36:00;0 days 17:51:00;1.0;0.0;0.0;0.0;1.0;0.0;1.0;0.0;0.0;0 days 05:15:00;5.25;0.19047619047619047
0234;3136;Pont Amelin;weekday;0 days 07:44:00;0 days 07:44:01;1.0;0.0;1.0;0.0;0.0;0.0;0.0;0.0;0.0;0 days 00:00:01;0.0002777777777777778;3600.0
0234;3141;Pont Amelin;weekday;0 days 12:38:00;0 days 17:53:00;1.0;0.0;0.0;0.0;1.0;0.0;1.0;0.0;0.0;0 days 05:15:00;5.25;0.19047619047619047
0234;3173;Teillais;weekday;0 days 07:49:00;0 days 07:49:00;1.0;0.0;1.0;0.0;0.0;0.0;0.0;0.0;0.0;0 days 00:00:00;0.0;inf
0234;3174;Teillais;weekday;0 days 12:32:00;0 days 17:47:00;1.0;0.0;0.0;0.0;1.0;0.0;1.0;0.0;0.0;0 days 05:15:00;5.25;0.19047619047619047
0235;3225;ZA L'Hermitière;weekday;0 days 07:46:00;0 days 19:16:00;4.2;0.0;1.0;0.0;1.0;1.0;2.0;0.0;0.0;0 days 11:30:00;11.5;0.3652173913043478
0235;3245;L'Hermitière Village;weekday;0 days 07:07:00;0 days 18:24:00;5.0;0.0;2.0;0.0;0.0;1.0;2.0;0.0;0.0;0 days 11:17:00;11.283333333333333;0.4431314623338257
0235;3248;ZA L'Hermitière;weekday;0 days 07:08:00;0 days 18:25:00;5.0;0.0;2.0;0.0;0.0;1.0;2.0;0.0;0.0;0 days 11:17:00;11.283333333333333;0.4431314623338257
0235;3251;L'Hermitière Village;weekday;0 days 07:47:00;0 days 19:17:00;4.2;0.0;1.0;0.0;1.0;1.0;2.0;0.0;0.0;0 days 11:30:00;11.5;0.3652173913043478
0235;3903;Mouton Blanc;weekday;0 days 07:18:00;0 days 18:35:00;5.0;0.0;2.0;0.0;0.0;1.0;2.0;0.0;0.0;0 days 11:17:00;11.283333333333333;0.4431314623338257
0235;3914;Mouton Blanc;weekday;0 days 07:36:00;0 days 19:06:00;4.2;0.0;1.0;0.0;1.0;1.0;2.0;0.0;0.0;0 days 11:30:00;11.5;0.3652173913043478
0235;4721;Château d'Eau;weekday;0 days 07:43:00;0 days 19:13:00;4.2;0.0;1.0;0.0;1.0;1.0;2.0;0.0;0.0;0 days 11:30:00;11.5;0.3652173913043478
0235;4722;Château d'Eau;weekday;0 days 07:11:00;0 days 18:28:00;5.0;0.0;2.0;0.0;0.0;1.0;2.0;0.0;0.0;0 days 11:17:00;11.283333333333333;0.4431314623338257
0235;4768;Hamonais;weekday;0 days 07:44:00;0 days 19:14:00;4.2;0.0;1.0;0.0;1.0;1.0;2.0;0.0;0.0;0 days 11:30:00;11.5;0.3652173913043478
0235;4769;Hamonais;weekday;0 days 07:10:00;0 days 18:27:00;5.0;0.0;2.0;0.0;0.0;1.0;2.0;0.0;0.0;0 days 11:17:00;11.283333333333333;0.4431314623338257
0236;3107;Renan;weekday;0 days 08:12:00;0 days 08:12:00;2.0;0.0;2.0;0.0;0.0;0.0;0.0;0.0;0.0;0 days 00:00:00;0.0;inf
0236;3108;Duchesse Anne;weekday;0 days 08:14:00;0 days 08:14:00;2.0;0.0;2.0;0.0;0.0;0.0;0.0;0.0;0.0;0 days 00:00:00;0.0;inf
0236;3116;Duchesse Anne;weekday;0 days 12:45:00;0 days 17:13:00;2.8;0.0;0.0;0.0;2.0;1.0;2.0;0.0;0.0;0 days 04:28:00;4.466666666666667;0.626865671641791
0236;3117;Renan;weekday;0 days 12:46:00;0 days 17:14:00;2.8;0.0;0.0;0.0;2.0;1.0;2.0;0.0;0.0;0 days 04:28:00;4.466666666666667;0.626865671641791
0236;3123;Chapitre;weekday;0 days 08:06:00;0 days 08:06:00;2.0;0.0;2.0;0.0;0.0;0.0;0.0;0.0;0.0;0 days 00:00:00;0.0;inf
0236;3124;Chapitre;weekday;0 days 12:50:00;0 days 17:20:00;2.8;0.0;0.0;0.0;2.0;1.0;2.0;0.0;0.0;0 days 04:30:00;4.5;0.6222222222222222
0236;3136;Pont Amelin;weekday;0 days 08:10:00;0 days 08:10:00;2.0;0.0;2.0;0.0;0.0;0.0;0.0;0.0;0.0;0 days 00:00:00;0.0;inf
0236;3141;Pont Amelin;weekday;0 days 12:48:00;0 days 17:16:00;2.8;0.0;0.0;0.0;2.0;1.0;2.0;0.0;0.0;0 days 04:28:00;4.466666666666667;0.626865671641791
0236;3142;Haute Rabine;weekday;0 days 08:08:00;0 days 08:08:00;2.0;0.0;2.0;0.0;0.0;0.0;0.0;0.0;0.0;0 days 00:00:00;0.0;inf
0236;3143;Haute Rabine;weekday;0 days 12:49:00;0 days 17:19:00;2.8;0.0;0.0;0.0;2.0;1.0;2.0;0.0;0.0;0 days 04:30:00;4.5;0.6222222222222222
0236;3145;Touche Champagne;weekday;0 days 08:04:00;0 days 08:04:00;2.0;0.0;2.0;0.0;0.0;0.0;0.0;0.0;0.0;0 days 00:00:00;0.0;inf
0236;3146;Touche Champagne;weekday;0 days 12:52:00;0 days 17:22:00;2.8;0.0;0.0;0.0;2.0;1.0;2.0;0.0;0.0;0 days 04:30:00;4.5;0.6222222222222222
0236;3162;Centre scolaire Pacé;weekday;0 days 08:15:00;0 days 17:10:01;4.8;0.0;2.0;0.0;2.0;1.0;2.0;0.0;0.0;0 days 08:55:01;8.916944444444445;0.5383009875081772
0236;3601;La Renardière;weekday;0 days 07:54:00;0 days 07:54:00;1.0;0.0;1.0;0.0;0.0;0.0;0.0;0.0;0.0;0 days 00:00:00;0.0;inf
0236;3602;Parthenay Mairie;weekday;0 days 07:57:00;0 days 07:57:00;2.0;0.0;2.0;0.0;0.0;0.0;0.0;0.0;0.0;0 days 00:00:00;0.0;inf
0236;3603;Clos des Tilleuls;weekday;0 days 07:58:00;0 days 07:58:00;2.0;0.0;2.0;0.0;0.0;0.0;0.0;0.0;0.0;0 days 00:00:00;0.0;inf
0236;3604;La Noë;weekday;0 days 07:59:00;0 days 07:59:00;2.0;0.0;2.0;0.0;0.0;0.0;0.0;0.0;0.0;0 days 00:00:00;0.0;inf
0236;3605;Placis de la Touche;weekday;0 days 08:00:00;0 days 08:00:00;2.0;0.0;2.0;0.0;0.0;0.0;0.0;0.0;0.0;0 days 00:00:00;0.0;inf
0236;3606;Le Reuvre;weekday;0 days 08:01:00;0 days 08:01:00;2.0;0.0;2.0;0.0;0.0;0.0;0.0;0.0;0.0;0 days 00:00:00;0.0;inf
0236;3611;Le Reuvre;weekday;0 days 12:55:00;0 days 17:23:00;2.8;0.0;0.0;0.0;2.0;1.0;2.0;0.0;0.0;0 days 04:28:00;4.466666666666667;0.626865671641791
0236;3612;Placis de la Touche;weekday;0 days 12:56:00;0 days 17:24:00;2.8;0.0;0.0;0.0;2.0;1.0;2.0;0.0;0.0;0 days 04:28:00;4.466666666666667;0.626865671641791
0236;3613;La Noë;weekday;0 days 12:57:00;0 days 17:25:00;2.8;0.0;0.0;0.0;2.0;1.0;2.0;0.0;0.0;0 days 04:28:00;4.466666666666667;0.626865671641791
0236;3614;Clos des Tilleuls;weekday;0 days 12:58:00;0 days 17:26:00;2.8;0.0;0.0;0.0;2.0;1.0;2.0;0.0;0.0;0 days 04:28:00;4.466666666666667;0.626865671641791
0236;3615;Parthenay Mairie;weekday;0 days 12:59:00;0 days 17:27:00;2.8;0.0;0.0;0.0;2.0;1.0;2.0;0.0;0.0;0 days 04:28:00;4.466666666666667;0.626865671641791
0236;3616;La Renardière;weekday;0 days 13:03:00;0 days 17:28:00;1.8;0.0;0.0;0.0;1.0;1.0;1.0;0.0;0.0;0 days 04:25:00;4.416666666666667;0.4075471698113207
0236;3617;Parthenay Fontaine;weekday;0 days 07:55:00;0 days 17:28:00;2.8;0.0;1.0;0.0;1.0;1.0;1.0;0.0;0.0;0 days 09:33:00;9.55;0.2931937172774869
0236;4451;Clairville;weekday;0 days 07:45:00;0 days 17:32:00;2.8;0.0;1.0;0.0;1.0;1.0;1.0;0.0;0.0;0 days 09:47:00;9.783333333333333;0.28620102214650767
0236;4452;Croix Simon;weekday;0 days 07:48:00;0 days 17:33:00;2.8;0.0;1.0;0.0;1.0;1.0;1.0;0.0;0.0;0 days 09:45:00;9.75;0.28717948717948716
0236;4453;Clayes Centre;weekday;0 days 07:52:00;0 days 17:38:00;2.8;0.0;1.0;0.0;1.0;1.0;1.0;0.0;0.0;0 days 09:46:00;9.766666666666667;0.2866894197952218
0236;4460;La Cour aux Pages;weekday;0 days 07:50:00;0 days 17:34:00;2.8;0.0;1.0;0.0;1.0;1.0;1.0;0.0;0.0;0 days 09:44:00;9.733333333333333;0.2876712328767123
0237;2502;Lycée Monod;weekday;0 days 08:20:00;0 days 18:16:00;4.8;0.0;3.0;0.0;1.0;0.0;2.0;0.0;0.0;0 days 09:56:00;9.933333333333334;0.4832214765100671
0237;2522;Mahomat;weekday;0 days 08:05:00;0 days 09:05:00;3.0;0.0;3.0;0.0;0.0;0.0;0.0;0.0;0.0;0 days 01:00:00;1.0;3.0
0237;2523;Mahomat;weekday;0 days 11:51:00;0 days 18:21:00;2.0;0.0;0.0;1.0;1.0;0.0;2.0;0.0;0.0;0 days 06:30:00;6.5;0.3076923076923077
0237;2525;Haut Plessis;weekday;0 days 08:00:00;0 days 09:02:00;3.0;0.0;3.0;0.0;0.0;0.0;0.0;0.0;0.0;0 days 01:02:00;1.0333333333333334;2.9032258064516125
0237;2526;Moigné;weekday;0 days 08:02:00;0 days 09:03:00;3.0;0.0;3.0;0.0;0.0;0.0;0.0;0.0;0.0;0 days 01:01:00;1.0166666666666666;2.9508196721311477
0237;2529;Moigné;weekday;0 days 11:53:00;0 days 18:23:00;2.0;0.0;0.0;1.0;1.0;0.0;2.0;0.0;0.0;0 days 06:30:00;6.5;0.3076923076923077
0237;2530;Haut Plessis;weekday;0 days 11:54:00;0 days 18:24:00;2.0;0.0;0.0;1.0;1.0;0.0;2.0;0.0;0.0;0 days 06:30:00;6.5;0.3076923076923077
0237;2534;Collège Brassens;weekday;0 days 08:15:00;0 days 18:13:00;5.0;0.0;3.0;1.0;1.0;0.0;2.0;0.0;0.0;0 days 09:58:00;9.966666666666667;0.5016722408026756
0237;4201;Croix Blanche;weekday;0 days 07:47:00;0 days 08:50:00;3.0;0.0;3.0;0.0;0.0;0.0;0.0;0.0;0.0;0 days 01:03:00;1.05;2.857142857142857
0237;4202;Calvaire;weekday;0 days 07:49:00;0 days 08:51:00;3.0;0.0;3.0;0.0;0.0;0.0;0.0;0.0;0.0;0 days 01:02:00;1.0333333333333334;2.9032258064516125
0237;4203;Alfred de Musset;weekday;0 days 13:04:00;0 days 18:31:00;1.8;0.0;0.0;0.0;1.0;0.0;2.0;0.0;0.0;0 days 05:27:00;5.45;0.3302752293577982
0237;4204;Avenir;weekday;0 days 07:54:00;0 days 08:57:00;3.0;0.0;3.0;0.0;0.0;0.0;0.0;0.0;0.0;0 days 01:03:00;1.05;2.857142857142857
0237;4205;Grippay;weekday;0 days 07:55:00;0 days 08:59:00;3.0;0.0;3.0;0.0;0.0;0.0;0.0;0.0;0.0;0 days 01:04:00;1.0666666666666667;2.8125
0237;4206;Mare Doux;weekday;0 days 07:57:00;0 days 09:00:00;3.0;0.0;3.0;0.0;0.0;0.0;0.0;0.0;0.0;0 days 01:03:00;1.05;2.857142857142857
0237;4207;Mare Doux;weekday;0 days 12:59:00;0 days 18:26:00;1.8;0.0;0.0;0.0;1.0;0.0;2.0;0.0;0.0;0 days 05:27:00;5.45;0.3302752293577982
0237;4208;Grippay;weekday;0 days 13:01:00;0 days 18:28:00;1.8;0.0;0.0;0.0;1.0;0.0;2.0;0.0;0.0;0 days 05:27:00;5.45;0.3302752293577982
0237;4209;Avenir;weekday;0 days 13:02:00;0 days 18:29:00;1.8;0.0;0.0;0.0;1.0;0.0;2.0;0.0;0.0;0 days 05:27:00;5.45;0.3302752293577982
0237;4210;Alfred de Musset;weekday;0 days 07:51:00;0 days 08:54:00;3.0;0.0;3.0;0.0;0.0;0.0;0.0;0.0;0.0;0 days 01:03:00;1.05;2.857142857142857
0237;4211;Calvaire;weekday;0 days 13:05:00;0 days 18:32:00;1.8;0.0;0.0;0.0;1.0;0.0;2.0;0.0;0.0;0 days 05:27:00;5.45;0.3302752293577982
0237;4212;Croix Blanche;weekday;0 days 13:07:00;0 days 18:34:00;1.8;0.0;0.0;0.0;1.0;0.0;2.0;0.0;0.0;0 days 05:27:00;5.45;0.3302752293577982
0238;2502;Lycée Monod;weekday;0 days 08:15:00;0 days 18:16:00;4.8;0.0;2.0;1.0;1.0;1.0;2.0;0.0;0.0;0 days 10:01:00;10.016666666666667;0.4792013311148086
0238;2534;Collège Brassens;weekday;0 days 08:13:00;0 days 18:13:00;4.8;0.0;2.0;1.0;1.0;1.0;2.0;0.0;0.0;0 days 10:00:00;10.0;0.48
0238;4252;Rochers;weekday;0 days 07:53:00;0 days 08:53:00;2.0;0.0;2.0;0.0;0.0;0.0;0.0;0.0;0.0;0 days 01:00:00;1.0;2.0
0238;4253;Piardière;weekday;0 days 07:55:00;0 days 08:55:10;2.0;0.0;2.0;0.0;0.0;0.0;0.0;0.0;0.0;0 days 01:00:10;1.0027777777777778;1.994459833795014
0238;4254;Grippière;weekday;0 days 07:56:00;0 days 08:56:00;2.0;0.0;2.0;0.0;0.0;0.0;0.0;0.0;0.0;0 days 01:00:00;1.0;2.0
0238;4255;Grippière;weekday;0 days 12:03:00;0 days 18:31:00;2.8;0.0;0.0;0.0;2.0;1.0;2.0;0.0;0.0;0 days 06:28:00;6.466666666666667;0.43298969072164945
0238;4256;Piardière;weekday;0 days 12:04:00;0 days 18:32:00;2.8;0.0;0.0;0.0;2.0;1.0;2.0;0.0;0.0;0 days 06:28:00;6.466666666666667;0.43298969072164945
0238;4257;Rochers;weekday;0 days 12:06:00;0 days 18:34:00;2.8;0.0;0.0;0.0;2.0;1.0;2.0;0.0;0.0;0 days 06:28:00;6.466666666666667;0.43298969072164945
0238;4264;Place de la Mairie;weekday;0 days 07:50:57;0 days 08:51:00;2.0;0.0;2.0;0.0;0.0;0.0;0.0;0.0;0.0;0 days 01:00:03;1.0008333333333332;1.9983347210657787
0238;4267;Ville aux Archers;weekday;0 days 07:50:00;0 days 08:50:00;2.0;0.0;2.0;0.0;0.0;0.0;0.0;0.0;0.0;0 days 01:00:00;1.0;2.0
0238;4269;Place de la Mairie;weekday;0 days 12:07:00;0 days 18:35:00;2.8;0.0;0.0;0.0;2.0;1.0;2.0;0.0;0.0;0 days 06:28:00;6.466666666666667;0.43298969072164945
0238;4270;Ville aux Archers;weekday;0 days 12:08:00;0 days 18:36:00;2.8;0.0;0.0;0.0;2.0;1.0;2.0;0.0;0.0;0 days 06:28:00;6.466666666666667;0.43298969072164945
0238;4301;Hautière;weekday;0 days 07:58:00;0 days 08:58:00;2.0;0.0;2.0;0.0;0.0;0.0;0.0;0.0;0.0;0 days 01:00:00;1.0;2.0
0238;4303;L'Hermitage Gare;weekday;0 days 07:59:00;0 days 08:59:00;2.0;0.0;2.0;0.0;0.0;0.0;0.0;0.0;0.0;0 days 01:00:00;1.0;2.0
0238;4305;Village;weekday;0 days 09:02:00;0 days 09:02:00;1.0;0.0;1.0;0.0;0.0;0.0;0.0;0.0;0.0;0 days 00:00:00;0.0;inf
0238;4306;Clairefontaine;weekday;0 days 09:03:00;0 days 09:03:00;1.0;0.0;1.0;0.0;0.0;0.0;0.0;0.0;0.0;0 days 00:00:00;0.0;inf
0238;4310;L'Hermitage Gare;weekday;0 days 12:00:00;0 days 18:28:00;2.8;0.0;0.0;0.0;2.0;1.0;2.0;0.0;0.0;0 days 06:28:00;6.466666666666667;0.43298969072164945
0238;4311;Hautière;weekday;0 days 12:01:00;0 days 18:29:00;2.8;0.0;0.0;0.0;2.0;1.0;2.0;0.0;0.0;0 days 06:28:00;6.466666666666667;0.43298969072164945
0238;4322;L'Hermitage Centre;weekday;0 days 09:00:00;0 days 09:00:00;1.0;0.0;1.0;0.0;0.0;0.0;0.0;0.0;0.0;0 days 00:00:00;0.0;inf
0239;2502;Lycée Monod;weekday;0 days 08:20:00;0 days 18:15:01;3.0;0.0;2.0;0.0;1.0;0.0;1.0;0.0;0.0;0 days 09:55:01;9.916944444444445;0.30251253466289457
0239;3852;Mordelles Eglise;weekday;0 days 08:02:00;0 days 08:02:12;2.0;0.0;2.0;0.0;0.0;0.0;0.0;0.0;0.0;0 days 00:00:12;0.0033333333333333335;600.0
0239;3853;Mordelles Mairie;weekday;0 days 08:04:00;0 days 08:04:00;2.0;0.0;2.0;0.0;0.0;0.0;0.0;0.0;0.0;0 days 00:00:00;0.0;inf
0239;3854;Mordelles Lilas;weekday;0 days 08:05:00;0 days 08:05:28;2.0;0.0;2.0;0.0;0.0;0.0;0.0;0.0;0.0;0 days 00:00:28;0.0077777777777777776;257.14285714285717
0239;3855;Gretay;weekday;0 days 08:07:00;0 days 08:07:00;2.0;0.0;2.0;0.0;0.0;0.0;0.0;0.0;0.0;0 days 00:00:00;0.0;inf
0239;3856;Croix Ignon;weekday;0 days 08:08:38;0 days 08:09:00;2.0;0.0;2.0;0.0;0.0;0.0;0.0;0.0;0.0;0 days 00:00:22;0.006111111111111111;327.27272727272725
0239;3857;Grande Fontaine;weekday;0 days 08:09:32;0 days 08:10:00;2.0;0.0;2.0;0.0;0.0;0.0;0.0;0.0;0.0;0 days 00:00:28;0.0077777777777777776;257.14285714285717
0239;3858;Vivier des Bois;weekday;0 days 08:10:36;0 days 08:11:00;2.0;0.0;2.0;0.0;0.0;0.0;0.0;0.0;0.0;0 days 00:00:24;0.006666666666666667;300.0
0239;3859;Vivier des Bois;weekday;0 days 12:54:00;0 days 18:24:00;1.0;0.0;0.0;0.0;1.0;0.0;1.0;0.0;0.0;0 days 05:30:00;5.5;0.18181818181818182
0239;3860;Grande Fontaine;weekday;0 days 12:55:00;0 days 18:25:18;1.0;0.0;0.0;0.0;1.0;0.0;1.0;0.0;0.0;0 days 05:30:18;5.505;0.18165304268846502
0239;3861;Croix Ignon;weekday;0 days 12:56:00;0 days 18:26:11;1.0;0.0;0.0;0.0;1.0;0.0;1.0;0.0;0.0;0 days 05:30:11;5.503055555555555;0.18171722780273586
0239;3862;Gretay;weekday;0 days 12:58:00;0 days 18:28:00;1.0;0.0;0.0;0.0;1.0;0.0;1.0;0.0;0.0;0 days 05:30:00;5.5;0.18181818181818182
0239;3863;Mordelles Lilas;weekday;0 days 12:59:00;0 days 18:29:00;1.0;0.0;0.0;0.0;1.0;0.0;1.0;0.0;0.0;0 days 05:30:00;5.5;0.18181818181818182
0239;3864;Mordelles Mairie;weekday;0 days 13:00:00;0 days 18:30:00;1.0;0.0;0.0;0.0;1.0;0.0;1.0;0.0;0.0;0 days 05:30:00;5.5;0.18181818181818182
0239;3865;Mordelles Eglise;weekday;0 days 13:01:00;0 days 18:31:03;1.0;0.0;0.0;0.0;1.0;0.0;1.0;0.0;0.0;0 days 05:30:03;5.5008333333333335;0.1817906377821542
0239;3869;Mordelles Pâtis;weekday;0 days 08:00:00;0 days 18:33:00;3.0;0.0;2.0;0.0;1.0;0.0;1.0;0.0;0.0;0 days 10:33:00;10.55;0.2843601895734597
0240;2502;Lycée Monod;weekday;0 days 08:13:00;0 days 18:15:01;10.8;0.0;5.0;2.0;3.0;2.25;3.75;0.0;0.0;0 days 10:02:01;10.033611111111112;1.0763821599623487
0240;2534;Collège Brassens;weekday;0 days 08:11:00;0 days 17:20:01;10.0;0.0;5.0;2.0;3.0;2.25;2.75;0.0;0.0;0 days 09:09:01;9.150277777777777;1.0928629974803437
0240;3705;Saint-Gilles Centre;weekday;0 days 07:57:00;0 days 08:48:00;2.0;0.0;2.0;0.0;0.0;0.0;0.0;0.0;0.0;0 days 00:51:00;0.85;2.3529411764705883
0240;3707;Pont aux Moines;weekday;0 days 08:50:00;0 days 18:33:00;4.0;0.0;1.0;0.0;2.0;2.25;1.0;0.0;0.0;0 days 09:43:00;9.716666666666667;0.411663807890223
0240;3708;Vigne;weekday;0 days 08:51:00;0 days 18:34:00;4.0;0.0;1.0;0.0;2.0;2.25;1.0;0.0;0.0;0 days 09:43:00;9.716666666666667;0.411663807890223
0240;3714;Saint-Gilles Centre;weekday;0 days 12:07:00;0 days 18:35:00;5.8;0.0;0.0;0.0;5.0;2.25;3.75;0.0;0.0;0 days 06:28:00;6.466666666666667;0.8969072164948453
0240;3715;Clos des Cerisiers;weekday;0 days 07:55:00;0 days 08:46:00;2.0;0.0;2.0;0.0;0.0;0.0;0.0;0.0;0.0;0 days 00:51:00;0.85;2.3529411764705883
0240;3717;Maison Neuve;weekday;0 days 07:54:00;0 days 08:45:00;2.0;0.0;2.0;0.0;0.0;0.0;0.0;0.0;0.0;0 days 00:51:00;0.85;2.3529411764705883
0240;3723;Maison Neuve;weekday;0 days 12:11:00;0 days 18:38:00;5.8;0.0;0.0;0.0;5.0;2.25;3.75;0.0;0.0;0 days 06:27:00;6.45;0.8992248062015503
0240;3724;Clos des Cerisiers;weekday;0 days 12:09:00;0 days 18:37:00;5.8;0.0;0.0;0.0;5.0;2.25;3.75;0.0;0.0;0 days 06:28:00;6.466666666666667;0.8969072164948453
0240;3732;Ile des Bois;weekday;0 days 07:54:00;0 days 18:40:00;7.8;0.0;2.0;0.0;5.0;2.25;3.75;0.0;0.0;0 days 10:46:00;10.766666666666667;0.7244582043343653
0240;4304;L'Hermitage Centre;weekday;0 days 11:59:00;0 days 18:27:00;5.8;0.0;0.0;2.0;3.0;2.25;3.75;0.0;0.0;0 days 06:28:00;6.466666666666667;0.8969072164948453
0240;4305;Village;weekday;0 days 08:02:00;0 days 09:02:00;5.0;0.0;5.0;0.0;0.0;0.0;0.0;0.0;0.0;0 days 01:00:00;1.0;5.0
0240;4306;Clairefontaine;weekday;0 days 08:04:00;0 days 09:03:00;5.0;0.0;5.0;0.0;0.0;0.0;0.0;0.0;0.0;0 days 00:59:00;0.9833333333333333;5.084745762711865
0240;4307;Clairefontaine;weekday;0 days 11:57:00;0 days 18:25:00;5.8;0.0;0.0;2.0;3.0;2.25;3.75;0.0;0.0;0 days 06:28:00;6.466666666666667;0.8969072164948453
0240;4308;Village;weekday;0 days 11:58:00;0 days 18:26:00;5.8;0.0;0.0;2.0;3.0;2.25;3.75;0.0;0.0;0 days 06:28:00;6.466666666666667;0.8969072164948453
0240;4322;L'Hermitage Centre;weekday;0 days 08:00:00;0 days 09:00:00;5.0;0.0;5.0;0.0;0.0;0.0;0.0;0.0;0.0;0 days 01:00:00;1.0;5.0
0241;3880;Morvan Lebesque;weekday;0 days 08:06:00;0 days 17:15:00;7.0;0.0;5.0;0.0;2.0;0.0;2.0;0.0;0.0;0 days 09:09:00;9.15;0.7650273224043715
0241;3881;Collège St-Yves;weekday;0 days 08:15:00;0 days 17:05:01;7.0;0.0;5.0;0.0;2.0;0.0;2.0;0.0;0.0;0 days 08:50:01;8.83361111111111;0.7924279110719789
0241;4201;Croix Blanche;weekday;0 days 07:53:00;0 days 08:50:00;2.0;0.0;2.0;0.0;0.0;0.0;0.0;0.0;0.0;0 days 00:57:00;0.95;2.1052631578947367
0241;4202;Calvaire;weekday;0 days 07:54:00;0 days 08:52:00;2.0;0.0;2.0;0.0;0.0;0.0;0.0;0.0;0.0;0 days 00:58:00;0.9666666666666667;2.0689655172413794
0241;4203;Alfred de Musset;weekday;0 days 12:54:00;0 days 17:28:00;3.0;0.0;0.0;0.0;3.0;0.0;3.0;0.0;0.0;0 days 04:34:00;4.566666666666666;0.6569343065693432
0241;4204;Avenir;weekday;0 days 08:00:00;0 days 08:56:00;3.0;0.0;3.0;0.0;0.0;0.0;0.0;0.0;0.0;0 days 00:56:00;0.9333333333333333;3.2142857142857144
0241;4205;Grippay;weekday;0 days 08:02:00;0 days 08:58:00;3.0;0.0;3.0;0.0;0.0;0.0;0.0;0.0;0.0;0 days 00:56:00;0.9333333333333333;3.2142857142857144
0241;4208;Grippay;weekday;0 days 12:49:00;0 days 17:23:00;3.0;0.0;0.0;0.0;3.0;0.0;3.0;0.0;0.0;0 days 04:34:00;4.566666666666666;0.6569343065693432
0241;4209;Avenir;weekday;0 days 12:52:00;0 days 17:26:00;3.0;0.0;0.0;0.0;3.0;0.0;3.0;0.0;0.0;0 days 04:34:00;4.566666666666666;0.6569343065693432
0241;4210;Alfred de Musset;weekday;0 days 07:56:00;0 days 08:54:00;2.0;0.0;2.0;0.0;0.0;0.0;0.0;0.0;0.0;0 days 00:58:00;0.9666666666666667;2.0689655172413794
0241;4211;Calvaire;weekday;0 days 12:56:00;0 days 17:30:00;3.0;0.0;0.0;0.0;3.0;0.0;3.0;0.0;0.0;0 days 04:34:00;4.566666666666666;0.6569343065693432
0241;4212;Croix Blanche;weekday;0 days 12:58:00;0 days 17:32:00;3.0;0.0;0.0;0.0;3.0;0.0;3.0;0.0;0.0;0 days 04:34:00;4.566666666666666;0.6569343065693432
0242;4800;Bécherel Centre;weekday;0 days 13:05:00;0 days 17:35:00;1.0;0.0;0.0;0.0;1.0;0.0;1.0;0.0;0.0;0 days 04:30:00;4.5;0.2222222222222222
0242;4801;Bécherel Centre;weekday;0 days 07:51:00;0 days 07:51:00;1.0;0.0;1.0;0.0;0.0;0.0;0.0;0.0;0.0;0 days 00:00:00;0.0;inf
0242;4802;Sévignière;weekday;0 days 13:04:00;0 days 17:34:00;1.0;0.0;0.0;0.0;1.0;0.0;1.0;0.0;0.0;0 days 04:30:00;4.5;0.2222222222222222
0242;4803;Sévignière;weekday;0 days 07:52:00;0 days 07:52:27;1.0;0.0;1.0;0.0;0.0;0.0;0.0;0.0;0.0;0 days 00:00:27;0.0075;133.33333333333334
0242;4850;Chapelle-Chaussée;weekday;0 days 08:00:00;0 days 08:00:00;1.0;0.0;1.0;0.0;0.0;0.0;0.0;0.0;0.0;0 days 00:00:00;0.0;inf
0242;4851;Chapelle-Chaussée;weekday;0 days 12:56:00;0 days 17:26:00;1.0;0.0;0.0;0.0;1.0;0.0;1.0;0.0;0.0;0 days 04:30:00;4.5;0.2222222222222222
0242;4950;Miniac Eglise;weekday;0 days 07:44:00;0 days 17:45:00;2.0;0.0;1.0;0.0;1.0;0.0;1.0;0.0;0.0;0 days 10:01:00;10.016666666666667;0.19966722129783693
0242;6000;Romillé Collège;weekday;0 days 08:15:00;0 days 17:12:01;2.0;0.0;1.0;0.0;1.0;0.0;1.0;0.0;0.0;0 days 08:57:01;8.950277777777778;0.22345675180782718
0243;2841;Jean-Paul II;weekday;0 days 08:05:00;0 days 17:35:01;2.0;0.0;1.0;0.0;1.0;0.0;1.0;0.0;0.0;0 days 09:30:01;9.500277777777777;0.2105201602292331
0243;3102;Pie Neuve;weekday;0 days 07:43:00;0 days 07:43:01;1.0;0.0;1.0;0.0;0.0;0.0;0.0;0.0;0.0;0 days 00:00:01;0.0002777777777777778;3600.0
0243;3103;Docteur Léon;weekday;0 days 07:44:00;0 days 07:44:00;1.0;0.0;1.0;0.0;0.0;0.0;0.0;0.0;0.0;0 days 00:00:00;0.0;inf
0243;3104;Touche Milon;weekday;0 days 07:45:00;0 days 07:45:00;1.0;0.0;1.0;0.0;0.0;0.0;0.0;0.0;0.0;0 days 00:00:00;0.0;inf
0243;3105;Pinault;weekday;0 days 12:41:00;0 days 17:56:14;1.0;0.0;0.0;0.0;1.0;0.0;1.0;0.0;0.0;0 days 05:15:14;5.253888888888889;0.1903352014380882
0243;3110;Carré Dumaine;weekday;0 days 12:37:00;0 days 17:52:00;1.0;0.0;0.0;0.0;1.0;0.0;1.0;0.0;0.0;0 days 05:15:00;5.25;0.19047619047619047
0243;3111;Le Ponant;weekday;0 days 12:38:00;0 days 17:53:00;1.0;0.0;0.0;0.0;1.0;0.0;1.0;0.0;0.0;0 days 05:15:00;5.25;0.19047619047619047
0243;3113;Le Ponant;weekday;0 days 07:49:00;0 days 07:49:00;1.0;0.0;1.0;0.0;0.0;0.0;0.0;0.0;0.0;0 days 00:00:00;0.0;inf
0243;3114;Carré Dumaine;weekday;0 days 07:50:00;0 days 07:50:00;1.0;0.0;1.0;0.0;0.0;0.0;0.0;0.0;0.0;0 days 00:00:00;0.0;inf
0243;3119;Pinault;weekday;0 days 07:47:00;0 days 07:47:00;1.0;0.0;1.0;0.0;0.0;0.0;0.0;0.0;0.0;0 days 00:00:00;0.0;inf
0243;3120;Touche Milon;weekday;0 days 12:42:00;0 days 17:57:00;1.0;0.0;0.0;0.0;1.0;0.0;1.0;0.0;0.0;0 days 05:15:00;5.25;0.19047619047619047
0243;3121;Docteur Léon;weekday;0 days 12:43:00;0 days 17:58:00;1.0;0.0;0.0;0.0;1.0;0.0;1.0;0.0;0.0;0 days 05:15:00;5.25;0.19047619047619047
0243;3122;Pie Neuve;weekday;0 days 12:44:00;0 days 17:59:00;1.0;0.0;0.0;0.0;1.0;0.0;1.0;0.0;0.0;0 days 05:15:00;5.25;0.19047619047619047
0243;3134;Nominoë;weekday;0 days 07:48:00;0 days 07:48:00;1.0;0.0;1.0;0.0;0.0;0.0;0.0;0.0;0.0;0 days 00:00:00;0.0;inf
0243;3135;Nominoë;weekday;0 days 12:39:00;0 days 17:54:00;1.0;0.0;0.0;0.0;1.0;0.0;1.0;0.0;0.0;0 days 05:15:00;5.25;0.19047619047619047
0245;2206;Maltière;weekday;0 days 07:41:00;0 days 08:45:00;2.0;0.0;2.0;0.0;0.0;0.0;0.0;0.0;0.0;0 days 01:04:00;1.0666666666666667;1.875
0245;2207;Lilas;weekday;0 days 12:29:00;0 days 18:04:00;1.8;0.0;0.0;0.0;1.0;0.0;2.0;0.0;0.0;0 days 05:35:00;5.583333333333333;0.32238805970149254
0245;2208;Commeurec;weekday;0 days 12:27:00;0 days 18:02:00;1.8;0.0;0.0;0.0;1.0;0.0;2.0;0.0;0.0;0 days 05:35:00;5.583333333333333;0.32238805970149254
0245;2209;Commeurec;weekday;0 days 07:48:00;0 days 08:51:00;2.0;0.0;2.0;0.0;0.0;0.0;0.0;0.0;0.0;0 days 01:03:00;1.05;1.9047619047619047
0245;2210;Lilas;weekday;0 days 07:47:00;0 days 08:49:00;2.0;0.0;2.0;0.0;0.0;0.0;0.0;0.0;0.0;0 days 01:02:00;1.0333333333333334;1.9354838709677418
0245;2211;Maltière;weekday;0 days 12:32:00;0 days 18:07:00;1.8;0.0;0.0;0.0;1.0;0.0;2.0;0.0;0.0;0 days 05:35:00;5.583333333333333;0.32238805970149254
0245;2223;Abbé Grimault;weekday;0 days 07:33:00;0 days 08:36:00;2.0;0.0;2.0;0.0;0.0;0.0;0.0;0.0;0.0;0 days 01:03:00;1.05;1.9047619047619047
0245;2233;Abbé Grimault;weekday;0 days 12:37:00;0 days 18:12:00;1.8;0.0;0.0;0.0;1.0;0.0;2.0;0.0;0.0;0 days 05:35:00;5.583333333333333;0.32238805970149254
0245;2236;Parc Expo;weekday;0 days 07:28:00;0 days 08:31:00;2.0;0.0;2.0;0.0;0.0;0.0;0.0;0.0;0.0;0 days 01:03:00;1.05;1.9047619047619047
0245;2237;Aire Libre;weekday;0 days 07:32:00;0 days 08:35:00;2.0;0.0;2.0;0.0;0.0;0.0;0.0;0.0;0.0;0 days 01:03:00;1.05;1.9047619047619047
0245;2238;Centre Météo;weekday;0 days 07:30:00;0 days 08:33:00;2.0;0.0;2.0;0.0;0.0;0.0;0.0;0.0;0.0;0 days 01:03:00;1.05;1.9047619047619047
0245;2239;Haut Bois;weekday;0 days 07:36:00;0 days 08:39:00;2.0;0.0;2.0;0.0;0.0;0.0;0.0;0.0;0.0;0 days 01:03:00;1.05;1.9047619047619047
0245;2240;St-Jacques Mairie;weekday;0 days 07:37:00;0 days 08:40:00;2.0;0.0;2.0;0.0;0.0;0.0;0.0;0.0;0.0;0 days 01:03:00;1.05;1.9047619047619047
0245;2241;St-Jacques Mairie;weekday;0 days 12:33:00;0 days 18:08:00;1.8;0.0;0.0;0.0;1.0;0.0;2.0;0.0;0.0;0 days 05:35:00;5.583333333333333;0.32238805970149254
0245;2242;Centre Météo;weekday;0 days 12:39:00;0 days 18:14:00;1.8;0.0;0.0;0.0;1.0;0.0;2.0;0.0;0.0;0 days 05:35:00;5.583333333333333;0.32238805970149254
0245;2243;Aire Libre;weekday;0 days 12:38:00;0 days 18:13:00;1.8;0.0;0.0;0.0;1.0;0.0;2.0;0.0;0.0;0 days 05:35:00;5.583333333333333;0.32238805970149254
0245;2244;Parc Expo;weekday;0 days 12:41:00;0 days 18:16:00;1.8;0.0;0.0;0.0;1.0;0.0;2.0;0.0;0.0;0 days 05:35:00;5.583333333333333;0.32238805970149254
0245;2245;Haut Bois;weekday;0 days 12:34:00;0 days 18:09:00;1.8;0.0;0.0;0.0;1.0;0.0;2.0;0.0;0.0;0 days 05:35:00;5.583333333333333;0.32238805970149254
0245;2278;Saint-Jacques - Gaîté;weekday;0 days 12:30:00;0 days 18:06:00;1.8;0.0;0.0;0.0;1.0;0.0;2.0;0.0;0.0;0 days 05:36:00;5.6;0.32142857142857145
0245;2279;Saint-Jacques - Gaîté;weekday;0 days 07:44:00;0 days 08:48:00;2.0;0.0;2.0;0.0;0.0;0.0;0.0;0.0;0.0;0 days 01:04:00;1.0666666666666667;1.875
0245;2288;Jules Vallès;weekday;0 days 12:40:00;0 days 18:15:00;1.8;0.0;0.0;0.0;1.0;0.0;2.0;0.0;0.0;0 days 05:35:00;5.583333333333333;0.32238805970149254
0245;2289;Jules Vallès;weekday;0 days 07:29:00;0 days 08:32:00;2.0;0.0;2.0;0.0;0.0;0.0;0.0;0.0;0.0;0 days 01:03:00;1.05;1.9047619047619047
0245;2303;Haut Launay;weekday;0 days 07:15:00;0 days 07:15:00;1.0;0.0;1.0;0.0;0.0;0.0;0.0;0.0;0.0;0 days 00:00:00;0.0;inf
0245;2304;Rabine;weekday;0 days 07:17:00;0 days 07:17:00;1.0;0.0;1.0;0.0;0.0;0.0;0.0;0.0;0.0;0 days 00:00:00;0.0;inf
0245;2305;Vert Buisson;weekday;0 days 12:48:00;0 days 18:23:00;1.8;0.0;0.0;0.0;1.0;0.0;2.0;0.0;0.0;0 days 05:35:00;5.583333333333333;0.32238805970149254
0245;2307;Gavrinis;weekday;0 days 07:20:00;0 days 07:20:00;1.0;0.0;1.0;0.0;0.0;0.0;0.0;0.0;0.0;0 days 00:00:00;0.0;inf
0245;2308;Croix Madame;weekday;0 days 07:23:00;0 days 07:23:00;1.0;0.0;1.0;0.0;0.0;0.0;0.0;0.0;0.0;0 days 00:00:00;0.0;inf
0245;2320;Croix Madame;weekday;0 days 12:45:00;0 days 18:20:00;1.8;0.0;0.0;0.0;1.0;0.0;2.0;0.0;0.0;0 days 05:35:00;5.583333333333333;0.32238805970149254
0245;2321;Gavrinis;weekday;0 days 12:47:00;0 days 18:22:00;1.8;0.0;0.0;0.0;1.0;0.0;2.0;0.0;0.0;0 days 05:35:00;5.583333333333333;0.32238805970149254
0245;2322;Vert Buisson;weekday;0 days 07:19:00;0 days 07:19:00;1.0;0.0;1.0;0.0;0.0;0.0;0.0;0.0;0.0;0 days 00:00:00;0.0;inf
0245;2323;Rabine;weekday;0 days 12:50:00;0 days 18:25:00;1.8;0.0;0.0;0.0;1.0;0.0;2.0;0.0;0.0;0 days 05:35:00;5.583333333333333;0.32238805970149254
0245;2324;Haut Launay;weekday;0 days 12:52:00;0 days 18:27:00;1.8;0.0;0.0;0.0;1.0;0.0;2.0;0.0;0.0;0 days 05:35:00;5.583333333333333;0.32238805970149254
0245;2331;Noë;weekday;0 days 12:54:00;0 days 18:29:00;1.8;0.0;0.0;0.0;1.0;0.0;2.0;0.0;0.0;0 days 05:35:00;5.583333333333333;0.32238805970149254
0245;2332;Epalet;weekday;0 days 12:55:00;0 days 18:30:00;1.8;0.0;0.0;0.0;1.0;0.0;2.0;0.0;0.0;0 days 05:35:00;5.583333333333333;0.32238805970149254
0245;2343;Epalet;weekday;0 days 07:10:00;0 days 07:10:00;1.0;0.0;1.0;0.0;0.0;0.0;0.0;0.0;0.0;0 days 00:00:00;0.0;inf
0245;2344;Noë;weekday;0 days 07:12:00;0 days 07:12:00;1.0;0.0;1.0;0.0;0.0;0.0;0.0;0.0;0.0;0 days 00:00:00;0.0;inf
0245;2348;Victor Hugo;weekday;0 days 12:57:00;0 days 18:32:00;1.8;0.0;0.0;0.0;1.0;0.0;2.0;0.0;0.0;0 days 05:35:00;5.583333333333333;0.32238805970149254
0245;2353;Victor Hugo;weekday;0 days 07:08:00;0 days 07:08:00;1.0;0.0;1.0;0.0;0.0;0.0;0.0;0.0;0.0;0 days 00:00:00;0.0;inf
0245;2361;Bruz Centre;weekday;0 days 07:07:00;0 days 18:33:00;2.8;0.0;1.0;0.0;1.0;0.0;2.0;0.0;0.0;0 days 11:26:00;11.433333333333334;0.24489795918367344
0245;2374;Châteliers;weekday;0 days 12:53:00;0 days 18:28:00;1.8;0.0;0.0;0.0;1.0;0.0;2.0;0.0;0.0;0 days 05:35:00;5.583333333333333;0.32238805970149254
0245;2375;Châteliers;weekday;0 days 07:13:00;0 days 07:13:00;1.0;0.0;1.0;0.0;0.0;0.0;0.0;0.0;0.0;0 days 00:00:00;0.0;inf
0245;2376;Corbières;weekday;0 days 07:21:00;0 days 07:21:00;1.0;0.0;1.0;0.0;0.0;0.0;0.0;0.0;0.0;0 days 00:00:00;0.0;inf
0245;2377;Corbières;weekday;0 days 12:46:00;0 days 18:21:00;1.8;0.0;0.0;0.0;1.0;0.0;2.0;0.0;0.0;0 days 05:35:00;5.583333333333333;0.32238805970149254
0401;2366;Aire du 8 Mai;weekday;0 days 08:20:00;0 days 17:10:00;1.5;0.0;2.0;0.0;1.0;0.0;1.0;0.0;0.0;0 days 08:50:00;8.833333333333334;0.16981132075471697
0401;2367;Anita Conti;weekday;0 days 08:15:00;0 days 17:20:00;1.5;0.0;2.0;0.0;1.0;0.0;1.0;0.0;0.0;0 days 09:05:00;9.083333333333334;0.16513761467889906
0401;2706;Molène;weekday;0 days 07:45:00;0 days 07:45:00;1.0;0.0;1.0;0.0;0.0;0.0;0.0;0.0;0.0;0 days 00:00:00;0.0;inf
0401;2711;Croix Fleurie;weekday;0 days 13:17:00;0 days 17:47:00;1.0;0.0;0.0;0.0;1.0;0.0;1.0;0.0;0.0;0 days 04:30:00;4.5;0.2222222222222222
0401;2718;Croix Fleurie;weekday;0 days 07:39:00;0 days 07:39:00;1.0;0.0;1.0;0.0;0.0;0.0;0.0;0.0;0.0;0 days 00:00:00;0.0;inf
0401;2723;Molène;weekday;0 days 13:12:00;0 days 17:42:00;1.0;0.0;0.0;0.0;1.0;0.0;1.0;0.0;0.0;0 days 04:30:00;4.5;0.2222222222222222
0401;2725;Guyomerais;weekday;0 days 13:11:00;0 days 17:41:00;1.0;0.0;0.0;0.0;1.0;0.0;1.0;0.0;0.0;0 days 04:30:00;4.5;0.2222222222222222
0401;2726;Guyomerais;weekday;0 days 07:46:00;0 days 07:46:00;1.0;0.0;1.0;0.0;0.0;0.0;0.0;0.0;0.0;0 days 00:00:00;0.0;inf
0401;2750;Monts Gaultier;weekday;0 days 07:47:00;0 days 07:47:00;1.0;0.0;1.0;0.0;0.0;0.0;0.0;0.0;0.0;0 days 00:00:00;0.0;inf
0401;2751;Monts Gaultier;weekday;0 days 13:10:00;0 days 17:40:00;1.0;0.0;0.0;0.0;1.0;0.0;1.0;0.0;0.0;0 days 04:30:00;4.5;0.2222222222222222
0401;2755;Abords Rouvray;weekday;0 days 13:18:00;0 days 17:48:00;1.0;0.0;0.0;0.0;1.0;0.0;1.0;0.0;0.0;0 days 04:30:00;4.5;0.2222222222222222
0401;2756;Abords Rouvray;weekday;0 days 07:39:00;0 days 07:39:00;1.0;0.0;1.0;0.0;0.0;0.0;0.0;0.0;0.0;0 days 00:00:00;0.0;inf
0401;2763;Launay Hyon;weekday;0 days 13:19:00;0 days 17:49:00;1.0;0.0;0.0;0.0;1.0;0.0;1.0;0.0;0.0;0 days 04:30:00;4.5;0.2222222222222222
0401;2764;Launay Hyon;weekday;0 days 07:36:00;0 days 07:36:00;1.0;0.0;1.0;0.0;0.0;0.0;0.0;0.0;0.0;0 days 00:00:00;0.0;inf
0401;2911;Parc de Loisirs;weekday;0 days 13:00:00;0 days 17:30:00;1.0;0.0;0.0;0.0;1.0;0.0;1.0;0.0;0.0;0 days 04:30:00;4.5;0.2222222222222222
0401;2912;Argoat;weekday;0 days 13:01:00;0 days 17:31:00;1.0;0.0;0.0;0.0;1.0;0.0;1.0;0.0;0.0;0 days 04:30:00;4.5;0.2222222222222222
0401;2913;Cornouaille;weekday;0 days 13:02:00;0 days 17:32:00;1.0;0.0;0.0;0.0;1.0;0.0;1.0;0.0;0.0;0 days 04:30:00;4.5;0.2222222222222222
0401;2914;Vieux Bourg;weekday;0 days 13:04:00;0 days 17:34:00;1.0;0.0;0.0;0.0;1.0;0.0;1.0;0.0;0.0;0 days 04:30:00;4.5;0.2222222222222222
0401;2922;Vieux Bourg;weekday;0 days 07:55:00;0 days 07:57:00;2.0;0.0;2.0;0.0;0.0;0.0;0.0;0.0;0.0;0 days 00:02:00;0.03333333333333333;60.0
0401;2923;Cornouaille;weekday;0 days 07:56:00;0 days 07:58:00;2.0;0.0;2.0;0.0;0.0;0.0;0.0;0.0;0.0;0 days 00:02:00;0.03333333333333333;60.0
0401;2924;Argoat;weekday;0 days 07:57:00;0 days 07:59:00;2.0;0.0;2.0;0.0;0.0;0.0;0.0;0.0;0.0;0 days 00:02:00;0.03333333333333333;60.0
0401;2927;Parc de Loisirs;weekday;0 days 07:58:00;0 days 08:00:00;2.0;0.0;2.0;0.0;0.0;0.0;0.0;0.0;0.0;0 days 00:02:00;0.03333333333333333;60.0
0401;2928;Constant Mérel;weekday;0 days 12:59:00;0 days 17:29:00;1.0;0.0;0.0;0.0;1.0;0.0;1.0;0.0;0.0;0 days 04:30:00;4.5;0.2222222222222222
0401;2930;Constant Mérel;weekday;0 days 07:59:00;0 days 08:01:00;2.0;0.0;2.0;0.0;0.0;0.0;0.0;0.0;0.0;0 days 00:02:00;0.03333333333333333;60.0
0403;2366;Aire du 8 Mai;weekday;0 days 08:20:00;0 days 17:10:00;1.0;0.0;1.0;0.0;1.0;0.0;1.0;0.0;0.0;0 days 08:50:00;8.833333333333334;0.11320754716981131
0403;2727;Pont;weekday;0 days 07:55:00;0 days 07:55:00;1.0;0.0;1.0;0.0;0.0;0.0;0.0;0.0;0.0;0 days 00:00:00;0.0;inf
0403;2732;Pont;weekday;0 days 13:08:00;0 days 17:38:00;1.0;0.0;0.0;0.0;1.0;0.0;1.0;0.0;0.0;0 days 04:30:00;4.5;0.2222222222222222
0403;2733;Deux Rives;weekday;0 days 13:10:00;0 days 17:40:00;1.0;0.0;0.0;0.0;1.0;0.0;1.0;0.0;0.0;0 days 04:30:00;4.5;0.2222222222222222
0403;2734;Deux Rives;weekday;0 days 07:54:00;0 days 07:54:00;1.0;0.0;1.0;0.0;0.0;0.0;0.0;0.0;0.0;0 days 00:00:00;0.0;inf
0403;2735;Horizon;weekday;0 days 13:05:00;0 days 17:35:00;1.0;0.0;0.0;0.0;1.0;0.0;1.0;0.0;0.0;0 days 04:30:00;4.5;0.2222222222222222
0403;2747;Lotissement du Moulin;weekday;0 days 13:02:00;0 days 17:32:00;1.0;0.0;0.0;0.0;1.0;0.0;1.0;0.0;0.0;0 days 04:30:00;4.5;0.2222222222222222
0403;2753;Abords Launay;weekday;0 days 12:52:00;0 days 17:22:00;1.0;0.0;0.0;0.0;1.0;0.0;1.0;0.0;0.0;0 days 04:30:00;4.5;0.2222222222222222
0403;2754;Abords Launay;weekday;0 days 08:08:00;0 days 08:08:00;1.0;0.0;1.0;0.0;0.0;0.0;0.0;0.0;0.0;0 days 00:00:00;0.0;inf
0403;2759;Horizon;weekday;0 days 07:57:00;0 days 07:57:00;1.0;0.0;1.0;0.0;0.0;0.0;0.0;0.0;0.0;0 days 00:00:00;0.0;inf
0403;2761;Lande de Pinçon;weekday;0 days 08:06:00;0 days 08:06:00;1.0;0.0;1.0;0.0;0.0;0.0;0.0;0.0;0.0;0 days 00:00:00;0.0;inf
0403;2762;Lande de Pinçon;weekday;0 days 12:54:00;0 days 17:24:00;1.0;0.0;0.0;0.0;1.0;0.0;1.0;0.0;0.0;0 days 04:30:00;4.5;0.2222222222222222
0403;2765;Lotissement du Moulin;weekday;0 days 08:00:00;0 days 08:00:00;1.0;0.0;1.0;0.0;0.0;0.0;0.0;0.0;0.0;0 days 00:00:00;0.0;inf
0403;2771;Cours d'A Haut;weekday;0 days 12:51:00;0 days 17:21:00;1.0;0.0;0.0;0.0;1.0;0.0;1.0;0.0;0.0;0 days 04:30:00;4.5;0.2222222222222222
0403;2772;Cours d'A Haut;weekday;0 days 08:09:00;0 days 08:09:00;1.0;0.0;1.0;0.0;0.0;0.0;0.0;0.0;0.0;0 days 00:00:00;0.0;inf
0403;2773;Ise;weekday;0 days 13:11:00;0 days 17:41:00;1.0;0.0;0.0;0.0;1.0;0.0;1.0;0.0;0.0;0 days 04:30:00;4.5;0.2222222222222222
0403;2774;Ise;weekday;0 days 07:53:00;0 days 07:53:00;1.0;0.0;1.0;0.0;0.0;0.0;0.0;0.0;0.0;0 days 00:00:00;0.0;inf
0403;4354;Paul Féval;weekday;0 days 07:50:00;0 days 17:45:00;1.0;0.0;1.0;0.0;1.0;0.0;1.0;0.0;0.0;0 days 09:55:00;9.916666666666666;0.10084033613445378
0403;4359;Leuzières;weekday;0 days 07:51:00;0 days 07:51:00;1.0;0.0;1.0;0.0;0.0;0.0;0.0;0.0;0.0;0 days 00:00:00;0.0;inf
0403;4360;Leuzières;weekday;0 days 13:13:00;0 days 17:43:00;1.0;0.0;0.0;0.0;1.0;0.0;1.0;0.0;0.0;0 days 04:30:00;4.5;0.2222222222222222
0403;4363;Alexandre Gilois;weekday;0 days 07:49:00;0 days 17:44:00;1.0;0.0;1.0;0.0;1.0;0.0;1.0;0.0;0.0;0 days 09:55:00;9.916666666666666;0.10084033613445378
0403;4364;Douazel;weekday;0 days 07:43:00;0 days 07:43:00;1.0;0.0;1.0;0.0;0.0;0.0;0.0;0.0;0.0;0 days 00:00:00;0.0;inf
0403;4367;Douazel;weekday;0 days 13:19:00;0 days 17:49:00;1.0;0.0;0.0;0.0;1.0;0.0;1.0;0.0;0.0;0 days 04:30:00;4.5;0.2222222222222222
0403;4374;Pont de l'Ise;weekday;0 days 13:17:00;0 days 17:47:00;1.0;0.0;0.0;0.0;1.0;0.0;1.0;0.0;0.0;0 days 04:30:00;4.5;0.2222222222222222
0403;4375;Pont de l'Ise;weekday;0 days 07:47:00;0 days 07:47:00;1.0;0.0;1.0;0.0;0.0;0.0;0.0;0.0;0.0;0 days 00:00:00;0.0;inf
0403;4384;Simone Marchand;weekday;0 days 07:50:00;0 days 07:50:00;1.0;0.0;1.0;0.0;0.0;0.0;0.0;0.0;0.0;0 days 00:00:00;0.0;inf
0403;4385;Simone Marchand;weekday;0 days 13:13:00;0 days 17:43:00;1.0;0.0;0.0;0.0;1.0;0.0;1.0;0.0;0.0;0 days 04:30:00;4.5;0.2222222222222222
0404;2365;Brossolette;weekday;0 days 08:01:00;0 days 17:25:00;1.0;0.0;1.0;0.0;1.0;0.0;1.0;0.0;0.0;0 days 09:24:00;9.4;0.10638297872340426
0404;2366;Aire du 8 Mai;weekday;0 days 08:06:00;0 days 17:15:00;1.0;0.0;1.0;0.0;1.0;0.0;1.0;0.0;0.0;0 days 09:09:00;9.15;0.1092896174863388
0404;2367;Anita Conti;weekday;0 days 08:11:00;0 days 17:10:00;1.0;0.0;1.0;0.0;1.0;0.0;1.0;0.0;0.0;0 days 08:59:00;8.983333333333333;0.11131725417439704
0404;3217;Levant;weekday;0 days 13:06:00;0 days 17:36:00;1.0;0.0;0.0;0.0;1.0;0.0;1.0;0.0;0.0;0 days 04:30:00;4.5;0.2222222222222222
0404;3246;Collège Récipon;weekday;0 days 07:47:00;0 days 07:47:00;1.0;0.0;1.0;0.0;0.0;0.0;0.0;0.0;0.0;0 days 00:00:00;0.0;inf
0404;3801;Centre de Loisirs;weekday;0 days 07:38:00;0 days 17:46:00;1.0;0.0;1.0;0.0;1.0;0.0;1.0;0.0;0.0;0 days 10:08:00;10.133333333333333;0.09868421052631579
0404;3802;Bourgbarré Mairie;weekday;0 days 07:41:00;0 days 07:41:00;1.0;0.0;1.0;0.0;0.0;0.0;0.0;0.0;0.0;0 days 00:00:00;0.0;inf
0404;3822;La Fretais;weekday;0 days 07:33:00;0 days 07:33:00;1.0;0.0;1.0;0.0;0.0;0.0;0.0;0.0;0.0;0 days 00:00:00;0.0;inf
0404;3823;La Fretais;weekday;0 days 13:21:00;0 days 17:51:00;1.0;0.0;0.0;0.0;1.0;0.0;1.0;0.0;0.0;0 days 04:30:00;4.5;0.2222222222222222
0404;3833;Bourgbarré Mairie;weekday;0 days 13:13:00;0 days 17:43:00;1.0;0.0;0.0;0.0;1.0;0.0;1.0;0.0;0.0;0 days 04:30:00;4.5;0.2222222222222222
0404;3838;Salle de Sports;weekday;0 days 07:40:00;0 days 07:40:00;1.0;0.0;1.0;0.0;0.0;0.0;0.0;0.0;0.0;0 days 00:00:00;0.0;inf
0404;3839;Salle de Sports;weekday;0 days 13:14:00;0 days 17:44:00;1.0;0.0;0.0;0.0;1.0;0.0;1.0;0.0;0.0;0 days 04:30:00;4.5;0.2222222222222222
0405;2366;Aire du 8 Mai;weekday;0 days 08:20:00;0 days 17:15:00;1.0;0.0;1.0;0.0;1.0;0.0;1.0;0.0;0.0;0 days 08:55:00;8.916666666666666;0.11214953271028039
0405;2367;Anita Conti;weekday;0 days 08:15:00;0 days 17:10:00;1.0;0.0;1.0;0.0;1.0;0.0;1.0;0.0;0.0;0 days 08:55:00;8.916666666666666;0.11214953271028039
0405;2383;Bois de Carcé;weekday;0 days 08:10:00;0 days 08:10:00;1.0;0.0;1.0;0.0;0.0;0.0;0.0;0.0;0.0;0 days 00:00:00;0.0;inf
0405;2384;Bois de Carcé;weekday;0 days 12:49:00;0 days 17:19:00;1.0;0.0;0.0;0.0;1.0;0.0;1.0;0.0;0.0;0 days 04:30:00;4.5;0.2222222222222222
0405;3201;Fort Joual;weekday;0 days 07:45:00;0 days 07:45:00;1.0;0.0;1.0;0.0;0.0;0.0;0.0;0.0;0.0;0 days 00:00:00;0.0;inf
0405;3202;Frogerais;weekday;0 days 07:47:00;0 days 07:47:00;1.0;0.0;1.0;0.0;0.0;0.0;0.0;0.0;0.0;0 days 00:00:00;0.0;inf
0405;3203;Petite Rochelle;weekday;0 days 07:48:00;0 days 07:48:00;1.0;0.0;1.0;0.0;0.0;0.0;0.0;0.0;0.0;0 days 00:00:00;0.0;inf
0405;3204;Télégraphe;weekday;0 days 07:50:00;0 days 17:34:00;1.0;0.0;1.0;0.0;1.0;0.0;1.0;0.0;0.0;0 days 09:44:00;9.733333333333333;0.10273972602739727
0405;3205;Petite Rochelle;weekday;0 days 13:06:00;0 days 17:36:00;1.0;0.0;0.0;0.0;1.0;0.0;1.0;0.0;0.0;0 days 04:30:00;4.5;0.2222222222222222
0405;3206;Frogerais;weekday;0 days 13:07:00;0 days 17:37:00;1.0;0.0;0.0;0.0;1.0;0.0;1.0;0.0;0.0;0 days 04:30:00;4.5;0.2222222222222222
0405;3207;Fort Joual;weekday;0 days 13:09:00;0 days 17:39:00;1.0;0.0;0.0;0.0;1.0;0.0;1.0;0.0;0.0;0 days 04:30:00;4.5;0.2222222222222222
0405;3209;Surcouf;weekday;0 days 07:55:00;0 days 07:55:00;1.0;0.0;1.0;0.0;0.0;0.0;0.0;0.0;0.0;0 days 00:00:00;0.0;inf
0405;3212;Levant;weekday;0 days 07:58:00;0 days 07:58:00;1.0;0.0;1.0;0.0;0.0;0.0;0.0;0.0;0.0;0 days 00:00:00;0.0;inf
0405;3217;Levant;weekday;0 days 12:56:00;0 days 17:26:00;1.0;0.0;0.0;0.0;1.0;0.0;1.0;0.0;0.0;0 days 04:30:00;4.5;0.2222222222222222
0405;3220;Surcouf;weekday;0 days 12:58:00;0 days 17:28:00;1.0;0.0;0.0;0.0;1.0;0.0;1.0;0.0;0.0;0 days 04:30:00;4.5;0.2222222222222222
0405;3233;Clos Vezins;weekday;0 days 07:49:00;0 days 07:49:00;1.0;0.0;1.0;0.0;0.0;0.0;0.0;0.0;0.0;0 days 00:00:00;0.0;inf
0405;3235;La Rochelle;weekday;0 days 13:02:00;0 days 17:32:00;1.0;0.0;0.0;0.0;1.0;0.0;1.0;0.0;0.0;0 days 04:30:00;4.5;0.2222222222222222
0405;3244;Violais;weekday;0 days 07:46:00;0 days 07:46:00;1.0;0.0;1.0;0.0;0.0;0.0;0.0;0.0;0.0;0 days 00:00:00;0.0;inf
0405;3247;La Rochelle;weekday;0 days 07:51:00;0 days 07:51:00;1.0;0.0;1.0;0.0;0.0;0.0;0.0;0.0;0.0;0 days 00:00:00;0.0;inf
0405;3255;Violais;weekday;0 days 13:08:00;0 days 17:38:00;1.0;0.0;0.0;0.0;1.0;0.0;1.0;0.0;0.0;0 days 04:30:00;4.5;0.2222222222222222
0405;3256;Clos Vezins;weekday;0 days 13:05:00;0 days 17:35:00;1.0;0.0;0.0;0.0;1.0;0.0;1.0;0.0;0.0;0 days 04:30:00;4.5;0.2222222222222222
0405;3257;Haye Longue;weekday;0 days 12:55:00;0 days 17:25:00;1.0;0.0;0.0;0.0;1.0;0.0;1.0;0.0;0.0;0 days 04:30:00;4.5;0.2222222222222222
0405;3258;Haye Longue;weekday;0 days 07:59:00;0 days 07:59:00;1.0;0.0;1.0;0.0;0.0;0.0;0.0;0.0;0.0;0 days 00:00:00;0.0;inf
0405;3261;La Barre;weekday;0 days 07:52:00;0 days 07:52:00;1.0;0.0;1.0;0.0;0.0;0.0;0.0;0.0;0.0;0 days 00:00:00;0.0;inf
0405;3262;La Barre;weekday;0 days 13:01:00;0 days 17:31:00;1.0;0.0;0.0;0.0;1.0;0.0;1.0;0.0;0.0;0 days 04:30:00;4.5;0.2222222222222222
0405;3810;Moc Souris;weekday;0 days 07:41:00;0 days 17:44:00;1.0;0.0;1.0;0.0;1.0;0.0;1.0;0.0;0.0;0 days 10:03:00;10.05;0.09950248756218905
0405;3811;Sept Fours;weekday;0 days 07:40:00;0 days 17:42:00;1.0;0.0;1.0;0.0;1.0;0.0;1.0;0.0;0.0;0 days 10:02:00;10.033333333333333;0.09966777408637874
0405;3818;Abords Lauriais;weekday;0 days 07:43:00;0 days 07:43:00;1.0;0.0;1.0;0.0;0.0;0.0;0.0;0.0;0.0;0 days 00:00:00;0.0;inf
0405;3819;Abords Lauriais;weekday;0 days 13:10:00;0 days 17:40:00;1.0;0.0;0.0;0.0;1.0;0.0;1.0;0.0;0.0;0 days 04:30:00;4.5;0.2222222222222222
0405;4381;Collège Saint-Paul;weekday;0 days 08:02:00;0 days 08:02:00;1.0;0.0;1.0;0.0;0.0;0.0;0.0;0.0;0.0;0 days 00:00:00;0.0;inf
0406;2366;Aire du 8 Mai;weekday;0 days 08:20:00;0 days 17:10:00;1.0;0.0;1.0;0.0;1.0;0.0;1.0;0.0;0.0;0 days 08:50:00;8.833333333333334;0.11320754716981131
0406;2367;Anita Conti;weekday;0 days 08:15:00;0 days 17:15:00;1.0;0.0;1.0;0.0;1.0;0.0;1.0;0.0;0.0;0 days 09:00:00;9.0;0.1111111111111111
0406;3210;Coteau;weekday;0 days 07:53:00;0 days 07:53:00;1.0;0.0;1.0;0.0;0.0;0.0;0.0;0.0;0.0;0 days 00:00:00;0.0;inf
0406;3211;Groupe Scolaire;weekday;0 days 07:55:00;0 days 07:55:00;1.0;0.0;1.0;0.0;0.0;0.0;0.0;0.0;0.0;0 days 00:00:00;0.0;inf
0406;3212;Levant;weekday;0 days 07:57:00;0 days 07:57:00;1.0;0.0;1.0;0.0;0.0;0.0;0.0;0.0;0.0;0 days 00:00:00;0.0;inf
0406;3213;Plardière;weekday;0 days 07:59:00;0 days 07:59:00;1.0;0.0;1.0;0.0;0.0;0.0;0.0;0.0;0.0;0 days 00:00:00;0.0;inf
0406;3216;Plardière;weekday;0 days 13:04:00;0 days 17:34:00;1.0;0.0;0.0;0.0;1.0;0.0;1.0;0.0;0.0;0 days 04:30:00;4.5;0.2222222222222222
0406;3217;Levant;weekday;0 days 13:06:00;0 days 17:36:00;1.0;0.0;0.0;0.0;1.0;0.0;1.0;0.0;0.0;0 days 04:30:00;4.5;0.2222222222222222
0406;3218;Groupe Scolaire;weekday;0 days 13:07:00;0 days 17:37:00;1.0;0.0;0.0;0.0;1.0;0.0;1.0;0.0;0.0;0 days 04:30:00;4.5;0.2222222222222222
0406;3219;Coteau;weekday;0 days 13:09:00;0 days 17:39:00;1.0;0.0;0.0;0.0;1.0;0.0;1.0;0.0;0.0;0 days 04:30:00;4.5;0.2222222222222222
0406;3222;Belle Etoile;weekday;0 days 07:48:00;0 days 07:48:00;1.0;0.0;1.0;0.0;0.0;0.0;0.0;0.0;0.0;0 days 00:00:00;0.0;inf
0406;3230;Belle Etoile;weekday;0 days 13:12:00;0 days 17:42:00;1.0;0.0;0.0;0.0;1.0;0.0;1.0;0.0;0.0;0 days 04:30:00;4.5;0.2222222222222222
0406;3238;Blés d'Or;weekday;0 days 07:51:00;0 days 07:51:00;1.0;0.0;1.0;0.0;0.0;0.0;0.0;0.0;0.0;0 days 00:00:00;0.0;inf
0406;3239;Blés d'Or;weekday;0 days 13:10:00;0 days 17:40:00;1.0;0.0;0.0;0.0;1.0;0.0;1.0;0.0;0.0;0 days 04:30:00;4.5;0.2222222222222222
0406;3245;L'Hermitière Village;weekday;0 days 13:15:00;0 days 17:45:00;1.0;0.0;0.0;0.0;1.0;0.0;1.0;0.0;0.0;0 days 04:30:00;4.5;0.2222222222222222
0406;3251;L'Hermitière Village;weekday;0 days 07:45:00;0 days 07:45:00;1.0;0.0;1.0;0.0;0.0;0.0;0.0;0.0;0.0;0 days 00:00:00;0.0;inf
0406;3257;Haye Longue;weekday;0 days 13:05:00;0 days 17:35:00;1.0;0.0;0.0;0.0;1.0;0.0;1.0;0.0;0.0;0 days 04:30:00;4.5;0.2222222222222222
0406;3258;Haye Longue;weekday;0 days 07:58:00;0 days 07:58:00;1.0;0.0;1.0;0.0;0.0;0.0;0.0;0.0;0.0;0 days 00:00:00;0.0;inf
0406;4381;Collège Saint-Paul;weekday;0 days 08:00:00;0 days 17:33:00;1.0;0.0;1.0;0.0;1.0;0.0;1.0;0.0;0.0;0 days 09:33:00;9.55;0.10471204188481674
0406;4715;Bossardière;weekday;0 days 13:22:00;0 days 17:52:00;1.0;0.0;0.0;0.0;1.0;0.0;1.0;0.0;0.0;0 days 04:30:00;4.5;0.2222222222222222
0406;4716;Bossardière;weekday;0 days 07:38:00;0 days 07:38:00;1.0;0.0;1.0;0.0;0.0;0.0;0.0;0.0;0.0;0 days 00:00:00;0.0;inf
0406;4748;Montheleu;weekday;0 days 13:18:00;0 days 17:48:00;1.0;0.0;0.0;0.0;1.0;0.0;1.0;0.0;0.0;0 days 04:30:00;4.5;0.2222222222222222
0406;4749;Montheleu;weekday;0 days 07:42:00;0 days 07:42:00;1.0;0.0;1.0;0.0;0.0;0.0;0.0;0.0;0.0;0 days 00:00:00;0.0;inf
0407;2365;Brossolette;weekday;0 days 08:05:00;0 days 17:10:00;1.0;0.0;1.0;0.0;1.0;0.0;1.0;0.0;0.0;0 days 09:05:00;9.083333333333334;0.11009174311926605
0407;2366;Aire du 8 Mai;weekday;0 days 08:10:00;0 days 17:15:00;1.0;0.0;1.0;0.0;1.0;0.0;1.0;0.0;0.0;0 days 09:05:00;9.083333333333334;0.11009174311926605
0407;2367;Anita Conti;weekday;0 days 08:15:00;0 days 17:20:00;1.0;0.0;1.0;0.0;1.0;0.0;1.0;0.0;0.0;0 days 09:05:00;9.083333333333334;0.11009174311926605
0407;2381;Ecotais;weekday;0 days 08:01:00;0 days 08:01:00;1.0;0.0;1.0;0.0;0.0;0.0;0.0;0.0;0.0;0 days 00:00:00;0.0;inf
0407;2382;Ecotais;weekday;0 days 13:00:00;0 days 17:25:00;1.0;0.0;0.0;0.0;1.0;0.0;1.0;0.0;0.0;0 days 04:25:00;4.416666666666667;0.22641509433962262
0407;3836;Jardin du Soleil;weekday;0 days 07:46:00;0 days 07:46:00;1.0;0.0;1.0;0.0;0.0;0.0;0.0;0.0;0.0;0 days 00:00:00;0.0;inf
0407;3837;Jardin du Soleil;weekday;0 days 13:19:00;0 days 17:44:00;1.0;0.0;0.0;0.0;1.0;0.0;1.0;0.0;0.0;0 days 04:25:00;4.416666666666667;0.22641509433962262
0407;3920;Le Louvrel;weekday;0 days 13:04:00;0 days 17:29:00;1.0;0.0;0.0;0.0;1.0;0.0;1.0;0.0;0.0;0 days 04:25:00;4.416666666666667;0.22641509433962262
0407;3921;Le Louvrel;weekday;0 days 07:57:00;0 days 07:57:00;1.0;0.0;1.0;0.0;0.0;0.0;0.0;0.0;0.0;0 days 00:00:00;0.0;inf
0407;4358;Croix Faucheux;weekday;0 days 07:50:00;0 days 07:50:00;1.0;0.0;1.0;0.0;0.0;0.0;0.0;0.0;0.0;0 days 00:00:00;0.0;inf
0407;4361;Croix Faucheux;weekday;0 days 13:14:00;0 days 17:39:00;1.0;0.0;0.0;0.0;1.0;0.0;1.0;0.0;0.0;0 days 04:25:00;4.416666666666667;0.22641509433962262
0407;4365;Champ du Puit;weekday;0 days 07:53:00;0 days 07:53:00;1.0;0.0;1.0;0.0;0.0;0.0;0.0;0.0;0.0;0 days 00:00:00;0.0;inf
0407;4366;Champ du Puit;weekday;0 days 13:09:00;0 days 17:34:00;1.0;0.0;0.0;0.0;1.0;0.0;1.0;0.0;0.0;0 days 04:25:00;4.416666666666667;0.22641509433962262
0407;4382;Basses Noës;weekday;0 days 07:49:00;0 days 07:49:00;1.0;0.0;1.0;0.0;0.0;0.0;0.0;0.0;0.0;0 days 00:00:00;0.0;inf
0407;4383;Basses Noës;weekday;0 days 13:16:00;0 days 17:41:00;1.0;0.0;0.0;0.0;1.0;0.0;1.0;0.0;0.0;0 days 04:25:00;4.416666666666667;0.22641509433962262
0408;2366;Aire du 8 Mai;weekday;0 days 08:15:00;0 days 17:10:00;1.0;0.0;1.0;0.0;1.0;0.0;1.0;0.0;0.0;0 days 08:55:00;8.916666666666666;0.11214953271028039
0408;3852;Mordelles Eglise;weekday;0 days 07:45:00;0 days 07:45:00;1.0;0.0;1.0;0.0;0.0;0.0;0.0;0.0;0.0;0 days 00:00:00;0.0;inf
0408;3853;Mordelles Mairie;weekday;0 days 07:46:00;0 days 07:46:00;1.0;0.0;1.0;0.0;0.0;0.0;0.0;0.0;0.0;0 days 00:00:00;0.0;inf
0408;3854;Mordelles Lilas;weekday;0 days 07:47:00;0 days 07:47:00;1.0;0.0;1.0;0.0;0.0;0.0;0.0;0.0;0.0;0 days 00:00:00;0.0;inf
0408;3855;Gretay;weekday;0 days 07:49:00;0 days 07:49:00;1.0;0.0;1.0;0.0;0.0;0.0;0.0;0.0;0.0;0 days 00:00:00;0.0;inf
0408;3862;Gretay;weekday;0 days 13:06:00;0 days 17:31:00;1.0;0.0;0.0;0.0;1.0;0.0;1.0;0.0;0.0;0 days 04:25:00;4.416666666666667;0.22641509433962262
0408;3863;Mordelles Lilas;weekday;0 days 13:08:00;0 days 17:33:00;1.0;0.0;0.0;0.0;1.0;0.0;1.0;0.0;0.0;0 days 04:25:00;4.416666666666667;0.22641509433962262
0408;3864;Mordelles Mairie;weekday;0 days 13:09:00;0 days 17:34:00;1.0;0.0;0.0;0.0;1.0;0.0;1.0;0.0;0.0;0 days 04:25:00;4.416666666666667;0.22641509433962262
0408;3865;Mordelles Eglise;weekday;0 days 13:10:00;0 days 17:35:00;1.0;0.0;0.0;0.0;1.0;0.0;1.0;0.0;0.0;0 days 04:25:00;4.416666666666667;0.22641509433962262
0408;3869;Mordelles Pâtis;weekday;0 days 07:42:00;0 days 17:38:00;1.0;0.0;1.0;0.0;1.0;0.0;1.0;0.0;0.0;0 days 09:56:00;9.933333333333334;0.10067114093959731
0409;2365;Brossolette;weekday;0 days 08:05:00;0 days 17:20:00;1.0;0.0;1.0;0.0;1.0;0.0;1.0;0.0;0.0;0 days 09:15:00;9.25;0.10810810810810811
0409;2366;Aire du 8 Mai;weekday;0 days 08:10:00;0 days 17:15:00;1.0;0.0;1.0;0.0;1.0;0.0;1.0;0.0;0.0;0 days 09:05:00;9.083333333333334;0.11009174311926605
0409;2367;Anita Conti;weekday;0 days 08:15:00;0 days 17:10:00;1.0;0.0;1.0;0.0;1.0;0.0;1.0;0.0;0.0;0 days 08:55:00;8.916666666666666;0.11214953271028039
0409;2368;DGA-MI;weekday;0 days 07:50:00;0 days 17:27:00;1.0;0.0;1.0;0.0;1.0;0.0;1.0;0.0;0.0;0 days 09:37:00;9.616666666666667;0.10398613518197573
0409;2371;Roche Marguerite;weekday;0 days 12:55:00;0 days 17:25:00;1.0;0.0;0.0;0.0;1.0;0.0;1.0;0.0;0.0;0 days 04:30:00;4.5;0.2222222222222222
0409;2380;Roche Marguerite;weekday;0 days 07:52:00;0 days 07:52:00;1.0;0.0;1.0;0.0;0.0;0.0;0.0;0.0;0.0;0 days 00:00:00;0.0;inf
0409;4702;Orée du Bois;weekday;0 days 13:03:00;0 days 17:33:00;1.0;0.0;0.0;0.0;1.0;0.0;1.0;0.0;0.0;0 days 04:30:00;4.5;0.2222222222222222
0409;4703;Orée du Bois;weekday;0 days 07:43:00;0 days 07:43:00;1.0;0.0;1.0;0.0;0.0;0.0;0.0;0.0;0.0;0 days 00:00:00;0.0;inf
0409;4704;Laillé Eglise;weekday;0 days 13:02:00;0 days 17:32:00;1.0;0.0;0.0;0.0;1.0;0.0;1.0;0.0;0.0;0 days 04:30:00;4.5;0.2222222222222222
0409;4705;Laillé Eglise;weekday;0 days 07:44:00;0 days 07:44:00;1.0;0.0;1.0;0.0;0.0;0.0;0.0;0.0;0.0;0 days 00:00:00;0.0;inf
0409;4717;Boulais Pochetière;weekday;0 days 07:39:00;0 days 07:39:00;1.0;0.0;1.0;0.0;0.0;0.0;0.0;0.0;0.0;0 days 00:00:00;0.0;inf
0409;4718;Boulais Pochetière;weekday;0 days 13:07:00;0 days 17:37:00;1.0;0.0;0.0;0.0;1.0;0.0;1.0;0.0;0.0;0 days 04:30:00;4.5;0.2222222222222222
0409;4727;La Feutelais;weekday;0 days 07:40:00;0 days 07:40:00;1.0;0.0;1.0;0.0;0.0;0.0;0.0;0.0;0.0;0 days 00:00:00;0.0;inf
0409;4728;La Feutelais;weekday;0 days 13:06:00;0 days 17:36:00;1.0;0.0;0.0;0.0;1.0;0.0;1.0;0.0;0.0;0 days 04:30:00;4.5;0.2222222222222222
0409;4729;La Gicquelais;weekday;0 days 13:09:00;0 days 17:39:00;1.0;0.0;0.0;0.0;1.0;0.0;1.0;0.0;0.0;0 days 04:30:00;4.5;0.2222222222222222
0409;4730;La Gicquelais;weekday;0 days 07:36:00;0 days 07:36:00;1.0;0.0;1.0;0.0;0.0;0.0;0.0;0.0;0.0;0 days 00:00:00;0.0;inf
0409;4754;ZA Le Rachat;weekday;0 days 13:05:00;0 days 17:35:00;1.0;0.0;0.0;0.0;1.0;0.0;1.0;0.0;0.0;0 days 04:30:00;4.5;0.2222222222222222
0409;4755;ZA Le Rachat;weekday;0 days 07:41:00;0 days 07:41:00;1.0;0.0;1.0;0.0;0.0;0.0;0.0;0.0;0.0;0 days 00:00:00;0.0;inf
0409;4758;Gripay;weekday;0 days 13:13:00;0 days 17:43:00;1.0;0.0;0.0;0.0;1.0;0.0;1.0;0.0;0.0;0 days 04:30:00;4.5;0.2222222222222222
0409;4759;Couais;weekday;0 days 07:32:00;0 days 07:32:00;1.0;0.0;1.0;0.0;0.0;0.0;0.0;0.0;0.0;0 days 00:00:00;0.0;inf
0409;4766;L'Oie;weekday;0 days 07:35:00;0 days 07:35:00;1.0;0.0;1.0;0.0;0.0;0.0;0.0;0.0;0.0;0 days 00:00:00;0.0;inf
0409;4767;L'Oie;weekday;0 days 13:10:00;0 days 17:40:00;1.0;0.0;0.0;0.0;1.0;0.0;1.0;0.0;0.0;0 days 04:30:00;4.5;0.2222222222222222
0410;2365;Brossolette;weekday;0 days 08:05:00;0 days 17:20:00;1.0;0.0;1.0;0.0;1.0;0.0;1.0;0.0;0.0;0 days 09:15:00;9.25;0.10810810810810811
0410;2366;Aire du 8 Mai;weekday;0 days 08:10:00;0 days 17:15:00;1.0;0.0;1.0;0.0;1.0;0.0;1.0;0.0;0.0;0 days 09:05:00;9.083333333333334;0.11009174311926605
0410;2367;Anita Conti;weekday;0 days 08:15:00;0 days 17:10:00;1.0;0.0;1.0;0.0;1.0;0.0;1.0;0.0;0.0;0 days 08:55:00;8.916666666666666;0.11214953271028039
0410;4706;Châtaigneraie;weekday;0 days 07:45:00;0 days 17:30:00;1.0;0.0;1.0;0.0;1.0;0.0;1.0;0.0;0.0;0 days 09:45:00;9.75;0.10256410256410256
0410;4708;Gingouillère;weekday;0 days 07:43:00;0 days 17:28:00;1.0;0.0;1.0;0.0;1.0;0.0;1.0;0.0;0.0;0 days 09:45:00;9.75;0.10256410256410256
0410;4725;La Corbinais;weekday;0 days 07:36:00;0 days 17:38:00;1.0;0.0;1.0;0.0;1.0;0.0;1.0;0.0;0.0;0 days 10:02:00;10.033333333333333;0.09966777408637874
0410;4739;Le Cleux;weekday;0 days 07:33:00;0 days 17:35:00;1.0;0.0;1.0;0.0;1.0;0.0;1.0;0.0;0.0;0 days 10:02:00;10.033333333333333;0.09966777408637874
0410;4742;Les Vallées;weekday;0 days 07:41:00;0 days 17:42:00;1.0;0.0;1.0;0.0;1.0;0.0;1.0;0.0;0.0;0 days 10:01:00;10.016666666666667;0.09983361064891846
0410;4750;Rouesnais Sud;weekday;0 days 07:37:00;0 days 17:39:00;1.0;0.0;1.0;0.0;1.0;0.0;1.0;0.0;0.0;0 days 10:02:00;10.033333333333333;0.09966777408637874
0410;4752;Rouesnais Nord;weekday;0 days 07:38:00;0 days 17:40:00;1.0;0.0;1.0;0.0;1.0;0.0;1.0;0.0;0.0;0 days 10:02:00;10.033333333333333;0.09966777408637874
0411;2365;Brossolette;weekday;0 days 08:05:00;0 days 17:20:00;1.0;0.0;1.0;0.0;1.0;0.0;1.0;0.0;0.0;0 days 09:15:00;9.25;0.10810810810810811
0411;2366;Aire du 8 Mai;weekday;0 days 08:10:00;0 days 17:15:00;1.0;0.0;1.0;0.0;1.0;0.0;1.0;0.0;0.0;0 days 09:05:00;9.083333333333334;0.11009174311926605
0411;2367;Anita Conti;weekday;0 days 08:15:00;0 days 17:10:00;1.0;0.0;1.0;0.0;1.0;0.0;1.0;0.0;0.0;0 days 08:55:00;8.916666666666666;0.11214953271028039
0411;3926;Touche Audienne;weekday;0 days 07:50:00;0 days 07:50:00;1.0;0.0;1.0;0.0;0.0;0.0;0.0;0.0;0.0;0 days 00:00:00;0.0;inf
0411;3927;Touche Audienne;weekday;0 days 13:02:00;0 days 17:32:00;1.0;0.0;0.0;0.0;1.0;0.0;1.0;0.0;0.0;0 days 04:30:00;4.5;0.2222222222222222
0411;4700;Point du Jour;weekday;0 days 13:10:00;0 days 17:40:00;1.0;0.0;0.0;0.0;1.0;0.0;1.0;0.0;0.0;0 days 04:30:00;4.5;0.2222222222222222
0411;4701;Point du Jour;weekday;0 days 07:41:00;0 days 07:41:00;1.0;0.0;1.0;0.0;0.0;0.0;0.0;0.0;0.0;0 days 00:00:00;0.0;inf
0411;4711;Estuaires;weekday;0 days 13:15:00;0 days 17:45:00;1.0;0.0;0.0;0.0;1.0;0.0;1.0;0.0;0.0;0 days 04:30:00;4.5;0.2222222222222222
0411;4712;Estuaires;weekday;0 days 07:37:00;0 days 07:37:00;1.0;0.0;1.0;0.0;0.0;0.0;0.0;0.0;0.0;0 days 00:00:00;0.0;inf
0411;4721;Château d'Eau;weekday;0 days 13:12:00;0 days 17:42:00;1.0;0.0;0.0;0.0;1.0;0.0;1.0;0.0;0.0;0 days 04:30:00;4.5;0.2222222222222222
0411;4722;Château d'Eau;weekday;0 days 07:39:00;0 days 07:39:00;1.0;0.0;1.0;0.0;0.0;0.0;0.0;0.0;0.0;0 days 00:00:00;0.0;inf
0411;4740;Le Nid;weekday;0 days 07:44:00;0 days 07:44:00;1.0;0.0;1.0;0.0;0.0;0.0;0.0;0.0;0.0;0 days 00:00:00;0.0;inf
0411;4746;Martigné;weekday;0 days 07:51:00;0 days 07:51:00;1.0;0.0;1.0;0.0;0.0;0.0;0.0;0.0;0.0;0 days 00:00:00;0.0;inf
0411;4747;Martigné;weekday;0 days 13:00:00;0 days 17:30:00;1.0;0.0;0.0;0.0;1.0;0.0;1.0;0.0;0.0;0 days 04:30:00;4.5;0.2222222222222222
0420;2603;La Poste;weekday;0 days 08:00:00;0 days 08:00:00;1.0;0.0;1.0;0.0;0.0;0.0;0.0;0.0;0.0;0 days 00:00:00;0.0;inf
0420;2619;La Poste;weekday;0 days 12:45:00;0 days 17:15:00;1.0;0.0;0.0;0.0;1.0;0.0;1.0;0.0;0.0;0 days 04:30:00;4.5;0.2222222222222222
0420;3412;La Croix de l'Epine;weekday;0 days 13:05:00;0 days 17:35:00;1.0;0.0;0.0;0.0;1.0;0.0;1.0;0.0;0.0;0 days 04:30:00;4.5;0.2222222222222222
0420;3418;La Tertronais;weekday;0 days 07:41:00;0 days 17:31:00;1.0;0.0;1.0;0.0;1.0;0.0;1.0;0.0;0.0;0 days 09:50:00;9.833333333333334;0.10169491525423728
0420;3423;Le Gobigné;weekday;0 days 07:36:00;0 days 17:28:00;1.0;0.0;1.0;0.0;1.0;0.0;1.0;0.0;0.0;0 days 09:52:00;9.866666666666667;0.10135135135135134
0420;3424;Epron;weekday;0 days 07:39:00;0 days 17:30:00;1.0;0.0;1.0;0.0;1.0;0.0;1.0;0.0;0.0;0 days 09:51:00;9.85;0.10152284263959391
0420;3425;L'Ourmais;weekday;0 days 07:43:00;0 days 17:32:00;1.0;0.0;1.0;0.0;1.0;0.0;1.0;0.0;0.0;0 days 09:49:00;9.816666666666666;0.10186757215619695
0420;3426;La Croix de l'Epine;weekday;0 days 07:27:00;0 days 07:27:00;1.0;0.0;1.0;0.0;0.0;0.0;0.0;0.0;0.0;0 days 00:00:00;0.0;inf
0420;3427;Chêne Centenaire;weekday;0 days 07:46:00;0 days 17:25:00;1.0;0.0;1.0;0.0;1.0;0.0;1.0;0.0;0.0;0 days 09:39:00;9.65;0.10362694300518134
0422;3001;Gériatrie;weekday;0 days 12:57:00;0 days 17:27:00;1.2;0.0;0.0;0.0;1.0;1.0;1.0;0.0;0.0;0 days 04:30:00;4.5;0.26666666666666666
0422;3002;Deux Ruisseaux;weekday;0 days 07:57:00;0 days 07:57:00;1.0;0.0;1.0;0.0;0.0;0.0;0.0;0.0;0.0;0 days 00:00:00;0.0;inf
0422;3013;Deux Ruisseaux;weekday;0 days 12:55:00;0 days 17:25:00;1.2;0.0;0.0;0.0;1.0;1.0;1.0;0.0;0.0;0 days 04:30:00;4.5;0.26666666666666666
0422;3027;Touche Annette;weekday;0 days 07:55:00;0 days 07:55:00;1.0;0.0;1.0;0.0;0.0;0.0;0.0;0.0;0.0;0 days 00:00:00;0.0;inf
0422;3028;Rosa Parks;weekday;0 days 12:59:00;0 days 17:29:00;1.2;0.0;0.0;0.0;1.0;1.0;1.0;0.0;0.0;0 days 04:30:00;4.5;0.26666666666666666
0422;3029;Touche Annette;weekday;0 days 12:58:00;0 days 17:28:00;1.2;0.0;0.0;0.0;1.0;1.0;1.0;0.0;0.0;0 days 04:30:00;4.5;0.26666666666666666
0422;3032;Gériatrie;weekday;0 days 07:56:00;0 days 07:56:00;1.0;0.0;1.0;0.0;0.0;0.0;0.0;0.0;0.0;0 days 00:00:00;0.0;inf
0422;3037;Chantepie Eglise;weekday;0 days 07:34:00;0 days 07:34:00;1.0;0.0;1.0;0.0;0.0;0.0;0.0;0.0;0.0;0 days 00:00:00;0.0;inf
0422;3042;La Planche;weekday;0 days 07:26:00;0 days 17:34:00;1.6;0.0;2.0;0.0;1.0;1.0;1.0;0.0;0.0;0 days 10:08:00;10.133333333333333;0.15789473684210528
0422;3043;Rosa Parks;weekday;0 days 07:29:00;0 days 07:53:00;2.0;0.0;2.0;0.0;0.0;0.0;0.0;0.0;0.0;0 days 00:24:00;0.4;5.0
0430;2502;Lycée Monod;weekday;0 days 12:52:00;0 days 17:17:00;1.0;0.0;0.0;0.0;1.0;0.0;1.0;0.0;0.0;0 days 04:25:00;4.416666666666667;0.22641509433962262
0430;2519;Lycée Monod;weekday;0 days 08:04:00;0 days 08:04:00;1.0;0.0;1.0;0.0;0.0;0.0;0.0;0.0;0.0;0 days 00:00:00;0.0;inf
0430;2539;Acquêts;weekday;0 days 12:58:00;0 days 17:23:00;1.0;0.0;0.0;0.0;1.0;0.0;1.0;0.0;0.0;0 days 04:25:00;4.416666666666667;0.22641509433962262
0430;2540;Acquêts;weekday;0 days 07:57:00;0 days 07:57:00;1.0;0.0;1.0;0.0;0.0;0.0;0.0;0.0;0.0;0 days 00:00:00;0.0;inf
0430;2541;Egalité;weekday;0 days 12:59:00;0 days 17:24:00;1.0;0.0;0.0;0.0;1.0;0.0;1.0;0.0;0.0;0 days 04:25:00;4.416666666666667;0.22641509433962262
0430;2542;Egalité;weekday;0 days 07:56:00;0 days 07:56:00;1.0;0.0;1.0;0.0;0.0;0.0;0.0;0.0;0.0;0 days 00:00:00;0.0;inf
0430;2543;Platanes;weekday;0 days 08:00:00;0 days 08:00:00;1.0;0.0;1.0;0.0;0.0;0.0;0.0;0.0;0.0;0 days 00:00:00;0.0;inf
0430;2544;Trémelière;weekday;0 days 08:01:00;0 days 08:01:00;1.0;0.0;1.0;0.0;0.0;0.0;0.0;0.0;0.0;0 days 00:00:00;0.0;inf
0430;2545;Trémelière;weekday;0 days 12:54:00;0 days 17:19:00;1.0;0.0;0.0;0.0;1.0;0.0;1.0;0.0;0.0;0 days 04:25:00;4.416666666666667;0.22641509433962262
0430;2546;Platanes;weekday;0 days 12:55:00;0 days 17:20:00;1.0;0.0;0.0;0.0;1.0;0.0;1.0;0.0;0.0;0 days 04:25:00;4.416666666666667;0.22641509433962262
0430;2547;Clos Joury;weekday;0 days 08:02:00;0 days 08:02:00;1.0;0.0;1.0;0.0;0.0;0.0;0.0;0.0;0.0;0 days 00:00:00;0.0;inf
0430;2548;Clos Joury;weekday;0 days 12:53:00;0 days 17:18:00;1.0;0.0;0.0;0.0;1.0;0.0;1.0;0.0;0.0;0 days 04:25:00;4.416666666666667;0.22641509433962262
0430;3881;Collège St-Yves;weekday;0 days 08:15:00;0 days 17:05:00;1.8333333333333333;0.0;1.0;0.0;1.0;0.0;1.0;0.0;0.0;0 days 08:50:00;8.833333333333334;0.20754716981132074
0432;3880;Morvan Lebesque;weekday;0 days 08:07:00;0 days 17:10:00;1.0;0.0;1.0;0.0;1.0;0.0;1.0;0.0;0.0;0 days 09:03:00;9.05;0.11049723756906077
0432;3881;Collège St-Yves;weekday;0 days 08:15:00;0 days 17:20:00;1.0;0.0;1.0;0.0;1.0;0.0;1.0;0.0;0.0;0 days 09:05:00;9.083333333333334;0.11009174311926605
0432;4259;Cherterie;weekday;0 days 13:21:00;0 days 17:43:00;1.0;0.0;0.0;0.0;1.0;0.0;1.0;0.0;0.0;0 days 04:22:00;4.366666666666666;0.22900763358778628
0432;4260;Pont Harel;weekday;0 days 07:41:00;0 days 07:41:00;1.0;0.0;1.0;0.0;0.0;0.0;0.0;0.0;0.0;0 days 00:00:00;0.0;inf
0432;4262;Cherterie;weekday;0 days 07:37:00;0 days 07:37:00;1.0;0.0;1.0;0.0;0.0;0.0;0.0;0.0;0.0;0 days 00:00:00;0.0;inf
0432;4263;Pont Harel;weekday;0 days 13:14:00;0 days 17:39:00;1.0;0.0;0.0;0.0;1.0;0.0;1.0;0.0;0.0;0 days 04:25:00;4.416666666666667;0.22641509433962262
0432;4271;Champ Rouget;weekday;0 days 07:39:00;0 days 07:39:00;1.0;0.0;1.0;0.0;0.0;0.0;0.0;0.0;0.0;0 days 00:00:00;0.0;inf
0432;4272;Champ Rouget;weekday;0 days 13:19:00;0 days 17:41:00;1.0;0.0;0.0;0.0;1.0;0.0;1.0;0.0;0.0;0 days 04:22:00;4.366666666666666;0.22900763358778628
0432;4304;L'Hermitage Centre;weekday;0 days 13:09:00;0 days 17:34:00;1.0;0.0;0.0;0.0;1.0;0.0;1.0;0.0;0.0;0 days 04:25:00;4.416666666666667;0.22641509433962262
0432;4305;Village;weekday;0 days 07:51:00;0 days 07:51:00;1.0;0.0;1.0;0.0;0.0;0.0;0.0;0.0;0.0;0 days 00:00:00;0.0;inf
0432;4306;Clairefontaine;weekday;0 days 07:52:00;0 days 07:52:00;1.0;0.0;1.0;0.0;0.0;0.0;0.0;0.0;0.0;0 days 00:00:00;0.0;inf
0432;4307;Clairefontaine;weekday;0 days 13:05:00;0 days 17:30:00;1.0;0.0;0.0;0.0;1.0;0.0;1.0;0.0;0.0;0 days 04:25:00;4.416666666666667;0.22641509433962262
0432;4308;Village;weekday;0 days 13:06:00;0 days 17:31:00;1.0;0.0;0.0;0.0;1.0;0.0;1.0;0.0;0.0;0 days 04:25:00;4.416666666666667;0.22641509433962262
0432;4322;L'Hermitage Centre;weekday;0 days 07:48:00;0 days 07:48:00;1.0;0.0;1.0;0.0;0.0;0.0;0.0;0.0;0.0;0 days 00:00:00;0.0;inf
0432;4323;Verdais;weekday;0 days 07:45:00;0 days 17:37:00;1.0;0.0;1.0;0.0;1.0;0.0;1.0;0.0;0.0;0 days 09:52:00;9.866666666666667;0.10135135135135134
0433;2504;L'Autre Lieu;weekday;0 days 12:55:00;0 days 17:20:00;1.0;0.0;0.0;0.0;1.0;0.0;1.0;0.0;0.0;0 days 04:25:00;4.416666666666667;0.22641509433962262
0433;2505;Bouleaux;weekday;0 days 12:57:00;0 days 17:22:00;1.0;0.0;0.0;0.0;1.0;0.0;1.0;0.0;0.0;0 days 04:25:00;4.416666666666667;0.22641509433962262
0433;2507;Barberais;weekday;0 days 13:01:00;0 days 17:26:00;1.0;0.0;0.0;0.0;1.0;0.0;1.0;0.0;0.0;0 days 04:25:00;4.416666666666667;0.22641509433962262
0433;2514;Barberais;weekday;0 days 07:54:00;0 days 07:54:00;1.0;0.0;1.0;0.0;0.0;0.0;0.0;0.0;0.0;0 days 00:00:00;0.0;inf
0433;2516;Bouleaux;weekday;0 days 07:58:00;0 days 07:58:00;1.0;0.0;1.0;0.0;0.0;0.0;0.0;0.0;0.0;0 days 00:00:00;0.0;inf
0433;2517;L'Autre Lieu;weekday;0 days 08:00:00;0 days 08:00:00;1.0;0.0;1.0;0.0;0.0;0.0;0.0;0.0;0.0;0 days 00:00:00;0.0;inf
0433;2526;Moigné;weekday;0 days 07:47:00;0 days 07:47:00;1.0;0.0;1.0;0.0;0.0;0.0;0.0;0.0;0.0;0 days 00:00:00;0.0;inf
0433;2529;Moigné;weekday;0 days 13:07:00;0 days 17:32:00;1.0;0.0;0.0;0.0;1.0;0.0;1.0;0.0;0.0;0 days 04:25:00;4.416666666666667;0.22641509433962262
0433;2537;Gaston Bardet;weekday;0 days 07:56:00;0 days 07:56:00;1.0;0.0;1.0;0.0;0.0;0.0;0.0;0.0;0.0;0 days 00:00:00;0.0;inf
0433;2538;Gaston Bardet;weekday;0 days 12:59:00;0 days 17:24:00;1.0;0.0;0.0;0.0;1.0;0.0;1.0;0.0;0.0;0 days 04:25:00;4.416666666666667;0.22641509433962262
0433;3854;Mordelles Lilas;weekday;0 days 12:45:00;0 days 17:10:00;1.0;0.0;0.0;0.0;1.0;0.0;1.0;0.0;0.0;0 days 04:25:00;4.416666666666667;0.22641509433962262
0433;3857;Grande Fontaine;weekday;0 days 12:49:00;0 days 17:14:00;1.0;0.0;0.0;0.0;1.0;0.0;1.0;0.0;0.0;0 days 04:25:00;4.416666666666667;0.22641509433962262
0433;3860;Grande Fontaine;weekday;0 days 08:06:00;0 days 08:06:00;1.0;0.0;1.0;0.0;0.0;0.0;0.0;0.0;0.0;0 days 00:00:00;0.0;inf
0433;3863;Mordelles Lilas;weekday;0 days 08:10:00;0 days 08:10:00;1.0;0.0;1.0;0.0;0.0;0.0;0.0;0.0;0.0;0 days 00:00:00;0.0;inf
0433;3881;Collège St-Yves;weekday;0 days 08:15:00;0 days 17:05:00;1.0;0.0;1.0;0.0;1.0;0.0;1.0;0.0;0.0;0 days 08:50:00;8.833333333333334;0.11320754716981131
0434;3881;Collège St-Yves;weekday;0 days 08:15:00;0 days 17:05:00;1.0;0.0;1.0;0.0;1.0;0.0;1.0;0.0;0.0;0 days 08:50:00;8.833333333333334;0.11320754716981131
0434;4303;L'Hermitage Gare;weekday;0 days 12:56:00;0 days 17:19:00;1.0;0.0;0.0;0.0;1.0;0.0;1.0;0.0;0.0;0 days 04:23:00;4.383333333333334;0.22813688212927755
0434;4310;L'Hermitage Gare;weekday;0 days 08:02:00;0 days 08:02:00;1.0;0.0;1.0;0.0;0.0;0.0;0.0;0.0;0.0;0 days 00:00:00;0.0;inf
0434;4312;Lemordant;weekday;0 days 13:01:00;0 days 17:24:00;1.0;0.0;0.0;0.0;1.0;0.0;1.0;0.0;0.0;0 days 04:23:00;4.383333333333334;0.22813688212927755
0434;4318;Rue de Pacé;weekday;0 days 13:00:00;0 days 17:23:00;1.0;0.0;0.0;0.0;1.0;0.0;1.0;0.0;0.0;0 days 04:23:00;4.383333333333334;0.22813688212927755
0434;4324;Rue de Montfort;weekday;0 days 07:53:00;0 days 07:53:00;1.0;0.0;1.0;0.0;0.0;0.0;0.0;0.0;0.0;0 days 00:00:00;0.0;inf
0434;4325;Rue de Montfort;weekday;0 days 13:05:00;0 days 17:28:00;1.0;0.0;0.0;0.0;1.0;0.0;1.0;0.0;0.0;0 days 04:23:00;4.383333333333334;0.22813688212927755
0434;4327;Lemordant;weekday;0 days 07:57:00;0 days 07:57:00;1.0;0.0;1.0;0.0;0.0;0.0;0.0;0.0;0.0;0 days 00:00:00;0.0;inf
0434;4330;Rue de Pacé;weekday;0 days 07:58:00;0 days 07:58:00;1.0;0.0;1.0;0.0;0.0;0.0;0.0;0.0;0.0;0 days 00:00:00;0.0;inf
0435;3880;Morvan Lebesque;weekday;0 days 08:15:00;0 days 17:10:00;2.0;0.0;2.0;0.0;2.0;0.0;2.0;0.0;0.0;0 days 08:55:00;8.916666666666666;0.22429906542056077
0435;3881;Collège St-Yves;weekday;0 days 08:07:00;0 days 17:20:00;2.0;0.0;2.0;0.0;2.0;0.0;2.0;0.0;0.0;0 days 09:13:00;9.216666666666667;0.21699819168173598
0435;4401;Le Verger Eglise;weekday;0 days 07:52:00;0 days 07:52:00;2.0;0.0;2.0;0.0;0.0;0.0;0.0;0.0;0.0;0 days 00:00:00;0.0;inf
0435;4402;Bouvrais;weekday;0 days 07:54:00;0 days 07:54:00;2.0;0.0;2.0;0.0;0.0;0.0;0.0;0.0;0.0;0 days 00:00:00;0.0;inf
0435;4404;Monbusson;weekday;0 days 07:46:00;0 days 07:46:00;1.0;0.0;1.0;0.0;0.0;0.0;0.0;0.0;0.0;0 days 00:00:00;0.0;inf
0435;4405;Breil;weekday;0 days 07:45:00;0 days 07:45:00;1.0;0.0;1.0;0.0;0.0;0.0;0.0;0.0;0.0;0 days 00:00:00;0.0;inf
0435;4406;Breil;weekday;0 days 13:08:00;0 days 17:37:00;2.0;0.0;0.0;0.0;2.0;0.0;2.0;0.0;0.0;0 days 04:29:00;4.483333333333333;0.44609665427509293
0435;4407;Monbusson;weekday;0 days 13:07:00;0 days 17:36:00;2.0;0.0;0.0;0.0;2.0;0.0;2.0;0.0;0.0;0 days 04:29:00;4.483333333333333;0.44609665427509293
0435;4408;Le Verger Eglise;weekday;0 days 13:05:00;0 days 17:35:00;2.0;0.0;0.0;0.0;2.0;0.0;2.0;0.0;0.0;0 days 04:30:00;4.5;0.4444444444444444
0435;4410;La Lande Basse;weekday;0 days 07:48:00;0 days 17:30:00;1.5;0.0;1.0;0.0;2.0;0.0;2.0;0.0;0.0;0 days 09:42:00;9.7;0.15463917525773196
0436;3878;Ville Noublée;weekday;0 days 07:59:00;0 days 07:59:00;1.0;0.0;1.0;0.0;0.0;0.0;0.0;0.0;0.0;0 days 00:00:00;0.0;inf
0436;3879;Ville Noublée;weekday;0 days 12:56:00;0 days 17:26:00;1.0;0.0;0.0;0.0;1.0;0.0;1.0;0.0;0.0;0 days 04:30:00;4.5;0.2222222222222222
0436;3880;Morvan Lebesque;weekday;0 days 08:15:00;0 days 17:10:00;1.0;0.0;1.0;0.0;1.0;0.0;1.0;0.0;0.0;0 days 08:55:00;8.916666666666666;0.11214953271028039
0436;3881;Collège St-Yves;weekday;0 days 08:07:00;0 days 17:20:00;1.0;0.0;1.0;0.0;1.0;0.0;1.0;0.0;0.0;0 days 09:13:00;9.216666666666667;0.10849909584086799
0436;3882;La Prie;weekday;0 days 07:56:00;0 days 07:56:00;1.0;0.0;1.0;0.0;0.0;0.0;0.0;0.0;0.0;0 days 00:00:00;0.0;inf
0436;3883;La Prie;weekday;0 days 12:59:00;0 days 17:29:00;1.0;0.0;0.0;0.0;1.0;0.0;1.0;0.0;0.0;0 days 04:30:00;4.5;0.2222222222222222
0436;4653;Saint-Melaine;weekday;0 days 07:51:00;0 days 07:51:00;1.0;0.0;1.0;0.0;0.0;0.0;0.0;0.0;0.0;0 days 00:00:00;0.0;inf
0436;4654;Saint-Melaine;weekday;0 days 13:02:00;0 days 17:32:00;1.0;0.0;0.0;0.0;1.0;0.0;1.0;0.0;0.0;0 days 04:30:00;4.5;0.2222222222222222
0436;4655;Saint-Roch;weekday;0 days 07:47:00;0 days 17:42:00;1.0;0.0;1.0;0.0;1.0;0.0;1.0;0.0;0.0;0 days 09:55:00;9.916666666666666;0.10084033613445378
0436;4660;Bintin;weekday;0 days 07:42:00;0 days 17:39:00;1.0;0.0;1.0;0.0;1.0;0.0;1.0;0.0;0.0;0 days 09:57:00;9.95;0.10050251256281408
0436;4662;Chêne Lierru;weekday;0 days 07:40:00;0 days 17:38:00;1.0;0.0;1.0;0.0;1.0;0.0;1.0;0.0;0.0;0 days 09:58:00;9.966666666666667;0.10033444816053512
0436;4668;Les Bordes;weekday;0 days 07:44:00;0 days 17:40:00;1.0;0.0;1.0;0.0;1.0;0.0;1.0;0.0;0.0;0 days 09:56:00;9.933333333333334;0.10067114093959731
0437;3880;Morvan Lebesque;weekday;0 days 08:07:00;0 days 17:10:00;2.0;0.0;2.0;0.0;2.0;0.0;2.0;0.0;0.0;0 days 09:03:00;9.05;0.22099447513812154
0437;3881;Collège St-Yves;weekday;0 days 08:18:00;0 days 17:20:00;1.5;0.0;2.0;0.0;1.0;0.0;1.0;0.0;0.0;0 days 09:02:00;9.033333333333333;0.16605166051660517
0437;4252;Rochers;weekday;0 days 07:51:00;0 days 07:51:00;2.0;0.0;2.0;0.0;0.0;0.0;0.0;0.0;0.0;0 days 00:00:00;0.0;inf
0437;4253;Piardière;weekday;0 days 07:52:00;0 days 07:52:00;2.0;0.0;2.0;0.0;0.0;0.0;0.0;0.0;0.0;0 days 00:00:00;0.0;inf
0437;4254;Grippière;weekday;0 days 07:53:00;0 days 07:53:00;2.0;0.0;2.0;0.0;0.0;0.0;0.0;0.0;0.0;0 days 00:00:00;0.0;inf
0437;4255;Grippière;weekday;0 days 12:54:00;0 days 17:37:00;2.0;0.0;0.0;0.0;2.0;0.0;2.0;0.0;0.0;0 days 04:43:00;4.716666666666667;0.42402826855123676
0437;4256;Piardière;weekday;0 days 12:55:00;0 days 17:38:00;2.0;0.0;0.0;0.0;2.0;0.0;2.0;0.0;0.0;0 days 04:43:00;4.716666666666667;0.42402826855123676
0437;4257;Rochers;weekday;0 days 12:56:00;0 days 17:39:00;2.0;0.0;0.0;0.0;2.0;0.0;2.0;0.0;0.0;0 days 04:43:00;4.716666666666667;0.42402826855123676
0437;4264;Place de la Mairie;weekday;0 days 07:49:00;0 days 07:49:00;2.0;0.0;2.0;0.0;0.0;0.0;0.0;0.0;0.0;0 days 00:00:00;0.0;inf
0437;4267;Ville aux Archers;weekday;0 days 07:47:00;0 days 07:47:00;2.0;0.0;2.0;0.0;0.0;0.0;0.0;0.0;0.0;0 days 00:00:00;0.0;inf
0437;4269;Place de la Mairie;weekday;0 days 12:58:00;0 days 17:41:00;2.0;0.0;0.0;0.0;2.0;0.0;2.0;0.0;0.0;0 days 04:43:00;4.716666666666667;0.42402826855123676
0437;4270;Ville aux Archers;weekday;0 days 13:00:00;0 days 17:43:00;2.0;0.0;0.0;0.0;2.0;0.0;2.0;0.0;0.0;0 days 04:43:00;4.716666666666667;0.42402826855123676
0437;4302;ESAT La Hautière;weekday;0 days 07:57:00;0 days 07:57:00;2.0;0.0;2.0;0.0;0.0;0.0;0.0;0.0;0.0;0 days 00:00:00;0.0;inf
0437;4319;ESAT La Hautière;weekday;0 days 12:50:00;0 days 17:33:00;2.0;0.0;0.0;0.0;2.0;0.0;2.0;0.0;0.0;0 days 04:43:00;4.716666666666667;0.42402826855123676
0438;3877;La Haute Barre;weekday;0 days 08:01:00;0 days 17:28:00;1.5;0.0;1.0;0.0;2.0;0.0;2.0;0.0;0.0;0 days 09:27:00;9.45;0.15873015873015875
0438;3880;Morvan Lebesque;weekday;0 days 08:15:00;0 days 17:10:00;2.0;0.0;2.0;0.0;2.0;0.0;2.0;0.0;0.0;0 days 08:55:00;8.916666666666666;0.22429906542056077
0438;3881;Collège St-Yves;weekday;0 days 08:07:00;0 days 17:20:00;2.0;0.0;2.0;0.0;2.0;0.0;2.0;0.0;0.0;0 days 09:13:00;9.216666666666667;0.21699819168173598
0438;4657;Belle Arrivée;weekday;0 days 07:50:00;0 days 17:41:00;1.5;0.0;1.0;0.0;2.0;0.0;2.0;0.0;0.0;0 days 09:51:00;9.85;0.15228426395939088
0438;4666;Richeudais;weekday;0 days 07:49:00;0 days 17:40:00;1.5;0.0;1.0;0.0;2.0;0.0;2.0;0.0;0.0;0 days 09:51:00;9.85;0.15228426395939088
0438;4670;Chêne Vert;weekday;0 days 13:06:00;0 days 17:36:00;2.0;0.0;0.0;0.0;2.0;0.0;2.0;0.0;0.0;0 days 04:30:00;4.5;0.4444444444444444
0438;4671;Clos de la Vallée;weekday;0 days 07:51:00;0 days 17:38:00;1.5;0.0;1.0;0.0;2.0;0.0;2.0;0.0;0.0;0 days 09:47:00;9.783333333333333;0.15332197614991483
0438;4672;Chêne Vert;weekday;0 days 07:54:00;0 days 07:54:00;1.0;0.0;1.0;0.0;0.0;0.0;0.0;0.0;0.0;0 days 00:00:00;0.0;inf
0441;3162;Centre scolaire Pacé;weekday;0 days 08:13:00;0 days 17:10:00;1.0;0.0;1.0;0.0;1.0;0.0;1.0;0.0;0.0;0 days 08:57:00;8.95;0.111731843575419
0441;3502;Pierre Texier;weekday;0 days 07:51:00;0 days 07:51:00;1.0;0.0;1.0;0.0;0.0;0.0;0.0;0.0;0.0;0 days 00:00:00;0.0;inf
0441;3507;Vizeule;weekday;0 days 07:58:00;0 days 17:21:00;1.0;0.0;1.0;0.0;1.0;0.0;1.0;0.0;0.0;0 days 09:23:00;9.383333333333333;0.10657193605683837
0441;3513;Pierre Texier;weekday;0 days 13:00:00;0 days 17:30:00;1.0;0.0;0.0;0.0;1.0;0.0;1.0;0.0;0.0;0 days 04:30:00;4.5;0.2222222222222222
0441;3518;Boussardière;weekday;0 days 08:01:00;0 days 17:24:00;1.0;0.0;1.0;0.0;1.0;0.0;1.0;0.0;0.0;0 days 09:23:00;9.383333333333333;0.10657193605683837
0441;3519;Thébaudière;weekday;0 days 08:03:00;0 days 17:26:00;1.0;0.0;1.0;0.0;1.0;0.0;1.0;0.0;0.0;0 days 09:23:00;9.383333333333333;0.10657193605683837
0441;4051;Bersandières;weekday;0 days 07:40:00;0 days 17:43:00;1.0;0.0;1.0;0.0;1.0;0.0;1.0;0.0;0.0;0 days 10:03:00;10.05;0.09950248756218905
0441;4064;Izé;weekday;0 days 07:36:00;0 days 17:44:00;1.0;0.0;1.0;0.0;1.0;0.0;1.0;0.0;0.0;0 days 10:08:00;10.133333333333333;0.09868421052631579
0441;4066;Quatre Vents;weekday;0 days 07:49:00;0 days 07:49:00;1.0;0.0;1.0;0.0;0.0;0.0;0.0;0.0;0.0;0 days 00:00:00;0.0;inf
0441;4067;Quatre Vents;weekday;0 days 13:05:00;0 days 17:35:00;1.0;0.0;0.0;0.0;1.0;0.0;1.0;0.0;0.0;0 days 04:30:00;4.5;0.2222222222222222
0441;4068;Chêne aux Dames;weekday;0 days 07:38:00;0 days 17:46:00;1.0;0.0;1.0;0.0;1.0;0.0;1.0;0.0;0.0;0 days 10:08:00;10.133333333333333;0.09868421052631579
0443;3102;Pie Neuve;weekday;0 days 08:04:00;0 days 08:04:00;1.0;0.0;1.0;0.0;0.0;0.0;0.0;0.0;0.0;0 days 00:00:00;0.0;inf
0443;3103;Docteur Léon;weekday;0 days 08:05:00;0 days 08:05:00;1.0;0.0;1.0;0.0;0.0;0.0;0.0;0.0;0.0;0 days 00:00:00;0.0;inf
0443;3104;Touche Milon;weekday;0 days 08:06:00;0 days 08:06:00;1.0;0.0;1.0;0.0;0.0;0.0;0.0;0.0;0.0;0 days 00:00:00;0.0;inf
0443;3120;Touche Milon;weekday;0 days 12:45:00;0 days 17:15:00;1.0;0.0;0.0;0.0;1.0;0.0;1.0;0.0;0.0;0 days 04:30:00;4.5;0.2222222222222222
0443;3121;Docteur Léon;weekday;0 days 12:46:00;0 days 17:16:00;1.0;0.0;0.0;0.0;1.0;0.0;1.0;0.0;0.0;0 days 04:30:00;4.5;0.2222222222222222
0443;3122;Pie Neuve;weekday;0 days 12:47:00;0 days 17:17:00;1.0;0.0;0.0;0.0;1.0;0.0;1.0;0.0;0.0;0 days 04:30:00;4.5;0.2222222222222222
0443;3162;Centre scolaire Pacé;weekday;0 days 08:15:00;0 days 17:10:00;1.0;0.0;1.0;0.0;1.0;0.0;1.0;0.0;0.0;0 days 08:55:00;8.916666666666666;0.11214953271028039
0443;3701;Etang de la Motte;weekday;0 days 07:41:00;0 days 07:41:00;1.0;0.0;1.0;0.0;0.0;0.0;0.0;0.0;0.0;0 days 00:00:00;0.0;inf
0443;3702;La Houdinais;weekday;0 days 07:47:00;0 days 07:47:00;1.0;0.0;1.0;0.0;0.0;0.0;0.0;0.0;0.0;0 days 00:00:00;0.0;inf
0443;3703;La Houdinais;weekday;0 days 13:08:00;0 days 17:38:00;1.0;0.0;0.0;0.0;1.0;0.0;1.0;0.0;0.0;0 days 04:30:00;4.5;0.2222222222222222
0443;3705;Saint-Gilles Centre;weekday;0 days 07:58:00;0 days 07:58:00;1.0;0.0;1.0;0.0;0.0;0.0;0.0;0.0;0.0;0 days 00:00:00;0.0;inf
0443;3709;Fouaye;weekday;0 days 08:02:00;0 days 08:02:00;1.0;0.0;1.0;0.0;0.0;0.0;0.0;0.0;0.0;0 days 00:00:00;0.0;inf
0443;3710;Fouaye;weekday;0 days 12:48:00;0 days 17:18:00;1.0;0.0;0.0;0.0;1.0;0.0;1.0;0.0;0.0;0 days 04:30:00;4.5;0.2222222222222222
0443;3714;Saint-Gilles Centre;weekday;0 days 12:53:00;0 days 17:23:00;1.0;0.0;0.0;0.0;1.0;0.0;1.0;0.0;0.0;0 days 04:30:00;4.5;0.2222222222222222
0443;3715;Clos des Cerisiers;weekday;0 days 07:54:00;0 days 07:54:00;1.0;0.0;1.0;0.0;0.0;0.0;0.0;0.0;0.0;0 days 00:00:00;0.0;inf
0443;3724;Clos des Cerisiers;weekday;0 days 12:55:00;0 days 17:25:00;1.0;0.0;0.0;0.0;1.0;0.0;1.0;0.0;0.0;0 days 04:30:00;4.5;0.2222222222222222
0443;3733;Le Roheu;weekday;0 days 07:43:00;0 days 07:43:00;1.0;0.0;1.0;0.0;0.0;0.0;0.0;0.0;0.0;0 days 00:00:00;0.0;inf
0443;3734;Ardriers;weekday;0 days 13:10:00;0 days 17:40:00;1.0;0.0;0.0;0.0;1.0;0.0;1.0;0.0;0.0;0 days 04:30:00;4.5;0.2222222222222222
0443;3737;Etang de la Motte;weekday;0 days 13:12:00;0 days 17:42:00;1.0;0.0;0.0;0.0;1.0;0.0;1.0;0.0;0.0;0 days 04:30:00;4.5;0.2222222222222222
0444;3162;Centre scolaire Pacé;weekday;0 days 08:15:00;0 days 17:10:00;2.0;0.0;2.0;0.0;2.0;0.0;2.0;0.0;0.0;0 days 08:55:00;8.916666666666666;0.22429906542056077
0444;3179;La Hyptais;weekday;0 days 08:09:00;0 days 08:09:00;2.0;0.0;2.0;0.0;0.0;0.0;0.0;0.0;0.0;0 days 00:00:00;0.0;inf
0444;3180;La Hyptais;weekday;0 days 12:45:00;0 days 17:15:00;2.0;0.0;0.0;0.0;2.0;0.0;2.0;0.0;0.0;0 days 04:30:00;4.5;0.4444444444444444
0444;4506;Beauvais;weekday;0 days 07:52:00;0 days 07:52:00;2.0;0.0;2.0;0.0;0.0;0.0;0.0;0.0;0.0;0 days 00:00:00;0.0;inf
0444;4507;Cheval Blanc;weekday;0 days 07:45:00;0 days 07:45:00;1.0;0.0;1.0;0.0;0.0;0.0;0.0;0.0;0.0;0 days 00:00:00;0.0;inf
0444;4508;Coualeuc;weekday;0 days 07:46:00;0 days 07:46:00;1.0;0.0;1.0;0.0;0.0;0.0;0.0;0.0;0.0;0 days 00:00:00;0.0;inf
0444;4509;Coualeuc;weekday;0 days 13:04:00;0 days 17:36:00;2.0;0.0;0.0;0.0;2.0;0.0;2.0;0.0;0.0;0 days 04:32:00;4.533333333333333;0.4411764705882353
0444;4510;Prés Verts;weekday;0 days 07:49:00;0 days 07:49:00;1.0;0.0;1.0;0.0;0.0;0.0;0.0;0.0;0.0;0 days 00:00:00;0.0;inf
0444;4511;Prés Verts;weekday;0 days 13:00:00;0 days 17:32:00;2.0;0.0;0.0;0.0;2.0;0.0;2.0;0.0;0.0;0 days 04:32:00;4.533333333333333;0.4411764705882353
0444;4513;Beauvais;weekday;0 days 12:58:00;0 days 17:27:00;2.0;0.0;0.0;0.0;2.0;0.0;2.0;0.0;0.0;0 days 04:29:00;4.483333333333333;0.44609665427509293
0444;4524;Vieux Moulin;weekday;0 days 07:51:00;0 days 07:51:00;1.0;0.0;1.0;0.0;0.0;0.0;0.0;0.0;0.0;0 days 00:00:00;0.0;inf
0444;4525;Vieux Moulin;weekday;0 days 12:59:00;0 days 17:28:00;2.0;0.0;0.0;0.0;2.0;0.0;2.0;0.0;0.0;0 days 04:29:00;4.483333333333333;0.44609665427509293
0444;4531;Cheval Blanc;weekday;0 days 13:06:00;0 days 17:40:00;2.0;0.0;0.0;0.0;2.0;0.0;2.0;0.0;0.0;0 days 04:34:00;4.566666666666666;0.43795620437956206
0445;3162;Centre scolaire Pacé;weekday;0 days 08:15:00;0 days 17:10:00;1.0;0.0;1.0;0.0;1.0;0.0;1.0;0.0;0.0;0 days 08:55:00;8.916666666666666;0.11214953271028039
0445;3177;La Foucherais;weekday;0 days 12:49:00;0 days 17:19:00;1.0;0.0;0.0;0.0;1.0;0.0;1.0;0.0;0.0;0 days 04:30:00;4.5;0.2222222222222222
0445;3178;La Foucherais;weekday;0 days 08:04:00;0 days 08:04:00;1.0;0.0;1.0;0.0;0.0;0.0;0.0;0.0;0.0;0 days 00:00:00;0.0;inf
0445;4071;Forge Mallet;weekday;0 days 12:47:00;0 days 17:17:00;1.0;0.0;0.0;0.0;1.0;0.0;1.0;0.0;0.0;0 days 04:30:00;4.5;0.2222222222222222
0445;4072;Forge Mallet;weekday;0 days 08:06:00;0 days 08:06:00;1.0;0.0;1.0;0.0;0.0;0.0;0.0;0.0;0.0;0 days 00:00:00;0.0;inf
0445;4075;Montaigu;weekday;0 days 12:48:00;0 days 17:18:00;1.0;0.0;0.0;0.0;1.0;0.0;1.0;0.0;0.0;0 days 04:30:00;4.5;0.2222222222222222
0445;4076;Montaigu;weekday;0 days 08:05:00;0 days 08:05:00;1.0;0.0;1.0;0.0;0.0;0.0;0.0;0.0;0.0;0 days 00:00:00;0.0;inf
0445;4514;Brosse Halée;weekday;0 days 08:02:00;0 days 08:02:00;1.0;0.0;1.0;0.0;0.0;0.0;0.0;0.0;0.0;0 days 00:00:00;0.0;inf
0445;4515;Brosse Halée;weekday;0 days 12:52:00;0 days 17:21:00;1.0;0.0;0.0;0.0;1.0;0.0;1.0;0.0;0.0;0 days 04:29:00;4.483333333333333;0.22304832713754646
0445;4520;Huchetais;weekday;0 days 07:45:00;0 days 07:45:00;1.0;0.0;1.0;0.0;0.0;0.0;0.0;0.0;0.0;0 days 00:00:00;0.0;inf
0445;4521;Huchetais;weekday;0 days 13:09:00;0 days 17:37:00;1.0;0.0;0.0;0.0;1.0;0.0;1.0;0.0;0.0;0 days 04:28:00;4.466666666666667;0.22388059701492538
0445;4529;Lande de Villé;weekday;0 days 13:07:00;0 days 17:35:00;1.0;0.0;0.0;0.0;1.0;0.0;1.0;0.0;0.0;0 days 04:28:00;4.466666666666667;0.22388059701492538
0445;4530;Lande de Villé;weekday;0 days 07:47:00;0 days 07:47:00;1.0;0.0;1.0;0.0;0.0;0.0;0.0;0.0;0.0;0 days 00:00:00;0.0;inf
0445;4532;Gévezé Clairville;weekday;0 days 07:48:00;0 days 07:48:00;1.0;0.0;1.0;0.0;0.0;0.0;0.0;0.0;0.0;0 days 00:00:00;0.0;inf
0445;4533;Gévezé Clairville;weekday;0 days 13:04:00;0 days 17:32:00;1.0;0.0;0.0;0.0;1.0;0.0;1.0;0.0;0.0;0 days 04:28:00;4.466666666666667;0.22388059701492538
0446;3148;Bas Sommier;weekday;0 days 07:52:00;0 days 12:59:00;1.0;0.0;1.0;0.0;1.0;0.0;0.0;0.0;0.0;0 days 05:07:00;5.116666666666666;0.19543973941368079
0446;3154;Pré Hervy;weekday;0 days 07:53:00;0 days 13:00:00;1.0;0.0;1.0;0.0;1.0;0.0;0.0;0.0;0.0;0 days 05:07:00;5.116666666666666;0.19543973941368079
0446;3162;Centre scolaire Pacé;weekday;0 days 08:15:00;0 days 12:40:00;1.0;0.0;1.0;0.0;1.0;0.0;0.0;0.0;0.0;0 days 04:25:00;4.416666666666667;0.22641509433962262
0446;3164;Sorinais;weekday;0 days 07:56:00;0 days 13:03:00;1.0;0.0;1.0;0.0;1.0;0.0;0.0;0.0;0.0;0 days 05:07:00;5.116666666666666;0.19543973941368079
0446;3754;Haie de Terre;weekday;0 days 08:01:00;0 days 08:01:00;1.0;0.0;1.0;0.0;0.0;0.0;0.0;0.0;0.0;0 days 00:00:00;0.0;inf
0446;3755;Vallée;weekday;0 days 08:02:00;0 days 08:02:00;1.0;0.0;1.0;0.0;0.0;0.0;0.0;0.0;0.0;0 days 00:00:00;0.0;inf
0446;3756;Lion d'Or;weekday;0 days 08:03:00;0 days 08:03:00;1.0;0.0;1.0;0.0;0.0;0.0;0.0;0.0;0.0;0 days 00:00:00;0.0;inf
0446;3757;Vezin Centre;weekday;0 days 08:04:00;0 days 08:04:00;1.0;0.0;1.0;0.0;0.0;0.0;0.0;0.0;0.0;0 days 00:00:00;0.0;inf
0446;3763;Lion d'Or;weekday;0 days 12:53:00;0 days 12:53:00;1.0;0.0;0.0;0.0;1.0;0.0;0.0;0.0;0.0;0 days 00:00:00;0.0;inf
0446;3764;Vallée;weekday;0 days 12:54:00;0 days 12:54:00;1.0;0.0;0.0;0.0;1.0;0.0;0.0;0.0;0.0;0 days 00:00:00;0.0;inf
0446;3765;Haie de Terre;weekday;0 days 12:56:00;0 days 12:56:00;1.0;0.0;0.0;0.0;1.0;0.0;0.0;0.0;0.0;0 days 00:00:00;0.0;inf
0446;3767;Fresnot;weekday;0 days 08:05:00;0 days 08:05:00;1.0;0.0;1.0;0.0;0.0;0.0;0.0;0.0;0.0;0 days 00:00:00;0.0;inf
0446;3773;Fresnot;weekday;0 days 12:51:00;0 days 12:51:00;1.0;0.0;0.0;0.0;1.0;0.0;0.0;0.0;0.0;0 days 00:00:00;0.0;inf
0446;3774;Vezin Centre;weekday;0 days 12:52:00;0 days 12:52:00;1.0;0.0;0.0;0.0;1.0;0.0;0.0;0.0;0.0;0 days 00:00:00;0.0;inf
0451;3209;Surcouf;weekday;0 days 07:57:00;0 days 07:57:00;1.0;0.0;1.0;0.0;0.0;0.0;0.0;0.0;0.0;0 days 00:00:00;0.0;inf
0451;3210;Coteau;weekday;0 days 07:59:00;0 days 07:59:00;1.0;0.0;1.0;0.0;0.0;0.0;0.0;0.0;0.0;0 days 00:00:00;0.0;inf
0451;3211;Groupe Scolaire;weekday;0 days 08:01:00;0 days 08:01:00;1.0;0.0;1.0;0.0;0.0;0.0;0.0;0.0;0.0;0 days 00:00:00;0.0;inf
0451;3212;Levant;weekday;0 days 08:03:00;0 days 08:03:00;1.0;0.0;1.0;0.0;0.0;0.0;0.0;0.0;0.0;0 days 00:00:00;0.0;inf
0451;3217;Levant;weekday;0 days 12:46:00;0 days 17:16:00;1.0;0.0;0.0;0.0;1.0;0.0;1.0;0.0;0.0;0 days 04:30:00;4.5;0.2222222222222222
0451;3218;Groupe Scolaire;weekday;0 days 12:47:00;0 days 17:17:00;1.0;0.0;0.0;0.0;1.0;0.0;1.0;0.0;0.0;0 days 04:30:00;4.5;0.2222222222222222
0451;3219;Coteau;weekday;0 days 12:48:00;0 days 17:18:00;1.0;0.0;0.0;0.0;1.0;0.0;1.0;0.0;0.0;0 days 04:30:00;4.5;0.2222222222222222
0451;3220;Surcouf;weekday;0 days 12:50:00;0 days 17:20:00;1.0;0.0;0.0;0.0;1.0;0.0;1.0;0.0;0.0;0 days 04:30:00;4.5;0.2222222222222222
0451;3246;Collège Récipon;weekday;0 days 08:04:00;0 days 17:15:00;1.0;0.0;1.0;0.0;1.0;0.0;1.0;0.0;0.0;0 days 09:11:00;9.183333333333334;0.1088929219600726
0451;3259;Ormes Blanches;weekday;0 days 12:51:00;0 days 17:21:00;1.0;0.0;0.0;0.0;1.0;0.0;1.0;0.0;0.0;0 days 04:30:00;4.5;0.2222222222222222
0451;3260;Ormes Blanches;weekday;0 days 07:55:00;0 days 07:55:00;1.0;0.0;1.0;0.0;0.0;0.0;0.0;0.0;0.0;0 days 00:00:00;0.0;inf
0451;3803;La Motte;weekday;0 days 07:47:00;0 days 07:47:00;1.0;0.0;1.0;0.0;0.0;0.0;0.0;0.0;0.0;0 days 00:00:00;0.0;inf
0451;3804;La Basse Erable;weekday;0 days 07:49:00;0 days 07:49:00;1.0;0.0;1.0;0.0;0.0;0.0;0.0;0.0;0.0;0 days 00:00:00;0.0;inf
0451;3805;Perelle;weekday;0 days 07:50:00;0 days 07:50:00;1.0;0.0;1.0;0.0;0.0;0.0;0.0;0.0;0.0;0 days 00:00:00;0.0;inf
0451;3806;Perelle;weekday;0 days 12:56:00;0 days 17:26:00;1.0;0.0;0.0;0.0;1.0;0.0;1.0;0.0;0.0;0 days 04:30:00;4.5;0.2222222222222222
0451;3807;La Basse Erable;weekday;0 days 12:58:00;0 days 17:28:00;1.0;0.0;0.0;0.0;1.0;0.0;1.0;0.0;0.0;0 days 04:30:00;4.5;0.2222222222222222
0451;3808;La Motte;weekday;0 days 12:59:00;0 days 17:29:00;1.0;0.0;0.0;0.0;1.0;0.0;1.0;0.0;0.0;0 days 04:30:00;4.5;0.2222222222222222
0451;3823;La Fretais;weekday;0 days 13:13:00;0 days 17:43:00;1.0;0.0;0.0;0.0;1.0;0.0;1.0;0.0;0.0;0 days 04:30:00;4.5;0.2222222222222222
0451;3824;Le Rocher;weekday;0 days 07:43:00;0 days 17:38:00;1.0;0.0;1.0;0.0;1.0;0.0;1.0;0.0;0.0;0 days 09:55:00;9.916666666666666;0.10084033613445378
0451;3826;Les Cruaux;weekday;0 days 07:41:00;0 days 17:36:00;1.0;0.0;1.0;0.0;1.0;0.0;1.0;0.0;0.0;0 days 09:55:00;9.916666666666666;0.10084033613445378
0451;3828;Pont du Gué;weekday;0 days 07:45:00;0 days 07:45:00;1.0;0.0;1.0;0.0;0.0;0.0;0.0;0.0;0.0;0 days 00:00:00;0.0;inf
0451;3830;Pont du Gué;weekday;0 days 13:02:00;0 days 17:32:00;1.0;0.0;0.0;0.0;1.0;0.0;1.0;0.0;0.0;0 days 04:30:00;4.5;0.2222222222222222
0451;4381;Collège Saint-Paul;weekday;0 days 08:10:00;0 days 17:10:00;1.0;0.0;1.0;0.0;1.0;0.0;1.0;0.0;0.0;0 days 09:00:00;9.0;0.1111111111111111
0452;2706;Molène;weekday;0 days 12:51:00;0 days 17:21:00;1.0;0.0;0.0;0.0;1.0;0.0;1.0;0.0;0.0;0 days 04:30:00;4.5;0.2222222222222222
0452;2708;Centre;weekday;0 days 12:56:00;0 days 17:26:00;1.0;0.0;0.0;0.0;1.0;0.0;1.0;0.0;0.0;0 days 04:30:00;4.5;0.2222222222222222
0452;2709;Louis Texier;weekday;0 days 12:57:00;0 days 17:27:00;1.0;0.0;0.0;0.0;1.0;0.0;1.0;0.0;0.0;0 days 04:30:00;4.5;0.2222222222222222
0452;2723;Molène;weekday;0 days 07:51:00;0 days 07:51:00;1.0;0.0;1.0;0.0;0.0;0.0;0.0;0.0;0.0;0 days 00:00:00;0.0;inf
0452;2725;Guyomerais;weekday;0 days 07:49:00;0 days 07:49:00;1.0;0.0;1.0;0.0;0.0;0.0;0.0;0.0;0.0;0 days 00:00:00;0.0;inf
0452;2726;Guyomerais;weekday;0 days 12:53:00;0 days 17:23:00;1.0;0.0;0.0;0.0;1.0;0.0;1.0;0.0;0.0;0 days 04:30:00;4.5;0.2222222222222222
0452;2727;Pont;weekday;0 days 12:49:00;0 days 17:19:00;1.0;0.0;0.0;0.0;1.0;0.0;1.0;0.0;0.0;0 days 04:30:00;4.5;0.2222222222222222
0452;2732;Pont;weekday;0 days 07:53:00;0 days 07:53:00;1.0;0.0;1.0;0.0;0.0;0.0;0.0;0.0;0.0;0 days 00:00:00;0.0;inf
0452;2733;Deux Rives;weekday;0 days 07:54:00;0 days 07:54:00;1.0;0.0;1.0;0.0;0.0;0.0;0.0;0.0;0.0;0 days 00:00:00;0.0;inf
0452;2734;Deux Rives;weekday;0 days 12:48:00;0 days 17:18:00;1.0;0.0;0.0;0.0;1.0;0.0;1.0;0.0;0.0;0 days 04:30:00;4.5;0.2222222222222222
0452;2747;Lotissement du Moulin;weekday;0 days 07:45:00;0 days 17:40:00;1.0;0.0;1.0;0.0;1.0;0.0;1.0;0.0;0.0;0 days 09:55:00;9.916666666666666;0.10084033613445378
0452;2753;Abords Launay;weekday;0 days 07:28:00;0 days 07:28:00;1.0;0.0;1.0;0.0;0.0;0.0;0.0;0.0;0.0;0 days 00:00:00;0.0;inf
0452;2754;Abords Launay;weekday;0 days 13:16:00;0 days 17:46:00;1.0;0.0;0.0;0.0;1.0;0.0;1.0;0.0;0.0;0 days 04:30:00;4.5;0.2222222222222222
0452;2757;Boisardière;weekday;0 days 07:38:00;0 days 17:33:00;1.0;0.0;1.0;0.0;1.0;0.0;1.0;0.0;0.0;0 days 09:55:00;9.916666666666666;0.10084033613445378
0452;2761;Lande de Pinçon;weekday;0 days 13:15:00;0 days 17:45:00;1.0;0.0;0.0;0.0;1.0;0.0;1.0;0.0;0.0;0 days 04:30:00;4.5;0.2222222222222222
0452;2762;Lande de Pinçon;weekday;0 days 07:30:00;0 days 07:30:00;1.0;0.0;1.0;0.0;0.0;0.0;0.0;0.0;0.0;0 days 00:00:00;0.0;inf
0452;2771;Cours d'A Haut;weekday;0 days 07:27:00;0 days 07:27:00;1.0;0.0;1.0;0.0;0.0;0.0;0.0;0.0;0.0;0 days 00:00:00;0.0;inf
0452;2772;Cours d'A Haut;weekday;0 days 13:17:00;0 days 17:47:00;1.0;0.0;0.0;0.0;1.0;0.0;1.0;0.0;0.0;0 days 04:30:00;4.5;0.2222222222222222
0452;2773;Ise;weekday;0 days 07:55:00;0 days 07:55:00;1.0;0.0;1.0;0.0;0.0;0.0;0.0;0.0;0.0;0 days 00:00:00;0.0;inf
0452;2774;Ise;weekday;0 days 12:47:00;0 days 17:17:00;1.0;0.0;0.0;0.0;1.0;0.0;1.0;0.0;0.0;0 days 04:30:00;4.5;0.2222222222222222
0452;4381;Collège Saint-Paul;weekday;0 days 08:00:00;0 days 17:10:00;1.0;0.0;1.0;0.0;1.0;0.0;1.0;0.0;0.0;0 days 09:10:00;9.166666666666666;0.1090909090909091
0453;3204;Télégraphe;weekday;0 days 13:01:00;0 days 17:30:00;1.0;0.0;0.0;0.0;1.0;0.0;1.0;0.0;0.0;0 days 04:29:00;4.483333333333333;0.22304832713754646
0453;3205;Petite Rochelle;weekday;0 days 13:03:00;0 days 17:32:00;1.0;0.0;0.0;0.0;1.0;0.0;1.0;0.0;0.0;0 days 04:29:00;4.483333333333333;0.22304832713754646
0453;3206;Frogerais;weekday;0 days 13:04:00;0 days 17:33:00;1.0;0.0;0.0;0.0;1.0;0.0;1.0;0.0;0.0;0 days 04:29:00;4.483333333333333;0.22304832713754646
0453;3207;Fort Joual;weekday;0 days 13:07:00;0 days 17:35:00;1.0;0.0;0.0;0.0;1.0;0.0;1.0;0.0;0.0;0 days 04:28:00;4.466666666666667;0.22388059701492538
0453;3216;Plardière;weekday;0 days 12:44:00;0 days 17:14:00;1.0;0.0;0.0;0.0;1.0;0.0;1.0;0.0;0.0;0 days 04:30:00;4.5;0.2222222222222222
0453;3218;Groupe Scolaire;weekday;0 days 12:51:00;0 days 17:20:00;1.0;0.0;0.0;0.0;1.0;0.0;1.0;0.0;0.0;0 days 04:29:00;4.483333333333333;0.22304832713754646
0453;3220;Surcouf;weekday;0 days 12:54:00;0 days 17:23:00;1.0;0.0;0.0;0.0;1.0;0.0;1.0;0.0;0.0;0 days 04:29:00;4.483333333333333;0.22304832713754646
0453;3235;La Rochelle;weekday;0 days 12:59:00;0 days 17:28:00;1.0;0.0;0.0;0.0;1.0;0.0;1.0;0.0;0.0;0 days 04:29:00;4.483333333333333;0.22304832713754646
0453;3245;L'Hermitière Village;weekday;0 days 13:21:00;0 days 17:50:00;1.0;0.0;0.0;0.0;1.0;0.0;1.0;0.0;0.0;0 days 04:29:00;4.483333333333333;0.22304832713754646
0453;3246;Collège Récipon;weekday;0 days 12:48:00;0 days 17:17:00;1.0;0.0;0.0;0.0;1.0;0.0;1.0;0.0;0.0;0 days 04:29:00;4.483333333333333;0.22304832713754646
0453;3254;Belle Etoile;weekday;0 days 13:19:00;0 days 17:48:00;1.0;0.0;0.0;0.0;1.0;0.0;1.0;0.0;0.0;0 days 04:29:00;4.483333333333333;0.22304832713754646
0453;3255;Violais;weekday;0 days 13:05:00;0 days 17:34:00;1.0;0.0;0.0;0.0;1.0;0.0;1.0;0.0;0.0;0 days 04:29:00;4.483333333333333;0.22304832713754646
0453;3256;Clos Vezins;weekday;0 days 13:02:00;0 days 17:31:00;1.0;0.0;0.0;0.0;1.0;0.0;1.0;0.0;0.0;0 days 04:29:00;4.483333333333333;0.22304832713754646
0453;3257;Haye Longue;weekday;0 days 12:45:00;0 days 17:15:00;1.0;0.0;0.0;0.0;1.0;0.0;1.0;0.0;0.0;0 days 04:30:00;4.5;0.2222222222222222
0453;3262;La Barre;weekday;0 days 12:57:00;0 days 17:26:00;1.0;0.0;0.0;0.0;1.0;0.0;1.0;0.0;0.0;0 days 04:29:00;4.483333333333333;0.22304832713754646
0453;3810;Moc Souris;weekday;0 days 13:11:00;0 days 17:40:00;1.0;0.0;0.0;0.0;1.0;0.0;1.0;0.0;0.0;0 days 04:29:00;4.483333333333333;0.22304832713754646
0453;3811;Sept Fours;weekday;0 days 13:09:00;0 days 17:38:00;1.0;0.0;0.0;0.0;1.0;0.0;1.0;0.0;0.0;0 days 04:29:00;4.483333333333333;0.22304832713754646
0453;3819;Abords Lauriais;weekday;0 days 13:08:00;0 days 17:36:00;1.0;0.0;0.0;0.0;1.0;0.0;1.0;0.0;0.0;0 days 04:28:00;4.466666666666667;0.22388059701492538
0453;4381;Collège Saint-Paul;weekday;0 days 12:42:00;0 days 17:12:00;1.0;0.0;0.0;0.0;1.0;0.0;1.0;0.0;0.0;0 days 04:30:00;4.5;0.2222222222222222
0453;4715;Bossardière;weekday;0 days 13:31:00;0 days 18:01:00;1.0;0.0;0.0;0.0;1.0;0.0;1.0;0.0;0.0;0 days 04:30:00;4.5;0.2222222222222222
0453;4748;Montheleu;weekday;0 days 13:28:00;0 days 17:57:00;1.0;0.0;0.0;0.0;1.0;0.0;1.0;0.0;0.0;0 days 04:29:00;4.483333333333333;0.22304832713754646
0454;3213;Plardière;weekday;0 days 12:48:00;0 days 17:18:00;1.8;0.0;0.0;0.0;1.0;1.0;1.0;0.0;0.0;0 days 04:30:00;4.5;0.4
0454;3216;Plardière;weekday;0 days 08:01:00;0 days 09:00:00;2.0;0.0;2.0;0.0;0.0;0.0;0.0;0.0;0.0;0 days 00:59:00;0.9833333333333333;2.0338983050847457
0454;3246;Collège Récipon;weekday;0 days 08:04:00;0 days 17:10:00;1.9;0.0;2.0;0.0;1.0;1.0;1.0;0.0;0.0;0 days 09:06:00;9.1;0.2087912087912088
0454;3249;Orgerblon;weekday;0 days 08:00:00;0 days 08:59:00;2.0;0.0;2.0;0.0;0.0;0.0;0.0;0.0;0.0;0 days 00:59:00;0.9833333333333333;2.0338983050847457
0454;3250;Orgerblon;weekday;0 days 12:49:00;0 days 17:19:00;1.8;0.0;0.0;0.0;1.0;1.0;1.0;0.0;0.0;0 days 04:30:00;4.5;0.4
0454;4352;Champ Mulon;weekday;0 days 12:51:00;0 days 17:21:00;1.8;0.0;0.0;0.0;1.0;1.0;1.0;0.0;0.0;0 days 04:30:00;4.5;0.4
0454;4353;Paul Féval;weekday;0 days 12:52:00;0 days 17:22:00;1.8;0.0;0.0;0.0;1.0;1.0;1.0;0.0;0.0;0 days 04:30:00;4.5;0.4
0454;4354;Paul Féval;weekday;0 days 07:56:00;0 days 08:56:00;2.0;0.0;2.0;0.0;0.0;0.0;0.0;0.0;0.0;0 days 01:00:00;1.0;2.0
0454;4355;Champ Mulon;weekday;0 days 07:57:00;0 days 08:57:00;2.0;0.0;2.0;0.0;0.0;0.0;0.0;0.0;0.0;0 days 01:00:00;1.0;2.0
0454;4358;Croix Faucheux;weekday;0 days 12:58:00;0 days 17:28:00;1.8;0.0;0.0;0.0;1.0;1.0;1.0;0.0;0.0;0 days 04:30:00;4.5;0.4
0454;4361;Croix Faucheux;weekday;0 days 07:50:00;0 days 08:50:00;2.0;0.0;2.0;0.0;0.0;0.0;0.0;0.0;0.0;0 days 01:00:00;1.0;2.0
0454;4362;Alexandre Gilois;weekday;0 days 12:53:00;0 days 17:23:00;1.8;0.0;0.0;0.0;1.0;1.0;1.0;0.0;0.0;0 days 04:30:00;4.5;0.4
0454;4363;Alexandre Gilois;weekday;0 days 07:55:00;0 days 08:55:00;2.0;0.0;2.0;0.0;0.0;0.0;0.0;0.0;0.0;0 days 01:00:00;1.0;2.0
0454;4364;Douazel;weekday;0 days 07:41:00;0 days 08:41:00;2.0;0.0;2.0;0.0;0.0;0.0;0.0;0.0;0.0;0 days 01:00:00;1.0;2.0
0454;4367;Douazel;weekday;0 days 13:07:00;0 days 17:37:00;1.8;0.0;0.0;0.0;1.0;1.0;1.0;0.0;0.0;0 days 04:30:00;4.5;0.4
0454;4374;Pont de l'Ise;weekday;0 days 13:05:00;0 days 17:35:00;1.8;0.0;0.0;0.0;1.0;1.0;1.0;0.0;0.0;0 days 04:30:00;4.5;0.4
0454;4375;Pont de l'Ise;weekday;0 days 07:43:00;0 days 08:43:00;2.0;0.0;2.0;0.0;0.0;0.0;0.0;0.0;0.0;0 days 01:00:00;1.0;2.0
0454;4379;Collège Saint-Paul;weekday;0 days 12:50:00;0 days 17:20:00;1.8;0.0;0.0;0.0;1.0;1.0;1.0;0.0;0.0;0 days 04:30:00;4.5;0.4
0454;4381;Collège Saint-Paul;weekday;0 days 07:58:00;0 days 08:57:00;2.0;0.0;2.0;0.0;0.0;0.0;0.0;0.0;0.0;0 days 00:59:00;0.9833333333333333;2.0338983050847457
0454;4382;Basses Noës;weekday;0 days 07:53:00;0 days 08:53:00;2.0;0.0;2.0;0.0;0.0;0.0;0.0;0.0;0.0;0 days 01:00:00;1.0;2.0
0454;4383;Basses Noës;weekday;0 days 12:56:00;0 days 17:26:00;1.8;0.0;0.0;0.0;1.0;1.0;1.0;0.0;0.0;0 days 04:30:00;4.5;0.4
0454;4384;Simone Marchand;weekday;0 days 13:00:00;0 days 17:30:00;1.8;0.0;0.0;0.0;1.0;1.0;1.0;0.0;0.0;0 days 04:30:00;4.5;0.4
0454;4385;Simone Marchand;weekday;0 days 07:48:00;0 days 08:48:00;2.0;0.0;2.0;0.0;0.0;0.0;0.0;0.0;0.0;0 days 01:00:00;1.0;2.0
0454;4386;Bon Espoir;weekday;0 days 07:38:00;0 days 08:38:00;2.0;0.0;2.0;0.0;0.0;0.0;0.0;0.0;0.0;0 days 01:00:00;1.0;2.0
0454;4387;Bon Espoir;weekday;0 days 13:11:00;0 days 17:41:00;1.8;0.0;0.0;0.0;1.0;1.0;1.0;0.0;0.0;0 days 04:30:00;4.5;0.4
0455;4713;Laillé Bellevue;weekday;0 days 07:56:00;0 days 07:56:00;1.0;0.0;1.0;0.0;0.0;0.0;0.0;0.0;0.0;0 days 00:00:00;0.0;inf
0455;4714;Laillé Bellevue;weekday;0 days 12:32:00;0 days 17:12:00;1.0;0.0;0.0;0.0;1.0;0.0;1.0;0.0;0.0;0 days 04:40:00;4.666666666666667;0.21428571428571427
0455;4717;Boulais Pochetière;weekday;0 days 07:33:00;0 days 07:33:00;1.0;0.0;1.0;0.0;0.0;0.0;0.0;0.0;0.0;0 days 00:00:00;0.0;inf
0455;4718;Boulais Pochetière;weekday;0 days 12:55:00;0 days 17:35:00;1.0;0.0;0.0;0.0;1.0;0.0;1.0;0.0;0.0;0 days 04:40:00;4.666666666666667;0.21428571428571427
0455;4725;La Corbinais;weekday;0 days 07:43:00;0 days 17:21:00;1.0;0.0;1.0;0.0;1.0;0.0;1.0;0.0;0.0;0 days 09:38:00;9.633333333333333;0.10380622837370243
0455;4727;La Feutelais;weekday;0 days 07:34:00;0 days 07:34:00;1.0;0.0;1.0;0.0;0.0;0.0;0.0;0.0;0.0;0 days 00:00:00;0.0;inf
0455;4728;La Feutelais;weekday;0 days 12:52:00;0 days 17:32:00;1.0;0.0;0.0;0.0;1.0;0.0;1.0;0.0;0.0;0 days 04:40:00;4.666666666666667;0.21428571428571427
0455;4739;Le Cleux;weekday;0 days 07:40:00;0 days 17:18:00;1.0;0.0;1.0;0.0;1.0;0.0;1.0;0.0;0.0;0 days 09:38:00;9.633333333333333;0.10380622837370243
0455;4742;Les Vallées;weekday;0 days 07:47:00;0 days 17:25:00;1.0;0.0;1.0;0.0;1.0;0.0;1.0;0.0;0.0;0 days 09:38:00;9.633333333333333;0.10380622837370243
0455;4746;Martigné;weekday;0 days 07:58:00;0 days 07:58:00;1.0;0.0;1.0;0.0;0.0;0.0;0.0;0.0;0.0;0 days 00:00:00;0.0;inf
0455;4747;Martigné;weekday;0 days 12:30:00;0 days 17:10:00;1.0;0.0;0.0;0.0;1.0;0.0;1.0;0.0;0.0;0 days 04:40:00;4.666666666666667;0.21428571428571427
0455;4750;Rouesnais Sud;weekday;0 days 07:44:00;0 days 17:22:00;1.0;0.0;1.0;0.0;1.0;0.0;1.0;0.0;0.0;0 days 09:38:00;9.633333333333333;0.10380622837370243
0455;4752;Rouesnais Nord;weekday;0 days 07:45:00;0 days 17:23:00;1.0;0.0;1.0;0.0;1.0;0.0;1.0;0.0;0.0;0 days 09:38:00;9.633333333333333;0.10380622837370243
0455;4754;ZA Le Rachat;weekday;0 days 12:51:00;0 days 17:31:00;1.0;0.0;0.0;0.0;1.0;0.0;1.0;0.0;0.0;0 days 04:40:00;4.666666666666667;0.21428571428571427
0455;4755;ZA Le Rachat;weekday;0 days 07:38:00;0 days 07:38:00;1.0;0.0;1.0;0.0;0.0;0.0;0.0;0.0;0.0;0 days 00:00:00;0.0;inf
0455;4764;Laillé Collège;weekday;0 days 12:25:00;0 days 17:05:00;1.0;0.0;0.0;0.0;1.0;0.0;1.0;0.0;0.0;0 days 04:40:00;4.666666666666667;0.21428571428571427
0455;4770;Laillé Collège;weekday;0 days 08:05:00;0 days 08:05:00;1.0;0.0;1.0;0.0;0.0;0.0;0.0;0.0;0.0;0 days 00:00:00;0.0;inf
0457;4700;Point du Jour;weekday;0 days 12:26:00;0 days 17:06:00;1.0;0.0;0.0;0.0;1.0;0.0;1.0;0.0;0.0;0 days 04:40:00;4.666666666666667;0.21428571428571427
0457;4701;Point du Jour;weekday;0 days 08:04:00;0 days 08:04:00;1.0;0.0;1.0;0.0;0.0;0.0;0.0;0.0;0.0;0 days 00:00:00;0.0;inf
0457;4709;Bout de Lande;weekday;0 days 07:57:00;0 days 07:57:00;1.0;0.0;1.0;0.0;0.0;0.0;0.0;0.0;0.0;0 days 00:00:00;0.0;inf
0457;4710;Bout de Lande;weekday;0 days 12:33:00;0 days 17:13:00;1.0;0.0;0.0;0.0;1.0;0.0;1.0;0.0;0.0;0 days 04:40:00;4.666666666666667;0.21428571428571427
0457;4711;Estuaires;weekday;0 days 07:56:00;0 days 07:56:00;1.0;0.0;1.0;0.0;0.0;0.0;0.0;0.0;0.0;0 days 00:00:00;0.0;inf
0457;4712;Estuaires;weekday;0 days 12:34:00;0 days 17:14:00;1.0;0.0;0.0;0.0;1.0;0.0;1.0;0.0;0.0;0 days 04:40:00;4.666666666666667;0.21428571428571427
0457;4715;Bossardière;weekday;0 days 12:45:00;0 days 17:25:00;1.0;0.0;0.0;0.0;1.0;0.0;1.0;0.0;0.0;0 days 04:40:00;4.666666666666667;0.21428571428571427
0457;4716;Bossardière;weekday;0 days 07:47:00;0 days 07:47:00;1.0;0.0;1.0;0.0;0.0;0.0;0.0;0.0;0.0;0 days 00:00:00;0.0;inf
0457;4729;La Gicquelais;weekday;0 days 12:48:00;0 days 17:28:00;1.0;0.0;0.0;0.0;1.0;0.0;1.0;0.0;0.0;0 days 04:40:00;4.666666666666667;0.21428571428571427
0457;4730;La Gicquelais;weekday;0 days 07:44:00;0 days 07:44:00;1.0;0.0;1.0;0.0;0.0;0.0;0.0;0.0;0.0;0 days 00:00:00;0.0;inf
0457;4748;Montheleu;weekday;0 days 12:40:00;0 days 17:20:00;1.0;0.0;0.0;0.0;1.0;0.0;1.0;0.0;0.0;0 days 04:40:00;4.666666666666667;0.21428571428571427
0457;4749;Montheleu;weekday;0 days 07:51:00;0 days 07:51:00;1.0;0.0;1.0;0.0;0.0;0.0;0.0;0.0;0.0;0 days 00:00:00;0.0;inf
0457;4758;Gripay;weekday;0 days 12:53:00;0 days 17:33:00;1.0;0.0;0.0;0.0;1.0;0.0;1.0;0.0;0.0;0 days 04:40:00;4.666666666666667;0.21428571428571427
0457;4759;Couais;weekday;0 days 07:40:00;0 days 07:40:00;1.0;0.0;1.0;0.0;0.0;0.0;0.0;0.0;0.0;0 days 00:00:00;0.0;inf
0457;4764;Laillé Collège;weekday;0 days 08:05:00;0 days 17:05:00;1.0;0.0;1.0;0.0;1.0;0.0;1.0;0.0;0.0;0 days 09:00:00;9.0;0.1111111111111111
0457;4766;L'Oie;weekday;0 days 07:43:00;0 days 07:43:00;1.0;0.0;1.0;0.0;0.0;0.0;0.0;0.0;0.0;0 days 00:00:00;0.0;inf
0457;4767;L'Oie;weekday;0 days 12:49:00;0 days 17:29:00;1.0;0.0;0.0;0.0;1.0;0.0;1.0;0.0;0.0;0 days 04:40:00;4.666666666666667;0.21428571428571427
0461;2040;Chalotais;weekday;0 days 08:11:00;0 days 08:11:00;1.0;0.0;1.0;0.0;0.0;0.0;0.0;0.0;0.0;0 days 00:00:00;0.0;inf
0461;2051;Chalotais;weekday;0 days 12:45:00;0 days 17:58:00;1.8;0.0;0.0;0.0;1.0;0.0;2.0;0.0;0.0;0 days 05:13:00;5.216666666666667;0.3450479233226837
0461;2052;Lycée Ozanam;weekday;0 days 08:20:00;0 days 17:50:00;1.4;0.0;1.0;0.0;1.0;1.0;1.0;0.0;0.0;0 days 09:30:00;9.5;0.14736842105263157
0461;2055;Cesson Piscine;weekday;0 days 17:02:00;0 days 17:02:00;1.0;0.0;0.0;0.0;0.0;0.0;1.0;0.0;0.0;0 days 00:00:00;0.0;inf
0461;2059;Monniais;weekday;0 days 12:52:00;0 days 18:05:00;1.8;0.0;0.0;0.0;1.0;0.0;2.0;0.0;0.0;0 days 05:13:00;5.216666666666667;0.3450479233226837
0461;2067;Cesson Piscine;weekday;0 days 08:15:00;0 days 08:15:00;1.0;0.0;1.0;0.0;0.0;0.0;0.0;0.0;0.0;0 days 00:00:00;0.0;inf
0461;2107;Ménouriais;weekday;0 days 12:56:00;0 days 18:09:00;1.8;0.0;0.0;0.0;1.0;0.0;2.0;0.0;0.0;0 days 05:13:00;5.216666666666667;0.3450479233226837
0461;2110;Touche sur Roche;weekday;0 days 07:56:00;0 days 07:56:00;1.0;0.0;1.0;0.0;0.0;0.0;0.0;0.0;0.0;0 days 00:00:00;0.0;inf
0461;2111;Touche sur Roche;weekday;0 days 12:58:00;0 days 18:11:00;1.8;0.0;0.0;0.0;1.0;0.0;2.0;0.0;0.0;0 days 05:13:00;5.216666666666667;0.3450479233226837
0461;2119;Prieuré Forge;weekday;0 days 13:08:00;0 days 18:23:00;1.8;0.0;0.0;0.0;1.0;0.0;2.0;0.0;0.0;0 days 05:15:00;5.25;0.34285714285714286
0461;2120;Prieuré Forge;weekday;0 days 07:45:00;0 days 07:45:00;1.0;0.0;1.0;0.0;0.0;0.0;0.0;0.0;0.0;0 days 00:00:00;0.0;inf
0461;2128;Ménouriais;weekday;0 days 07:58:00;0 days 07:58:00;1.0;0.0;1.0;0.0;0.0;0.0;0.0;0.0;0.0;0 days 00:00:00;0.0;inf
0461;2143;Monniais;weekday;0 days 08:04:00;0 days 08:04:00;1.0;0.0;1.0;0.0;0.0;0.0;0.0;0.0;0.0;0 days 00:00:00;0.0;inf
0461;2158;Salmondière;weekday;0 days 07:51:00;0 days 18:16:00;1.4;0.0;1.0;0.0;1.0;0.0;2.0;0.0;0.0;0 days 10:25:00;10.416666666666666;0.1344
0461;2162;Petite Monniais;weekday;0 days 07:59:00;0 days 07:59:00;1.0;0.0;1.0;0.0;0.0;0.0;0.0;0.0;0.0;0 days 00:00:00;0.0;inf
0461;2163;Petite Monniais;weekday;0 days 12:55:00;0 days 18:08:00;1.8;0.0;0.0;0.0;1.0;0.0;2.0;0.0;0.0;0 days 05:13:00;5.216666666666667;0.3450479233226837
0461;2166;Montoul;weekday;0 days 17:20:00;0 days 17:20:00;1.0;0.0;0.0;0.0;0.0;0.0;1.0;0.0;0.0;0 days 00:00:00;0.0;inf
0461;2167;Montoul;weekday;0 days 07:53:00;0 days 07:53:00;1.0;0.0;1.0;0.0;0.0;0.0;0.0;0.0;0.0;0 days 00:00:00;0.0;inf
0466;2502;Lycée Monod;weekday;0 days 08:13:00;0 days 08:13:00;1.0;0.0;1.0;0.0;0.0;0.0;0.0;0.0;0.0;0 days 00:00:00;0.0;inf
0466;2519;Lycée Monod;weekday;0 days 12:48:00;0 days 17:23:00;1.0;0.0;0.0;0.0;1.0;0.0;1.0;0.0;0.0;0 days 04:35:00;4.583333333333333;0.2181818181818182
0466;2534;Collège Brassens;weekday;0 days 08:15:00;0 days 17:20:00;1.0;0.0;1.0;0.0;1.0;0.0;1.0;0.0;0.0;0 days 09:05:00;9.083333333333334;0.11009174311926605
0466;3735;Pierre Blanche;weekday;0 days 13:10:00;0 days 17:45:00;1.0;0.0;0.0;0.0;1.0;0.0;1.0;0.0;0.0;0 days 04:35:00;4.583333333333333;0.2181818181818182
0466;3736;Pierre Blanche;weekday;0 days 07:46:00;0 days 17:53:00;1.0;0.0;1.0;0.0;1.0;0.0;1.0;0.0;0.0;0 days 10:07:00;10.116666666666667;0.09884678747940691
0466;4259;Cherterie;weekday;0 days 13:09:00;0 days 17:44:00;1.0;0.0;0.0;0.0;1.0;0.0;1.0;0.0;0.0;0 days 04:35:00;4.583333333333333;0.2181818181818182
0466;4260;Pont Harel;weekday;0 days 07:51:00;0 days 07:51:00;1.0;0.0;1.0;0.0;0.0;0.0;0.0;0.0;0.0;0 days 00:00:00;0.0;inf
0466;4262;Cherterie;weekday;0 days 07:47:00;0 days 07:47:00;1.0;0.0;1.0;0.0;0.0;0.0;0.0;0.0;0.0;0 days 00:00:00;0.0;inf
0466;4263;Pont Harel;weekday;0 days 13:07:00;0 days 17:42:00;1.0;0.0;0.0;0.0;1.0;0.0;1.0;0.0;0.0;0 days 04:35:00;4.583333333333333;0.2181818181818182
0466;4312;Lemordant;weekday;0 days 13:02:00;0 days 17:37:00;1.0;0.0;0.0;0.0;1.0;0.0;1.0;0.0;0.0;0 days 04:35:00;4.583333333333333;0.2181818181818182
0466;4318;Rue de Pacé;weekday;0 days 13:01:00;0 days 17:36:00;1.0;0.0;0.0;0.0;1.0;0.0;1.0;0.0;0.0;0 days 04:35:00;4.583333333333333;0.2181818181818182
0466;4323;Verdais;weekday;0 days 07:55:00;0 days 17:41:00;1.0;0.0;1.0;0.0;1.0;0.0;1.0;0.0;0.0;0 days 09:46:00;9.766666666666667;0.10238907849829351
0466;4327;Lemordant;weekday;0 days 07:59:00;0 days 07:59:00;1.0;0.0;1.0;0.0;0.0;0.0;0.0;0.0;0.0;0 days 00:00:00;0.0;inf
0466;4330;Rue de Pacé;weekday;0 days 08:00:00;0 days 08:00:00;1.0;0.0;1.0;0.0;0.0;0.0;0.0;0.0;0.0;0 days 00:00:00;0.0;inf
0467;2502;Lycée Monod;weekday;0 days 08:12:00;0 days 08:12:00;1.0;0.0;1.0;0.0;0.0;0.0;0.0;0.0;0.0;0 days 00:00:00;0.0;inf
0467;2519;Lycée Monod;weekday;0 days 12:48:00;0 days 17:23:00;1.0;0.0;0.0;0.0;1.0;0.0;1.0;0.0;0.0;0 days 04:35:00;4.583333333333333;0.2181818181818182
0467;2534;Collège Brassens;weekday;0 days 08:15:00;0 days 17:20:00;1.0;0.0;1.0;0.0;1.0;0.0;1.0;0.0;0.0;0 days 09:05:00;9.083333333333334;0.11009174311926605
0467;3701;Etang de la Motte;weekday;0 days 07:40:00;0 days 07:40:00;1.0;0.0;1.0;0.0;0.0;0.0;0.0;0.0;0.0;0 days 00:00:00;0.0;inf
0467;3702;La Houdinais;weekday;0 days 07:43:00;0 days 07:43:00;1.0;0.0;1.0;0.0;0.0;0.0;0.0;0.0;0.0;0 days 00:00:00;0.0;inf
0467;3703;La Houdinais;weekday;0 days 13:10:00;0 days 17:46:00;1.0;0.0;0.0;0.0;1.0;0.0;1.0;0.0;0.0;0 days 04:36:00;4.6;0.2173913043478261
0467;3707;Pont aux Moines;weekday;0 days 07:48:00;0 days 17:42:00;1.0;0.0;1.0;0.0;1.0;0.0;1.0;0.0;0.0;0 days 09:54:00;9.9;0.10101010101010101
0467;3708;Vigne;weekday;0 days 07:50:00;0 days 17:43:00;1.0;0.0;1.0;0.0;1.0;0.0;1.0;0.0;0.0;0 days 09:53:00;9.883333333333333;0.10118043844856661
0467;3716;Résidence Janais;weekday;0 days 07:55:00;0 days 07:55:00;1.0;0.0;1.0;0.0;0.0;0.0;0.0;0.0;0.0;0 days 00:00:00;0.0;inf
0467;3718;Saint-Hubert;weekday;0 days 07:56:00;0 days 07:56:00;1.0;0.0;1.0;0.0;0.0;0.0;0.0;0.0;0.0;0 days 00:00:00;0.0;inf
0467;3725;Saint-Hubert;weekday;0 days 13:04:00;0 days 17:40:00;1.0;0.0;0.0;0.0;1.0;0.0;1.0;0.0;0.0;0 days 04:36:00;4.6;0.2173913043478261
0467;3728;Haute Fresnais;weekday;0 days 07:38:00;0 days 17:51:00;1.0;0.0;1.0;0.0;1.0;0.0;1.0;0.0;0.0;0 days 10:13:00;10.216666666666667;0.09787928221859707
0467;3729;Résidence Janais;weekday;0 days 13:05:00;0 days 17:41:00;1.0;0.0;0.0;0.0;1.0;0.0;1.0;0.0;0.0;0 days 04:36:00;4.6;0.2173913043478261
0467;3733;Le Roheu;weekday;0 days 07:41:00;0 days 07:41:00;1.0;0.0;1.0;0.0;0.0;0.0;0.0;0.0;0.0;0 days 00:00:00;0.0;inf
0467;3734;Ardriers;weekday;0 days 13:11:00;0 days 17:47:00;1.0;0.0;0.0;0.0;1.0;0.0;1.0;0.0;0.0;0 days 04:36:00;4.6;0.2173913043478261
0467;3737;Etang de la Motte;weekday;0 days 13:12:00;0 days 17:48:00;1.0;0.0;0.0;0.0;1.0;0.0;1.0;0.0;0.0;0 days 04:36:00;4.6;0.2173913043478261
0467;4302;ESAT La Hautière;weekday;0 days 08:04:00;0 days 08:04:00;1.0;0.0;1.0;0.0;0.0;0.0;0.0;0.0;0.0;0 days 00:00:00;0.0;inf
0467;4319;ESAT La Hautière;weekday;0 days 12:58:00;0 days 17:33:00;1.0;0.0;0.0;0.0;1.0;0.0;1.0;0.0;0.0;0 days 04:35:00;4.583333333333333;0.2181818181818182
0467;4320;Frétillé;weekday;0 days 07:58:00;0 days 07:58:00;1.0;0.0;1.0;0.0;0.0;0.0;0.0;0.0;0.0;0 days 00:00:00;0.0;inf
0467;4321;Frétillé;weekday;0 days 13:02:00;0 days 17:38:00;1.0;0.0;0.0;0.0;1.0;0.0;1.0;0.0;0.0;0 days 04:36:00;4.6;0.2173913043478261
0467;4324;Rue de Montfort;weekday;0 days 08:00:00;0 days 08:00:00;1.0;0.0;1.0;0.0;0.0;0.0;0.0;0.0;0.0;0 days 00:00:00;0.0;inf
0467;4325;Rue de Montfort;weekday;0 days 13:00:00;0 days 17:36:00;1.0;0.0;0.0;0.0;1.0;0.0;1.0;0.0;0.0;0 days 04:36:00;4.6;0.2173913043478261
0470;4805;Bécherel Ecole;weekday;0 days 08:45:00;0 days 16:45:00;3.0;0.0;1.0;0.0;0.0;2.0;0.0;0.0;0.0;0 days 08:00:00;8.0;0.375
0470;4851;Chapelle-Chaussée;weekday;0 days 08:30:00;0 days 16:30:00;3.0;0.0;2.0;0.0;0.0;1.0;0.0;0.0;0.0;0 days 08:00:00;8.0;0.375
0471;4900;Langan Bourg;weekday;0 days 12:54:00;0 days 17:24:00;1.0;0.0;0.0;0.0;1.0;0.0;1.0;0.0;0.0;0 days 04:30:00;4.5;0.2222222222222222
0471;4901;Langan Bourg;weekday;0 days 07:59:00;0 days 07:59:00;1.0;0.0;1.0;0.0;0.0;0.0;0.0;0.0;0.0;0 days 00:00:00;0.0;inf
0471;4904;Rouaudière;weekday;0 days 13:04:00;0 days 17:34:00;1.0;0.0;0.0;0.0;1.0;0.0;1.0;0.0;0.0;0 days 04:30:00;4.5;0.2222222222222222
0471;4905;Rouaudière;weekday;0 days 07:48:00;0 days 07:48:00;1.0;0.0;1.0;0.0;0.0;0.0;0.0;0.0;0.0;0 days 00:00:00;0.0;inf
0471;4906;Le Rhé;weekday;0 days 07:55:00;0 days 17:30:00;1.0;0.0;1.0;0.0;1.0;0.0;1.0;0.0;0.0;0 days 09:35:00;9.583333333333334;0.10434782608695652
0471;6011;Romillé Pigeon Blanc;weekday;0 days 13:12:00;0 days 17:42:00;1.0;0.0;0.0;0.0;1.0;0.0;1.0;0.0;0.0;0 days 04:30:00;4.5;0.2222222222222222
0471;6012;Romillé Pigeon Blanc;weekday;0 days 07:40:00;0 days 07:40:00;1.0;0.0;1.0;0.0;0.0;0.0;0.0;0.0;0.0;0 days 00:00:00;0.0;inf
0471;6021;Romillé Collège;weekday;0 days 08:13:00;0 days 17:10:00;1.0;0.0;1.0;0.0;1.0;0.0;1.0;0.0;0.0;0 days 08:57:00;8.95;0.111731843575419
0471;6025;La Couplais;weekday;0 days 08:02:00;0 days 08:02:00;1.0;0.0;1.0;0.0;0.0;0.0;0.0;0.0;0.0;0 days 00:00:00;0.0;inf
0471;6026;La Couplais;weekday;0 days 12:48:00;0 days 17:18:00;1.0;0.0;0.0;0.0;1.0;0.0;1.0;0.0;0.0;0 days 04:30:00;4.5;0.2222222222222222
0475;2834;Jean-Paul II;weekday;0 days 12:20:00;0 days 17:34:00;1.0;0.0;0.0;0.0;1.0;0.0;1.0;0.0;0.0;0 days 05:14:00;5.233333333333333;0.19108280254777069
0475;2841;Jean-Paul II;weekday;0 days 08:05:00;0 days 08:05:00;1.0;0.0;1.0;0.0;0.0;0.0;0.0;0.0;0.0;0 days 00:00:00;0.0;inf
0475;4502;Gévezé Mairie;weekday;0 days 07:35:00;0 days 07:35:00;1.0;0.0;1.0;0.0;0.0;0.0;0.0;0.0;0.0;0 days 00:00:00;0.0;inf
0475;4503;Flume;weekday;0 days 12:43:00;0 days 17:58:00;1.0;0.0;0.0;0.0;1.0;0.0;1.0;0.0;0.0;0 days 05:15:00;5.25;0.19047619047619047
0475;4504;Flume;weekday;0 days 07:38:00;0 days 07:38:00;1.0;0.0;1.0;0.0;0.0;0.0;0.0;0.0;0.0;0 days 00:00:00;0.0;inf
0475;4505;Gévezé Mairie;weekday;0 days 12:45:00;0 days 18:01:00;1.0;0.0;0.0;0.0;1.0;0.0;1.0;0.0;0.0;0 days 05:16:00;5.266666666666667;0.189873417721519
0475;4507;Cheval Blanc;weekday;0 days 07:28:00;0 days 07:28:00;1.0;0.0;1.0;0.0;0.0;0.0;0.0;0.0;0.0;0 days 00:00:00;0.0;inf
0475;4508;Coualeuc;weekday;0 days 07:30:00;0 days 07:30:00;1.0;0.0;1.0;0.0;0.0;0.0;0.0;0.0;0.0;0 days 00:00:00;0.0;inf
0475;4509;Coualeuc;weekday;0 days 12:48:00;0 days 18:04:00;1.0;0.0;0.0;0.0;1.0;0.0;1.0;0.0;0.0;0 days 05:16:00;5.266666666666667;0.189873417721519
0475;4510;Prés Verts;weekday;0 days 07:32:00;0 days 07:32:00;1.0;0.0;1.0;0.0;0.0;0.0;0.0;0.0;0.0;0 days 00:00:00;0.0;inf
0475;4511;Prés Verts;weekday;0 days 12:47:00;0 days 18:03:00;1.0;0.0;0.0;0.0;1.0;0.0;1.0;0.0;0.0;0 days 05:16:00;5.266666666666667;0.189873417721519
0475;4531;Cheval Blanc;weekday;0 days 12:49:00;0 days 18:05:00;1.0;0.0;0.0;0.0;1.0;0.0;1.0;0.0;0.0;0 days 05:16:00;5.266666666666667;0.189873417721519
0475;4850;Chapelle-Chaussée;weekday;0 days 07:19:00;0 days 07:19:00;1.0;0.0;1.0;0.0;0.0;0.0;0.0;0.0;0.0;0 days 00:00:00;0.0;inf
0475;4851;Chapelle-Chaussée;weekday;0 days 12:59:00;0 days 18:15:00;1.0;0.0;0.0;0.0;1.0;0.0;1.0;0.0;0.0;0 days 05:16:00;5.266666666666667;0.189873417721519
0475;4856;La Croisade;weekday;0 days 07:22:00;0 days 07:22:00;1.0;0.0;1.0;0.0;0.0;0.0;0.0;0.0;0.0;0 days 00:00:00;0.0;inf
0475;4857;La Croisade;weekday;0 days 12:56:00;0 days 18:12:00;1.0;0.0;0.0;0.0;1.0;0.0;1.0;0.0;0.0;0 days 05:16:00;5.266666666666667;0.189873417721519
0482;2727;Pont;weekday;0 days 07:32:00;0 days 07:32:00;1.0;0.0;1.0;0.0;0.0;0.0;0.0;0.0;0.0;0 days 00:00:00;0.0;inf
0482;2732;Pont;weekday;0 days 12:47:00;0 days 17:17:00;1.0;0.0;0.0;0.0;1.0;0.0;1.0;0.0;0.0;0 days 04:30:00;4.5;0.2222222222222222
0482;2733;Deux Rives;weekday;0 days 12:49:00;0 days 17:19:00;1.0;0.0;0.0;0.0;1.0;0.0;1.0;0.0;0.0;0 days 04:30:00;4.5;0.2222222222222222
0482;2734;Deux Rives;weekday;0 days 07:30:00;0 days 07:30:00;1.0;0.0;1.0;0.0;0.0;0.0;0.0;0.0;0.0;0 days 00:00:00;0.0;inf
0482;2747;Lotissement du Moulin;weekday;0 days 12:44:00;0 days 17:14:00;1.0;0.0;0.0;0.0;1.0;0.0;1.0;0.0;0.0;0 days 04:30:00;4.5;0.2222222222222222
0482;2753;Abords Launay;weekday;0 days 12:36:00;0 days 17:06:00;1.0;0.0;0.0;0.0;1.0;0.0;1.0;0.0;0.0;0 days 04:30:00;4.5;0.2222222222222222
0482;2754;Abords Launay;weekday;0 days 07:44:00;0 days 07:44:00;1.0;0.0;1.0;0.0;0.0;0.0;0.0;0.0;0.0;0 days 00:00:00;0.0;inf
0482;2765;Lotissement du Moulin;weekday;0 days 07:35:00;0 days 07:35:00;1.0;0.0;1.0;0.0;0.0;0.0;0.0;0.0;0.0;0 days 00:00:00;0.0;inf
0482;2773;Ise;weekday;0 days 12:51:00;0 days 17:21:00;1.0;0.0;0.0;0.0;1.0;0.0;1.0;0.0;0.0;0 days 04:30:00;4.5;0.2222222222222222
0482;2774;Ise;weekday;0 days 07:28:00;0 days 07:28:00;1.0;0.0;1.0;0.0;0.0;0.0;0.0;0.0;0.0;0 days 00:00:00;0.0;inf
0482;2942;Collège Pôle Sud;weekday;0 days 07:50:00;0 days 17:00:00;1.0;0.0;1.0;0.0;1.0;0.0;1.0;0.0;0.0;0 days 09:10:00;9.166666666666666;0.1090909090909091
0491;3755;Vallée;weekday;0 days 07:37:00;0 days 07:37:00;1.0;0.0;1.0;0.0;0.0;0.0;0.0;0.0;0.0;0 days 00:00:00;0.0;inf
0491;3756;Lion d'Or;weekday;0 days 07:38:00;0 days 07:38:00;1.0;0.0;1.0;0.0;0.0;0.0;0.0;0.0;0.0;0 days 00:00:00;0.0;inf
0491;3757;Vezin Centre;weekday;0 days 07:41:00;0 days 07:41:00;1.0;0.0;1.0;0.0;0.0;0.0;0.0;0.0;0.0;0 days 00:00:00;0.0;inf
0491;3758;Tertre;weekday;0 days 07:44:00;0 days 07:44:00;1.0;0.0;1.0;0.0;0.0;0.0;0.0;0.0;0.0;0 days 00:00:00;0.0;inf
0491;3759;Champ Noël;weekday;0 days 07:46:00;0 days 07:46:00;1.0;0.0;1.0;0.0;0.0;0.0;0.0;0.0;0.0;0 days 00:00:00;0.0;inf
0491;3760;Champ Noël;weekday;0 days 12:33:00;0 days 17:23:00;1.0;0.0;0.0;0.0;1.0;0.0;1.0;0.0;0.0;0 days 04:50:00;4.833333333333333;0.20689655172413796
0491;3761;Tertre;weekday;0 days 12:34:00;0 days 17:24:00;1.0;0.0;0.0;0.0;1.0;0.0;1.0;0.0;0.0;0 days 04:50:00;4.833333333333333;0.20689655172413796
0491;3762;Vezin Centre;weekday;0 days 12:38:00;0 days 17:28:00;1.0;0.0;0.0;0.0;1.0;0.0;1.0;0.0;0.0;0 days 04:50:00;4.833333333333333;0.20689655172413796
0491;3763;Lion d'Or;weekday;0 days 12:39:00;0 days 17:29:00;1.0;0.0;0.0;0.0;1.0;0.0;1.0;0.0;0.0;0 days 04:50:00;4.833333333333333;0.20689655172413796
0491;3764;Vallée;weekday;0 days 12:40:00;0 days 17:30:00;1.0;0.0;0.0;0.0;1.0;0.0;1.0;0.0;0.0;0 days 04:50:00;4.833333333333333;0.20689655172413796
0491;3770;Champs Bleus;weekday;0 days 07:43:00;0 days 07:43:00;1.0;0.0;1.0;0.0;0.0;0.0;0.0;0.0;0.0;0 days 00:00:00;0.0;inf
0491;3771;Champs Bleus;weekday;0 days 12:36:00;0 days 17:26:00;1.0;0.0;0.0;0.0;1.0;0.0;1.0;0.0;0.0;0 days 04:50:00;4.833333333333333;0.20689655172413796
0507;4801;Bécherel Centre;weekday;0 days 06:47:00;0 days 21:07:00;6.333333333333333;1.0;1.0;3.0;0.0;3.0;1.0;1.0;0.0;0 days 14:20:00;14.333333333333334;0.441860465116279
0507;4801;Bécherel Centre;weekend;0 days 09:48:00;0 days 19:31:00;6.0;0.0;1.0;2.5;0.0;3.0;1.0;0.0;0.0;0 days 09:43:00;9.716666666666667;0.6174957118353345
0510;2282;Saint-Jacques - Gaîté;weekday;0 days 07:00:00;0 days 19:55:00;16.333333333333332;0.0;8.0;2.0;3.0;3.0;7.0;0.0;0.0;0 days 12:55:00;12.916666666666666;1.264516129032258
0510;2282;Saint-Jacques - Gaîté;weekend;0 days 08:35:00;0 days 19:40:00;15.0;0.0;2.0;1.0;5.0;1.0;6.0;0.0;0.0;0 days 11:05:00;11.083333333333334;1.3533834586466165
0510;2327;Pont-Réan;weekday;0 days 06:41:00;0 days 18:26:00;12.0;1.0;5.0;1.0;2.0;1.0;2.0;0.0;0.0;0 days 11:45:00;11.75;1.0212765957446808
0510;2327;Pont-Réan;weekend;0 days 08:11:00;0 days 18:31:00;8.0;0.0;2.0;2.0;2.0;0.0;2.0;0.0;0.0;0 days 10:20:00;10.333333333333334;0.7741935483870968
0510;2329;Croix Vaisserelle;weekday;0 days 07:53:00;0 days 20:13:00;8.333333333333334;0.0;2.0;1.0;1.6666666666666667;2.0;4.0;1.0;0.0;0 days 12:20:00;12.333333333333334;0.6756756756756757
0510;2329;Croix Vaisserelle;weekend;0 days 12:58:00;0 days 19:58:00;7.0;0.0;0.0;0.0;2.0;1.0;4.0;0.0;0.0;0 days 07:00:00;7.0;1.0
0510;2330;Rabine;weekday;0 days 06:45:00;0 days 18:30:00;12.0;1.0;5.0;1.0;2.0;1.0;2.0;0.0;0.0;0 days 11:45:00;11.75;1.0212765957446808
0510;2330;Rabine;weekend;0 days 08:15:00;0 days 18:35:00;8.0;0.0;2.0;2.0;2.0;0.0;2.0;0.0;0.0;0 days 10:20:00;10.333333333333334;0.7741935483870968
0510;2345;Rabine;weekday;0 days 07:50:00;0 days 20:10:00;8.333333333333334;0.0;2.0;1.0;1.6666666666666667;2.0;4.0;1.0;0.0;0 days 12:20:00;12.333333333333334;0.6756756756756757
0510;2345;Rabine;weekend;0 days 12:55:00;0 days 19:55:00;7.0;0.0;0.0;0.0;2.0;1.0;4.0;0.0;0.0;0 days 07:00:00;7.0;1.0
0510;2346;Croix Vaisserelle;weekday;0 days 06:42:00;0 days 18:27:00;12.0;1.0;5.0;1.0;2.0;1.0;2.0;0.0;0.0;0 days 11:45:00;11.75;1.0212765957446808
0510;2346;Croix Vaisserelle;weekend;0 days 08:12:00;0 days 18:32:00;8.0;0.0;2.0;2.0;2.0;0.0;2.0;0.0;0.0;0 days 10:20:00;10.333333333333334;0.7741935483870968
0510;2347;Pont-Réan;weekday;0 days 07:54:00;0 days 20:14:00;8.333333333333334;0.0;2.0;1.0;1.6666666666666667;2.0;4.0;1.0;0.0;0 days 12:20:00;12.333333333333334;0.6756756756756757
0510;2347;Pont-Réan;weekend;0 days 12:59:00;0 days 19:59:00;7.0;0.0;0.0;0.0;2.0;1.0;4.0;0.0;0.0;0 days 07:00:00;7.0;1.0
0804;2216;Pressoirs;weekday;0 days 04:51:45;0 days 04:52:00;1.0;0.0;0.0;0.0;0.0;0.0;0.0;0.0;1.0;0 days 00:00:15;0.004166666666666667;240.0
0804;2218;Saint-Yves;weekday;0 days 04:50:00;0 days 04:50:00;1.0;0.0;0.0;0.0;0.0;0.0;0.0;0.0;1.0;0 days 00:00:00;0.0;inf
0804;2219;Pilate;weekday;0 days 04:49:00;0 days 04:49:16;1.0;0.0;0.0;0.0;0.0;0.0;0.0;0.0;1.0;0 days 00:00:16;0.0044444444444444444;225.0
0804;2228;Pigeon Blanc;weekday;0 days 04:51:00;0 days 04:51:00;1.0;0.0;0.0;0.0;0.0;0.0;0.0;0.0;1.0;0 days 00:00:00;0.0;inf
0804;2262;Vallon;weekday;0 days 04:56:34;0 days 04:57:00;1.0;0.0;0.0;0.0;0.0;0.0;0.0;0.0;1.0;0 days 00:00:26;0.007222222222222222;138.46153846153848
0804;2704;Janais;weekday;0 days 05:00:00;0 days 05:00:00;3.0;3.0;0.0;0.0;0.0;0.0;0.0;0.0;0.0;0 days 00:00:00;0.0;inf
0806;2003;Cesson Hôpital Privé;weekend;0 days 19:29:00;0 days 21:29:19;1.0;0.0;0.0;0.0;0.0;0.0;1.0;1.0;0.0;0 days 02:00:19;2.0052777777777777;0.4986840282587616
0806;2019;Champs Péans;weekend;0 days 19:18:00;0 days 21:18:12;1.0;0.0;0.0;0.0;0.0;0.0;1.0;1.0;0.0;0 days 02:00:12;2.0033333333333334;0.49916805324459235
0806;2020;Taillis;weekend;0 days 19:19:00;0 days 21:19:05;1.0;0.0;0.0;0.0;0.0;0.0;1.0;1.0;0.0;0 days 02:00:05;2.001388888888889;0.49965301873698814
0806;2021;Hublais;weekend;0 days 19:20:00;0 days 21:20:19;1.0;0.0;0.0;0.0;0.0;0.0;1.0;1.0;0.0;0 days 02:00:19;2.0052777777777777;0.4986840282587616
0806;2022;Sports et Nature;weekend;0 days 19:21:00;0 days 21:21:00;1.0;0.0;0.0;0.0;0.0;0.0;1.0;1.0;0.0;0 days 02:00:00;2.0;0.5
0806;2023;Vilaine;weekend;0 days 19:22:00;0 days 21:21:39;1.0;0.0;0.0;0.0;0.0;0.0;1.0;1.0;0.0;0 days 01:59:39;1.9941666666666666;0.5014625992478061
0806;2024;Muguet;weekend;0 days 19:23:00;0 days 21:23:05;1.0;0.0;0.0;0.0;0.0;0.0;1.0;1.0;0.0;0 days 02:00:05;2.001388888888889;0.49965301873698814
0806;2025;Maison d'Accueil;weekend;0 days 19:24:00;0 days 21:24:20;1.0;0.0;0.0;0.0;0.0;0.0;1.0;1.0;0.0;0 days 02:00:20;2.0055555555555555;0.4986149584487535
0806;2026;Mare Pavée;weekend;0 days 19:25:00;0 days 21:25:01;1.0;0.0;0.0;0.0;0.0;0.0;1.0;1.0;0.0;0 days 02:00:01;2.000277777777778;0.49993056519927787
0806;2027;Fontenelle;weekend;0 days 19:26:00;0 days 21:25:52;1.0;0.0;0.0;0.0;0.0;0.0;1.0;1.0;0.0;0 days 01:59:52;1.9977777777777779;0.5005561735261401
0806;2028;La Coulée;weekend;0 days 19:27:00;0 days 21:26:58;1.0;0.0;0.0;0.0;0.0;0.0;1.0;1.0;0.0;0 days 01:59:58;1.9994444444444444;0.5001389274798556
0806;2029;Bourgchevreuil;weekend;0 days 19:28:00;0 days 21:28:00;1.0;0.0;0.0;0.0;0.0;0.0;1.0;1.0;0.0;0 days 02:00:00;2.0;0.5
0806;2041;Cesson Collège;weekend;0 days 19:28:00;0 days 21:28:27;1.0;0.0;0.0;0.0;0.0;0.0;1.0;1.0;0.0;0 days 02:00:27;2.0075;0.4981320049813201
0806;2051;Chalotais;weekend;0 days 19:29:00;0 days 21:29:25;1.0;0.0;0.0;0.0;0.0;0.0;1.0;1.0;0.0;0 days 02:00:25;2.0069444444444446;0.4982698961937716
0806;2072;Calendrou;weekend;0 days 19:34:00;0 days 21:34:00;1.0;0.0;0.0;0.0;0.0;0.0;1.0;1.0;0.0;0 days 02:00:00;2.0;0.5
0806;2073;Victoire;weekend;0 days 19:35:00;0 days 21:35:12;1.0;0.0;0.0;0.0;0.0;0.0;1.0;1.0;0.0;0 days 02:00:12;2.0033333333333334;0.49916805324459235
0806;2086;Bordage;weekend;0 days 19:30:00;0 days 21:29:49;1.0;0.0;0.0;0.0;0.0;0.0;1.0;1.0;0.0;0 days 01:59:49;1.9969444444444444;0.500765057727083
0806;2089;Rigourdière;weekend;0 days 19:31:00;0 days 21:31:00;1.0;0.0;0.0;0.0;0.0;0.0;1.0;1.0;0.0;0 days 02:00:00;2.0;0.5
0806;2112;Chêne Germain;weekend;0 days 19:31:00;0 days 21:30:38;1.0;0.0;0.0;0.0;0.0;0.0;1.0;1.0;0.0;0 days 01:59:38;1.9938888888888888;0.5015324602953469
0806;2115;Château de Vaux;weekend;0 days 19:33:00;0 days 21:33:10;1.0;0.0;0.0;0.0;0.0;0.0;1.0;1.0;0.0;0 days 02:00:10;2.0027777777777778;0.49930651872399445
0806;2138;Cesson - Viasilva;weekend;0 days 19:32:00;0 days 21:32:00;1.0;0.0;0.0;0.0;0.0;0.0;1.0;1.0;0.0;0 days 02:00:00;2.0;0.5
0806;2152;Touche Lambert;weekend;0 days 19:33:00;0 days 21:32:41;1.0;0.0;0.0;0.0;0.0;0.0;1.0;1.0;0.0;0 days 01:59:41;1.9947222222222223;0.5013229355243002
0806;2207;Lilas;weekend;0 days 19:20:00;0 days 21:19:43;1.0;0.0;0.0;0.0;0.0;0.0;1.0;1.0;0.0;0 days 01:59:43;1.9952777777777777;0.5011833495753863
0806;2208;Commeurec;weekend;0 days 19:19:00;0 days 21:18:51;1.0;0.0;0.0;0.0;0.0;0.0;1.0;1.0;0.0;0 days 01:59:51;1.9975;0.5006257822277848
0806;2211;Maltière;weekend;0 days 19:22:00;0 days 21:21:59;1.0;0.0;0.0;0.0;0.0;0.0;1.0;1.0;0.0;0 days 01:59:59;1.9997222222222222;0.5000694540908459
0806;2233;Abbé Grimault;weekend;0 days 19:25:00;0 days 21:25:00;1.0;0.0;0.0;0.0;0.0;0.0;1.0;1.0;0.0;0 days 02:00:00;2.0;0.5
0806;2241;St-Jacques Mairie;weekend;0 days 19:23:00;0 days 21:22:56;1.0;0.0;0.0;0.0;0.0;0.0;1.0;1.0;0.0;0 days 01:59:56;1.998888888888889;0.500277932184547
0806;2242;Centre Météo;weekend;0 days 19:27:00;0 days 21:27:00;1.0;0.0;0.0;0.0;0.0;0.0;1.0;1.0;0.0;0 days 02:00:00;2.0;0.5
0806;2243;Aire Libre;weekend;0 days 19:26:00;0 days 21:26:01;1.0;0.0;0.0;0.0;0.0;0.0;1.0;1.0;0.0;0 days 02:00:01;2.000277777777778;0.49993056519927787
0806;2244;Parc Expo;weekend;0 days 19:28:00;0 days 21:28:18;1.0;0.0;0.0;0.0;0.0;0.0;1.0;1.0;0.0;0 days 02:00:18;2.005;0.49875311720698257
0806;2245;Haut Bois;weekend;0 days 19:23:00;0 days 21:23:19;1.0;0.0;0.0;0.0;0.0;0.0;1.0;1.0;0.0;0 days 02:00:19;2.0052777777777777;0.4986840282587616
0806;2278;Saint-Jacques - Gaîté;weekend;0 days 19:21:00;0 days 21:21:12;1.0;0.0;0.0;0.0;0.0;0.0;1.0;1.0;0.0;0 days 02:00:12;2.0033333333333334;0.49916805324459235
0806;2281;Saint-Jacques - Gaîté;weekend;0 days 19:21:00;0 days 21:21:00;1.0;0.0;0.0;0.0;0.0;0.0;1.0;1.0;0.0;0 days 02:00:00;2.0;0.5
0806;2288;Jules Vallès;weekend;0 days 19:27:00;0 days 21:27:28;1.0;0.0;0.0;0.0;0.0;0.0;1.0;1.0;0.0;0 days 02:00:28;2.0077777777777777;0.49806308799114557
0806;2305;Vert Buisson;weekend;0 days 19:37:00;0 days 21:36:34;1.0;0.0;0.0;0.0;0.0;0.0;1.0;1.0;0.0;0 days 01:59:34;1.9927777777777778;0.5018120992472819
0806;2309;Ker Lann;weekend;0 days 19:33:00;0 days 21:33:00;1.0;0.0;0.0;0.0;0.0;0.0;1.0;1.0;0.0;0 days 02:00:00;2.0;0.5
0806;2315;Lande du Pont;weekend;0 days 19:30:00;0 days 21:30:00;1.0;0.0;0.0;0.0;0.0;0.0;1.0;1.0;0.0;0 days 02:00:00;2.0;0.5
0806;2316;Etangs;weekend;0 days 19:31:00;0 days 21:30:55;1.0;0.0;0.0;0.0;0.0;0.0;1.0;1.0;0.0;0 days 01:59:55;1.9986111111111111;0.5003474635163307
0806;2317;Coeur de Campus;weekend;0 days 19:32:00;0 days 21:31:37;1.0;0.0;0.0;0.0;0.0;0.0;1.0;1.0;0.0;0 days 01:59:37;1.993611111111111;0.5016023408109238
0806;2320;Croix Madame;weekend;0 days 19:34:00;0 days 21:34:23;1.0;0.0;0.0;0.0;0.0;0.0;1.0;1.0;0.0;0 days 02:00:23;2.006388888888889;0.4984078637685172
0806;2321;Gavrinis;weekend;0 days 19:36:00;0 days 21:36:00;1.0;0.0;0.0;0.0;0.0;0.0;1.0;1.0;0.0;0 days 02:00:00;2.0;0.5
0806;2331;Noë;weekend;0 days 19:38:00;0 days 21:38:24;1.0;0.0;0.0;0.0;0.0;0.0;1.0;1.0;0.0;0 days 02:00:24;2.006666666666667;0.4983388704318937
0806;2332;Epalet;weekend;0 days 19:39:00;0 days 21:39:16;1.0;0.0;0.0;0.0;0.0;0.0;1.0;1.0;0.0;0 days 02:00:16;2.0044444444444443;0.4988913525498892
0806;2334;Pasteur;weekend;0 days 19:41:00;0 days 21:41:25;1.0;0.0;0.0;0.0;0.0;0.0;1.0;1.0;0.0;0 days 02:00:25;2.0069444444444446;0.4982698961937716
0806;2335;Bobinais;weekend;0 days 19:42:00;0 days 21:42:00;1.0;0.0;0.0;0.0;0.0;0.0;1.0;1.0;0.0;0 days 02:00:00;2.0;0.5
0806;2336;Champ Niguel;weekend;0 days 19:43:00;0 days 21:42:39;1.0;0.0;0.0;0.0;0.0;0.0;1.0;1.0;0.0;0 days 01:59:39;1.9941666666666666;0.5014625992478061
0806;2337;Lavoisier;weekend;0 days 19:43:00;0 days 21:43:05;1.0;0.0;0.0;0.0;0.0;0.0;1.0;1.0;0.0;0 days 02:00:05;2.001388888888889;0.49965301873698814
0806;2353;Victor Hugo;weekend;0 days 19:41:00;0 days 21:40:35;1.0;0.0;0.0;0.0;0.0;0.0;1.0;1.0;0.0;0 days 01:59:35;1.9930555555555556;0.5017421602787456
0806;2359;Doublé;weekend;0 days 19:44:00;0 days 21:44:21;1.0;0.0;0.0;0.0;0.0;0.0;1.0;1.0;0.0;0 days 02:00:21;2.0058333333333334;0.49854590776900704
0806;2374;Châteliers;weekend;0 days 19:38:00;0 days 21:38:00;1.0;0.0;0.0;0.0;0.0;0.0;1.0;1.0;0.0;0 days 02:00:00;2.0;0.5
0806;2377;Corbières;weekend;0 days 19:35:00;0 days 21:35:11;1.0;0.0;0.0;0.0;0.0;0.0;1.0;1.0;0.0;0 days 02:00:11;2.0030555555555556;0.4992372763833033
0806;2401;Champ Devant;weekend;0 days 19:55:00;0 days 21:55:00;1.0;0.0;0.0;0.0;0.0;0.0;1.0;1.0;0.0;0 days 02:00:00;2.0;0.5
0806;2412;Betton Vallée;weekend;0 days 19:45:00;0 days 21:44:43;1.0;0.0;0.0;0.0;0.0;0.0;1.0;1.0;0.0;0 days 01:59:43;1.9952777777777777;0.5011833495753863
0806;2413;Enseigne Abbaye;weekend;0 days 19:46:00;0 days 21:46:00;1.0;0.0;0.0;0.0;0.0;0.0;1.0;1.0;0.0;0 days 02:00:00;2.0;0.5
0806;2418;Betton Mairie;weekend;0 days 19:50:00;0 days 21:50:23;1.0;0.0;0.0;0.0;0.0;0.0;1.0;1.0;0.0;0 days 02:00:23;2.006388888888889;0.4984078637685172
0806;2419;Trégor;weekend;0 days 19:52:00;0 days 21:51:41;1.0;0.0;0.0;0.0;0.0;0.0;1.0;1.0;0.0;0 days 01:59:41;1.9947222222222223;0.5013229355243002
0806;2420;Brocéliande;weekend;0 days 19:53:00;0 days 21:53:09;1.0;0.0;0.0;0.0;0.0;0.0;1.0;1.0;0.0;0 days 02:00:09;2.0025;0.4993757802746567
0806;2421;Omblais;weekend;0 days 19:54:00;0 days 21:53:53;1.0;0.0;0.0;0.0;0.0;0.0;1.0;1.0;0.0;0 days 01:59:53;1.9980555555555555;0.500486584179063
0806;2436;Betton Rue de Rennes;weekend;0 days 19:48:00;0 days 21:47:51;1.0;0.0;0.0;0.0;0.0;0.0;1.0;1.0;0.0;0 days 01:59:51;1.9975;0.5006257822277848
0806;2437;Betton Centre;weekend;0 days 19:50:00;0 days 21:50:00;1.0;0.0;0.0;0.0;0.0;0.0;1.0;1.0;0.0;0 days 02:00:00;2.0;0.5
0806;2511;Plessix Saucourt;weekend;0 days 19:04:00;0 days 21:04:06;1.0;0.0;0.0;0.0;0.0;0.0;1.0;1.0;0.0;0 days 02:00:06;2.0016666666666665;0.4995836802664447
0806;2512;Pont d'Avoine;weekend;0 days 19:06:00;0 days 21:05:51;1.0;0.0;0.0;0.0;0.0;0.0;1.0;1.0;0.0;0 days 01:59:51;1.9975;0.5006257822277848
0806;2513;Les Pins;weekend;0 days 19:07:00;0 days 21:07:00;1.0;0.0;0.0;0.0;0.0;0.0;1.0;1.0;0.0;0 days 02:00:00;2.0;0.5
0806;2514;Barberais;weekend;0 days 19:08:00;0 days 21:07:44;1.0;0.0;0.0;0.0;0.0;0.0;1.0;1.0;0.0;0 days 01:59:44;1.9955555555555555;0.5011135857461024
0806;2515;Genêts;weekend;0 days 19:09:00;0 days 21:09:00;1.0;0.0;0.0;0.0;0.0;0.0;1.0;1.0;0.0;0 days 02:00:00;2.0;0.5
0806;2516;Bouleaux;weekend;0 days 19:10:00;0 days 21:10:08;1.0;0.0;0.0;0.0;0.0;0.0;1.0;1.0;0.0;0 days 02:00:08;2.002222222222222;0.4994450610432853
0806;2517;L'Autre Lieu;weekend;0 days 19:11:00;0 days 21:10:58;1.0;0.0;0.0;0.0;0.0;0.0;1.0;1.0;0.0;0 days 01:59:58;1.9994444444444444;0.5001389274798556
0806;2519;Lycée Monod;weekend;0 days 19:13:00;0 days 21:13:00;1.0;0.0;0.0;0.0;0.0;0.0;1.0;1.0;0.0;0 days 02:00:00;2.0;0.5
0806;2605;Fosse Gauchère;weekend;0 days 19:36:00;0 days 21:36:02;1.0;0.0;0.0;0.0;0.0;0.0;1.0;1.0;0.0;0 days 02:00:02;2.0005555555555556;0.49986114968064427
0806;2612;Hallerais;weekend;0 days 19:30:00;0 days 21:30:00;1.0;0.0;0.0;0.0;0.0;0.0;1.0;1.0;0.0;0 days 02:00:00;2.0;0.5
0806;2613;Garenne;weekend;0 days 19:31:00;0 days 21:30:54;1.0;0.0;0.0;0.0;0.0;0.0;1.0;1.0;0.0;0 days 01:59:54;1.9983333333333333;0.5004170141784821
0806;2614;Val d'Orson;weekend;0 days 19:32:00;0 days 21:31:44;1.0;0.0;0.0;0.0;0.0;0.0;1.0;1.0;0.0;0 days 01:59:44;1.9955555555555555;0.5011135857461024
0806;2615;Bretonnière;weekend;0 days 19:33:00;0 days 21:33:00;1.0;0.0;0.0;0.0;0.0;0.0;1.0;1.0;0.0;0 days 02:00:00;2.0;0.5
0806;2616;Haute Abbaye;weekend;0 days 19:34:00;0 days 21:34:22;1.0;0.0;0.0;0.0;0.0;0.0;1.0;1.0;0.0;0 days 02:00:22;2.006111111111111;0.4984768762115757
0806;2618;Croix Rouge;weekend;0 days 19:37:00;0 days 21:37:00;1.0;0.0;0.0;0.0;0.0;0.0;1.0;1.0;0.0;0 days 02:00:00;2.0;0.5
0806;2632;Moulin;weekend;0 days 19:40:00;0 days 21:40:00;1.0;0.0;0.0;0.0;0.0;0.0;1.0;1.0;0.0;0 days 02:00:00;2.0;0.5
0806;2633;Maillardière;weekend;0 days 19:39:00;0 days 21:39:21;1.0;0.0;0.0;0.0;0.0;0.0;1.0;1.0;0.0;0 days 02:00:21;2.0058333333333334;0.49854590776900704
0806;2634;Vern Eglise;weekend;0 days 19:38:00;0 days 21:37:48;1.0;0.0;0.0;0.0;0.0;0.0;1.0;1.0;0.0;0 days 01:59:48;1.9966666666666666;0.5008347245409015
0806;2637;Solidor;weekend;0 days 19:35:00;0 days 21:35:00;1.0;0.0;0.0;0.0;0.0;0.0;1.0;1.0;0.0;0 days 02:00:00;2.0;0.5
0806;2715;Hil-Bintinais;weekend;0 days 19:25:00;0 days 21:25:00;1.0;0.0;0.0;0.0;0.0;0.0;1.0;1.0;0.0;0 days 02:00:00;2.0;0.5
0806;2716;Petit Beaulieu;weekend;0 days 19:28:00;0 days 21:27:52;1.0;0.0;0.0;0.0;0.0;0.0;1.0;1.0;0.0;0 days 01:59:52;1.9977777777777779;0.5005561735261401
0806;2717;Mail Lancé;weekend;0 days 19:29:00;0 days 21:29:15;1.0;0.0;0.0;0.0;0.0;0.0;1.0;1.0;0.0;0 days 02:00:15;2.004166666666667;0.49896049896049893
0806;2718;Croix Fleurie;weekend;0 days 19:31:00;0 days 21:31:18;1.0;0.0;0.0;0.0;0.0;0.0;1.0;1.0;0.0;0 days 02:00:18;2.005;0.49875311720698257
0806;2724;Bray;weekend;0 days 19:38:00;0 days 21:37:49;1.0;0.0;0.0;0.0;0.0;0.0;1.0;1.0;0.0;0 days 01:59:49;1.9969444444444444;0.500765057727083
0806;2730;Croix de Pierre;weekend;0 days 19:34:00;0 days 21:34:00;1.0;0.0;0.0;0.0;0.0;0.0;1.0;1.0;0.0;0 days 02:00:00;2.0;0.5
0806;2731;Centre;weekend;0 days 19:35:00;0 days 21:34:51;1.0;0.0;0.0;0.0;0.0;0.0;1.0;1.0;0.0;0 days 01:59:51;1.9975;0.5006257822277848
0806;2732;Pont;weekend;0 days 19:36:00;0 days 21:36:00;1.0;0.0;0.0;0.0;0.0;0.0;1.0;1.0;0.0;0 days 02:00:00;2.0;0.5
0806;2733;Deux Rives;weekend;0 days 19:37:00;0 days 21:36:51;1.0;0.0;0.0;0.0;0.0;0.0;1.0;1.0;0.0;0 days 01:59:51;1.9975;0.5006257822277848
0806;2773;Ise;weekend;0 days 19:37:00;0 days 21:37:14;1.0;0.0;0.0;0.0;0.0;0.0;1.0;1.0;0.0;0 days 02:00:14;2.003888888888889;0.4990296645411699
0806;2814;CHP Saint-Grégoire;weekend;0 days 19:31:00;0 days 21:30:45;1.0;0.0;0.0;0.0;0.0;0.0;1.0;1.0;0.0;0 days 01:59:45;1.9958333333333333;0.5010438413361169
0806;2816;La Plesse;weekend;0 days 19:29:00;0 days 21:29:23;1.0;0.0;0.0;0.0;0.0;0.0;1.0;1.0;0.0;0 days 02:00:23;2.006388888888889;0.4984078637685172
0806;2818;Haut Trait;weekend;0 days 19:32:00;0 days 21:31:48;1.0;0.0;0.0;0.0;0.0;0.0;1.0;1.0;0.0;0 days 01:59:48;1.9966666666666666;0.5008347245409015
0806;2819;Forge;weekend;0 days 19:33:00;0 days 21:33:00;1.0;0.0;0.0;0.0;0.0;0.0;1.0;1.0;0.0;0 days 02:00:00;2.0;0.5
0806;2822;Discalceat;weekend;0 days 19:34:00;0 days 21:33:57;1.0;0.0;0.0;0.0;0.0;0.0;1.0;1.0;0.0;0 days 01:59:57;1.9991666666666668;0.5002084201750729
0806;2824;Vivier Louis;weekend;0 days 19:36:00;0 days 21:35:43;1.0;0.0;0.0;0.0;0.0;0.0;1.0;1.0;0.0;0 days 01:59:43;1.9952777777777777;0.5011833495753863
0806;2825;Camus;weekend;0 days 19:37:00;0 days 21:36:38;1.0;0.0;0.0;0.0;0.0;0.0;1.0;1.0;0.0;0 days 01:59:38;1.9938888888888888;0.5015324602953469
0806;2830;Grand Quartier;weekend;0 days 19:16:00;0 days 21:16:00;1.0;0.0;0.0;0.0;0.0;0.0;1.0;1.0;0.0;0 days 02:00:00;2.0;0.5
0806;2834;Jean-Paul II;weekend;0 days 19:41:00;0 days 21:41:12;1.0;0.0;0.0;0.0;0.0;0.0;1.0;1.0;0.0;0 days 02:00:12;2.0033333333333334;0.49916805324459235
0806;2836;Uttenreuth;weekend;0 days 19:35:00;0 days 21:34:43;1.0;0.0;0.0;0.0;0.0;0.0;1.0;1.0;0.0;0 days 01:59:43;1.9952777777777777;0.5011833495753863
0806;2843;Nobel;weekend;0 days 19:39:00;0 days 21:38:45;1.0;0.0;0.0;0.0;0.0;0.0;1.0;1.0;0.0;0 days 01:59:45;1.9958333333333333;0.5010438413361169
0806;2844;Champ Daguet;weekend;0 days 19:40:00;0 days 21:40:00;1.0;0.0;0.0;0.0;0.0;0.0;1.0;1.0;0.0;0 days 02:00:00;2.0;0.5
0806;2846;Ricoquais;weekend;0 days 19:38:00;0 days 21:37:38;1.0;0.0;0.0;0.0;0.0;0.0;1.0;1.0;0.0;0 days 01:59:38;1.9938888888888888;0.5015324602953469
0806;2860;Robiquette;weekend;0 days 19:16:00;0 days 21:16:29;1.0;0.0;0.0;0.0;0.0;0.0;1.0;1.0;0.0;0 days 02:00:29;2.0080555555555555;0.49799419006778256
0806;2907;Croix aux Potiers;weekend;0 days 19:47:00;0 days 21:47:00;1.0;0.0;0.0;0.0;0.0;0.0;1.0;1.0;0.0;0 days 02:00:00;2.0;0.5
0806;2918;Callouët;weekend;0 days 19:48:00;0 days 21:48:00;1.0;0.0;0.0;0.0;0.0;0.0;1.0;1.0;0.0;0 days 02:00:00;2.0;0.5
0806;2919;Chartres Centre;weekend;0 days 19:49:00;0 days 21:49:00;1.0;0.0;0.0;0.0;0.0;0.0;1.0;1.0;0.0;0 days 02:00:00;2.0;0.5
0806;2920;Auditoire;weekend;0 days 19:50:00;0 days 21:49:51;1.0;0.0;0.0;0.0;0.0;0.0;1.0;1.0;0.0;0 days 01:59:51;1.9975;0.5006257822277848
0806;2921;Collège Pôle Sud;weekend;0 days 19:51:00;0 days 21:50:39;1.0;0.0;0.0;0.0;0.0;0.0;1.0;1.0;0.0;0 days 01:59:39;1.9941666666666666;0.5014625992478061
0806;2922;Vieux Bourg;weekend;0 days 19:52:00;0 days 21:52:11;1.0;0.0;0.0;0.0;0.0;0.0;1.0;1.0;0.0;0 days 02:00:11;2.0030555555555556;0.4992372763833033
0806;2923;Cornouaille;weekend;0 days 19:53:00;0 days 21:53:03;1.0;0.0;0.0;0.0;0.0;0.0;1.0;1.0;0.0;0 days 02:00:03;2.0008333333333335;0.4997917534360683
0806;2924;Argoat;weekend;0 days 19:54:00;0 days 21:54:09;1.0;0.0;0.0;0.0;0.0;0.0;1.0;1.0;0.0;0 days 02:00:09;2.0025;0.4993757802746567
0806;2927;Parc de Loisirs;weekend;0 days 19:55:00;0 days 21:55:00;1.0;0.0;0.0;0.0;0.0;0.0;1.0;1.0;0.0;0 days 02:00:00;2.0;0.5
0806;2930;Constant Mérel;weekend;0 days 19:56:00;0 days 21:56:00;1.0;0.0;0.0;0.0;0.0;0.0;1.0;1.0;0.0;0 days 02:00:00;2.0;0.5
0806;2945;Ferme des Peupliers;weekend;0 days 19:57:00;0 days 21:56:42;1.0;0.0;0.0;0.0;0.0;0.0;1.0;1.0;0.0;0 days 01:59:42;1.995;0.5012531328320802
0806;3001;Gériatrie;weekend;0 days 19:36:00;0 days 21:36:00;1.0;0.0;0.0;0.0;0.0;0.0;1.0;1.0;0.0;0 days 02:00:00;2.0;0.5
0806;3008;Loges;weekend;0 days 19:30:00;0 days 21:30:00;1.0;0.0;0.0;0.0;0.0;0.0;1.0;1.0;0.0;0 days 02:00:00;2.0;0.5
0806;3009;Chantepie Mairie;weekend;0 days 19:32:00;0 days 21:32:06;1.0;0.0;0.0;0.0;0.0;0.0;1.0;1.0;0.0;0 days 02:00:06;2.0016666666666665;0.4995836802664447
0806;3013;Deux Ruisseaux;weekend;0 days 19:34:00;0 days 21:34:18;1.0;0.0;0.0;0.0;0.0;0.0;1.0;1.0;0.0;0 days 02:00:18;2.005;0.49875311720698257
0806;3025;Martinière;weekend;0 days 19:29:00;0 days 21:28:49;1.0;0.0;0.0;0.0;0.0;0.0;1.0;1.0;0.0;0 days 01:59:49;1.9969444444444444;0.500765057727083
0806;3028;Rosa Parks;weekend;0 days 19:38:00;0 days 21:38:00;1.0;0.0;0.0;0.0;0.0;0.0;1.0;1.0;0.0;0 days 02:00:00;2.0;0.5
0806;3029;Touche Annette;weekend;0 days 19:37:00;0 days 21:37:05;1.0;0.0;0.0;0.0;0.0;0.0;1.0;1.0;0.0;0 days 02:00:05;2.001388888888889;0.49965301873698814
0806;3038;Chantepie Eglise;weekend;0 days 19:33:00;0 days 21:33:08;1.0;0.0;0.0;0.0;0.0;0.0;1.0;1.0;0.0;0 days 02:00:08;2.002222222222222;0.4994450610432853
0806;3105;Pinault;weekend;0 days 19:17:00;0 days 21:16:58;1.0;0.0;0.0;0.0;0.0;0.0;1.0;1.0;0.0;0 days 01:59:58;1.9994444444444444;0.5001389274798556
0806;3120;Touche Milon;weekend;0 days 19:18:00;0 days 21:17:38;1.0;0.0;0.0;0.0;0.0;0.0;1.0;1.0;0.0;0 days 01:59:38;1.9938888888888888;0.5015324602953469
0806;3121;Docteur Léon;weekend;0 days 19:18:00;0 days 21:18:15;1.0;0.0;0.0;0.0;0.0;0.0;1.0;1.0;0.0;0 days 02:00:15;2.004166666666667;0.49896049896049893
0806;3122;Pie Neuve;weekend;0 days 19:19:00;0 days 21:19:00;1.0;0.0;0.0;0.0;0.0;0.0;1.0;1.0;0.0;0 days 02:00:00;2.0;0.5
0806;3135;Nominoë;weekend;0 days 19:15:00;0 days 21:15:00;1.0;0.0;0.0;0.0;0.0;0.0;1.0;1.0;0.0;0 days 02:00:00;2.0;0.5
0806;3216;Plardière;weekend;0 days 19:46:00;0 days 21:46:08;1.0;0.0;0.0;0.0;0.0;0.0;1.0;1.0;0.0;0 days 02:00:08;2.002222222222222;0.4994450610432853
0806;3217;Levant;weekend;0 days 19:48:00;0 days 21:48:00;1.0;0.0;0.0;0.0;0.0;0.0;1.0;1.0;0.0;0 days 02:00:00;2.0;0.5
0806;3218;Groupe Scolaire;weekend;0 days 19:49:00;0 days 21:49:06;1.0;0.0;0.0;0.0;0.0;0.0;1.0;1.0;0.0;0 days 02:00:06;2.0016666666666665;0.4995836802664447
0806;3219;Coteau;weekend;0 days 19:50:00;0 days 21:50:00;1.0;0.0;0.0;0.0;0.0;0.0;1.0;1.0;0.0;0 days 02:00:00;2.0;0.5
0806;3220;Surcouf;weekend;0 days 19:51:00;0 days 21:51:06;1.0;0.0;0.0;0.0;0.0;0.0;1.0;1.0;0.0;0 days 02:00:06;2.0016666666666665;0.4995836802664447
0806;3249;Orgerblon;weekend;0 days 19:45:00;0 days 21:45:00;1.0;0.0;0.0;0.0;0.0;0.0;1.0;1.0;0.0;0 days 02:00:00;2.0;0.5
0806;3257;Haye Longue;weekend;0 days 19:47:00;0 days 21:47:04;1.0;0.0;0.0;0.0;0.0;0.0;1.0;1.0;0.0;0 days 02:00:04;2.0011111111111113;0.49972237645752354
0806;3259;Ormes Blanches;weekend;0 days 19:52:00;0 days 21:52:00;1.0;0.0;0.0;0.0;0.0;0.0;1.0;1.0;0.0;0 days 02:00:00;2.0;0.5
0806;3302;Thorigné Mairie;weekend;0 days 19:44:00;0 days 21:44:00;1.0;0.0;0.0;0.0;0.0;0.0;1.0;1.0;0.0;0 days 02:00:00;2.0;0.5
0806;3304;Anne de Bretagne;weekend;0 days 19:43:00;0 days 21:43:10;1.0;0.0;0.0;0.0;0.0;0.0;1.0;1.0;0.0;0 days 02:00:10;2.0027777777777778;0.49930651872399445
0806;3310;Portail;weekend;0 days 19:38:00;0 days 21:37:57;1.0;0.0;0.0;0.0;0.0;0.0;1.0;1.0;0.0;0 days 01:59:57;1.9991666666666668;0.5002084201750729
0806;3311;Fouillard;weekend;0 days 19:39:00;0 days 21:39:00;1.0;0.0;0.0;0.0;0.0;0.0;1.0;1.0;0.0;0 days 02:00:00;2.0;0.5
0806;3312;Juteauderies;weekend;0 days 19:41:00;0 days 21:41:05;1.0;0.0;0.0;0.0;0.0;0.0;1.0;1.0;0.0;0 days 02:00:05;2.001388888888889;0.49965301873698814
0806;3313;Bocage;weekend;0 days 19:42:00;0 days 21:42:08;1.0;0.0;0.0;0.0;0.0;0.0;1.0;1.0;0.0;0 days 02:00:08;2.002222222222222;0.4994450610432853
0806;3318;Pâtis du Moulinet;weekend;0 days 19:48:00;0 days 21:47:52;1.0;0.0;0.0;0.0;0.0;0.0;1.0;1.0;0.0;0 days 01:59:52;1.9977777777777779;0.5005561735261401
0806;3406;Eclosel;weekend;0 days 19:45:00;0 days 21:44:41;1.0;0.0;0.0;0.0;0.0;0.0;1.0;1.0;0.0;0 days 01:59:41;1.9947222222222223;0.5013229355243002
0806;3407;Grée Barel;weekend;0 days 19:46:00;0 days 21:46:10;1.0;0.0;0.0;0.0;0.0;0.0;1.0;1.0;0.0;0 days 02:00:10;2.0027777777777778;0.49930651872399445
0806;3409;Menault;weekend;0 days 19:47:00;0 days 21:46:49;1.0;0.0;0.0;0.0;0.0;0.0;1.0;1.0;0.0;0 days 01:59:49;1.9969444444444444;0.500765057727083
0806;3421;La Porte;weekend;0 days 19:48:00;0 days 21:48:08;1.0;0.0;0.0;0.0;0.0;0.0;1.0;1.0;0.0;0 days 02:00:08;2.002222222222222;0.4994450610432853
0806;3428;Chêne Centenaire;weekend;0 days 19:48:00;0 days 21:47:31;1.0;0.0;0.0;0.0;0.0;0.0;1.0;1.0;0.0;0 days 01:59:31;1.9919444444444445;0.5020220331892344
0806;3501;Fougerolle;weekend;0 days 19:24:00;0 days 21:24:00;1.0;0.0;0.0;0.0;0.0;0.0;1.0;1.0;0.0;0 days 02:00:00;2.0;0.5
0806;3508;Vizeule;weekend;0 days 19:18:00;0 days 21:18:26;1.0;0.0;0.0;0.0;0.0;0.0;1.0;1.0;0.0;0 days 02:00:26;2.007222222222222;0.49820094104622203
0806;3509;Métrie;weekend;0 days 19:20:00;0 days 21:19:32;1.0;0.0;0.0;0.0;0.0;0.0;1.0;1.0;0.0;0 days 01:59:32;1.9922222222222221;0.501952035694367
0806;3510;Belle Epine;weekend;0 days 19:20:00;0 days 21:20:00;1.0;0.0;0.0;0.0;0.0;0.0;1.0;1.0;0.0;0 days 02:00:00;2.0;0.5
0806;3511;Courtines;weekend;0 days 19:21:00;0 days 21:21:10;1.0;0.0;0.0;0.0;0.0;0.0;1.0;1.0;0.0;0 days 02:00:10;2.0027777777777778;0.49930651872399445
0806;3512;Montgermont Mairie;weekend;0 days 19:22:00;0 days 21:22:15;1.0;0.0;0.0;0.0;0.0;0.0;1.0;1.0;0.0;0 days 02:00:15;2.004166666666667;0.49896049896049893
0806;3513;Pierre Texier;weekend;0 days 19:23:00;0 days 21:23:13;1.0;0.0;0.0;0.0;0.0;0.0;1.0;1.0;0.0;0 days 02:00:13;2.0036111111111112;0.4990988492998752
0806;3515;Silandière;weekend;0 days 19:26:00;0 days 21:25:38;1.0;0.0;0.0;0.0;0.0;0.0;1.0;1.0;0.0;0 days 01:59:38;1.9938888888888888;0.5015324602953469
0806;3710;Fouaye;weekend;0 days 19:21:00;0 days 21:21:00;1.0;0.0;0.0;0.0;0.0;0.0;1.0;1.0;0.0;0 days 02:00:00;2.0;0.5
0806;3711;Vigne;weekend;0 days 19:22:00;0 days 21:22:28;1.0;0.0;0.0;0.0;0.0;0.0;1.0;1.0;0.0;0 days 02:00:28;2.0077777777777777;0.49806308799114557
0806;3712;Pont aux Moines;weekend;0 days 19:24:00;0 days 21:23:34;1.0;0.0;0.0;0.0;0.0;0.0;1.0;1.0;0.0;0 days 01:59:34;1.9927777777777778;0.5018120992472819
0806;3714;Saint-Gilles Centre;weekend;0 days 19:25:00;0 days 21:24:32;1.0;0.0;0.0;0.0;0.0;0.0;1.0;1.0;0.0;0 days 01:59:32;1.9922222222222221;0.501952035694367
0806;3723;Maison Neuve;weekend;0 days 19:26:00;0 days 21:26:00;1.0;0.0;0.0;0.0;0.0;0.0;1.0;1.0;0.0;0 days 02:00:00;2.0;0.5
0806;3724;Clos des Cerisiers;weekend;0 days 19:25:00;0 days 21:25:25;1.0;0.0;0.0;0.0;0.0;0.0;1.0;1.0;0.0;0 days 02:00:25;2.0069444444444446;0.4982698961937716
0806;3732;Ile des Bois;weekend;0 days 19:27:00;0 days 21:27:00;1.0;0.0;0.0;0.0;0.0;0.0;1.0;1.0;0.0;0 days 02:00:00;2.0;0.5
0806;3760;Champ Noël;weekend;0 days 19:05:00;0 days 21:05:11;1.0;0.0;0.0;0.0;0.0;0.0;1.0;1.0;0.0;0 days 02:00:11;2.0030555555555556;0.4992372763833033
0806;3761;Tertre;weekend;0 days 19:07:00;0 days 21:07:04;1.0;0.0;0.0;0.0;0.0;0.0;1.0;1.0;0.0;0 days 02:00:04;2.0011111111111113;0.49972237645752354
0806;3762;Vezin Centre;weekend;0 days 19:09:00;0 days 21:09:00;1.0;0.0;0.0;0.0;0.0;0.0;1.0;1.0;0.0;0 days 02:00:00;2.0;0.5
0806;3763;Lion d'Or;weekend;0 days 19:10:00;0 days 21:10:08;1.0;0.0;0.0;0.0;0.0;0.0;1.0;1.0;0.0;0 days 02:00:08;2.002222222222222;0.4994450610432853
0806;3764;Vallée;weekend;0 days 19:11:00;0 days 21:11:00;1.0;0.0;0.0;0.0;0.0;0.0;1.0;1.0;0.0;0 days 02:00:00;2.0;0.5
0806;3765;Haie de Terre;weekend;0 days 19:12:00;0 days 21:11:34;1.0;0.0;0.0;0.0;0.0;0.0;1.0;1.0;0.0;0 days 01:59:34;1.9927777777777778;0.5018120992472819
0806;3766;Trois Marches;weekend;0 days 19:03:00;0 days 21:03:00;1.0;0.0;0.0;0.0;0.0;0.0;1.0;1.0;0.0;0 days 02:00:00;2.0;0.5
0806;3771;Champs Bleus;weekend;0 days 19:08:00;0 days 21:08:07;1.0;0.0;0.0;0.0;0.0;0.0;1.0;1.0;0.0;0 days 02:00:07;2.0019444444444443;0.4995143610378799
0806;3801;Centre de Loisirs;weekend;0 days 20:00:00;0 days 22:00:00;1.0;0.0;0.0;0.0;0.0;0.0;0.0;1.0;1.0;0 days 02:00:00;2.0;0.5
0806;3806;Perelle;weekend;0 days 19:56:00;0 days 21:56:00;1.0;0.0;0.0;0.0;0.0;0.0;1.0;1.0;0.0;0 days 02:00:00;2.0;0.5
0806;3807;La Basse Erable;weekend;0 days 19:57:00;0 days 21:56:53;1.0;0.0;0.0;0.0;0.0;0.0;1.0;1.0;0.0;0 days 01:59:53;1.9980555555555555;0.500486584179063
0806;3808;La Motte;weekend;0 days 19:58:00;0 days 21:57:38;1.0;0.0;0.0;0.0;0.0;0.0;1.0;1.0;0.0;0 days 01:59:38;1.9938888888888888;0.5015324602953469
0806;3809;Bourgbarré Mairie;weekend;0 days 19:58:00;0 days 21:58:21;1.0;0.0;0.0;0.0;0.0;0.0;1.0;1.0;0.0;0 days 02:00:21;2.0058333333333334;0.49854590776900704
0806;3817;Launay Garnier;weekend;0 days 20:00:00;0 days 21:59:35;1.0;0.0;0.0;0.0;0.0;0.0;0.0;1.0;0.0;0 days 01:59:35;1.9930555555555556;0.5017421602787456
0806;3835;ZA Bourgbarré;weekend;0 days 19:59:00;0 days 21:58:40;1.0;0.0;0.0;0.0;0.0;0.0;1.0;1.0;0.0;0 days 01:59:40;1.9944444444444445;0.5013927576601671
0806;3839;Salle de Sports;weekend;0 days 19:59:00;0 days 21:59:13;1.0;0.0;0.0;0.0;0.0;0.0;1.0;1.0;0.0;0 days 02:00:13;2.0036111111111112;0.4990988492998752
0806;3862;Gretay;weekend;0 days 19:19:00;0 days 21:19:00;1.0;0.0;0.0;0.0;0.0;0.0;1.0;1.0;0.0;0 days 02:00:00;2.0;0.5
0806;3863;Mordelles Lilas;weekend;0 days 19:20:00;0 days 21:20:00;1.0;0.0;0.0;0.0;0.0;0.0;1.0;1.0;0.0;0 days 02:00:00;2.0;0.5
0806;3864;Mordelles Mairie;weekend;0 days 19:21:00;0 days 21:21:00;1.0;0.0;0.0;0.0;0.0;0.0;1.0;1.0;0.0;0 days 02:00:00;2.0;0.5
0806;3865;Mordelles Eglise;weekend;0 days 19:22:00;0 days 21:22:03;1.0;0.0;0.0;0.0;0.0;0.0;1.0;1.0;0.0;0 days 02:00:03;2.0008333333333335;0.4997917534360683
0806;3869;Mordelles Pâtis;weekend;0 days 19:24:00;0 days 21:24:00;1.0;0.0;0.0;0.0;0.0;0.0;1.0;1.0;0.0;0 days 02:00:00;2.0;0.5
0806;3901;Bois Esnault;weekend;0 days 20:06:00;0 days 22:06:00;1.0;0.0;0.0;0.0;0.0;0.0;0.0;1.0;1.0;0 days 02:00:00;2.0;0.5
0806;3904;Chemin Vert;weekend;0 days 20:03:00;0 days 22:03:08;1.0;0.0;0.0;0.0;0.0;0.0;0.0;1.0;1.0;0 days 02:00:08;2.002222222222222;0.4994450610432853
0806;3909;Renaissance;weekend;0 days 19:59:00;0 days 21:59:15;1.0;0.0;0.0;0.0;0.0;0.0;1.0;1.0;0.0;0 days 02:00:15;2.004166666666667;0.49896049896049893
0806;3910;Fontaine Blanche;weekend;0 days 20:00:00;0 days 22:00:09;1.0;0.0;0.0;0.0;0.0;0.0;0.0;1.0;1.0;0 days 02:00:09;2.0025;0.4993757802746567
0806;3911;Rivaudière;weekend;0 days 20:01:00;0 days 22:01:05;1.0;0.0;0.0;0.0;0.0;0.0;0.0;1.0;1.0;0 days 02:00:05;2.001388888888889;0.49965301873698814
0806;3912;Pont-Péan Mairie;weekend;0 days 20:02:00;0 days 22:02:16;1.0;0.0;0.0;0.0;0.0;0.0;0.0;1.0;1.0;0 days 02:00:16;2.0044444444444443;0.4988913525498892
0806;3914;Mouton Blanc;weekend;0 days 20:04:00;0 days 22:04:00;1.0;0.0;0.0;0.0;0.0;0.0;0.0;1.0;1.0;0 days 02:00:00;2.0;0.5
0806;3915;Caliorne;weekend;0 days 20:05:00;0 days 22:04:48;1.0;0.0;0.0;0.0;0.0;0.0;0.0;1.0;1.0;0 days 01:59:48;1.9966666666666666;0.5008347245409015
0806;4001;Timonière;weekend;0 days 19:58:00;0 days 21:58:00;1.0;0.0;0.0;0.0;0.0;0.0;1.0;1.0;0.0;0 days 02:00:00;2.0;0.5
0806;4008;Boulais;weekend;0 days 19:50:00;0 days 21:50:00;1.0;0.0;0.0;0.0;0.0;0.0;1.0;1.0;0.0;0 days 02:00:00;2.0;0.5
0806;4009;Pont d'Ohin;weekend;0 days 19:52:00;0 days 21:51:59;1.0;0.0;0.0;0.0;0.0;0.0;1.0;1.0;0.0;0 days 01:59:59;1.9997222222222222;0.5000694540908459
0806;4010;Lande;weekend;0 days 19:53:00;0 days 21:53:11;1.0;0.0;0.0;0.0;0.0;0.0;1.0;1.0;0.0;0 days 02:00:11;2.0030555555555556;0.4992372763833033
0806;4011;Foyer;weekend;0 days 19:54:00;0 days 21:53:54;1.0;0.0;0.0;0.0;0.0;0.0;1.0;1.0;0.0;0 days 01:59:54;1.9983333333333333;0.5004170141784821
0806;4012;Acigné Mairie;weekend;0 days 19:54:00;0 days 21:54:20;1.0;0.0;0.0;0.0;0.0;0.0;1.0;1.0;0.0;0 days 02:00:20;2.0055555555555555;0.4986149584487535
0806;4013;Verdaudais;weekend;0 days 19:55:00;0 days 21:55:15;1.0;0.0;0.0;0.0;0.0;0.0;1.0;1.0;0.0;0 days 02:00:15;2.004166666666667;0.49896049896049893
0806;4020;Botrel;weekend;0 days 19:57:00;0 days 21:57:01;1.0;0.0;0.0;0.0;0.0;0.0;1.0;1.0;0.0;0 days 02:00:01;2.000277777777778;0.49993056519927787
0806;4057;Sénestrais;weekend;0 days 19:27:00;0 days 21:27:29;1.0;0.0;0.0;0.0;0.0;0.0;1.0;1.0;0.0;0 days 02:00:29;2.0080555555555555;0.49799419006778256
0806;4058;Viennais;weekend;0 days 19:28:00;0 days 21:28:18;1.0;0.0;0.0;0.0;0.0;0.0;1.0;1.0;0.0;0 days 02:00:18;2.005;0.49875311720698257
0806;4059;La Chapelle Centre;weekend;0 days 19:29:00;0 days 21:29:00;1.0;0.0;0.0;0.0;0.0;0.0;1.0;1.0;0.0;0 days 02:00:00;2.0;0.5
0806;4060;Métairie;weekend;0 days 19:30:00;0 days 21:30:13;1.0;0.0;0.0;0.0;0.0;0.0;1.0;1.0;0.0;0 days 02:00:13;2.0036111111111112;0.4990988492998752
0806;4069;Besneraie;weekend;0 days 19:32:00;0 days 21:32:00;1.0;0.0;0.0;0.0;0.0;0.0;1.0;1.0;0.0;0 days 02:00:00;2.0;0.5
0806;4108;Chêne Hervé;weekend;0 days 20:03:00;0 days 22:02:34;1.0;0.0;0.0;0.0;0.0;0.0;0.0;1.0;1.0;0 days 01:59:34;1.9927777777777778;0.5018120992472819
0806;4109;Corps-Nuds Mairie;weekend;0 days 20:03:00;0 days 22:03:00;1.0;0.0;0.0;0.0;0.0;0.0;0.0;1.0;1.0;0 days 02:00:00;2.0;0.5
0806;4110;Place de Kildare;weekend;0 days 20:04:00;0 days 22:03:41;1.0;0.0;0.0;0.0;0.0;0.0;0.0;1.0;1.0;0 days 01:59:41;1.9947222222222223;0.5013229355243002
0806;4111;Huberdières;weekend;0 days 20:05:00;0 days 22:05:04;1.0;0.0;0.0;0.0;0.0;0.0;0.0;1.0;1.0;0 days 02:00:04;2.0011111111111113;0.49972237645752354
0806;4112;Corps-Nuds Gare;weekend;0 days 20:06:00;0 days 22:06:00;1.0;0.0;0.0;0.0;0.0;0.0;0.0;1.0;1.0;0 days 02:00:00;2.0;0.5
0806;4151;Anjou;weekend;0 days 20:12:00;0 days 22:12:00;1.0;0.0;0.0;0.0;0.0;0.0;0.0;1.0;1.0;0 days 02:00:00;2.0;0.5
0806;4158;Destiers;weekend;0 days 20:08:00;0 days 22:08:00;1.0;0.0;0.0;0.0;0.0;0.0;0.0;1.0;1.0;0 days 02:00:00;2.0;0.5
0806;4159;Provence;weekend;0 days 20:09:00;0 days 22:08:59;1.0;0.0;0.0;0.0;0.0;0.0;0.0;1.0;1.0;0 days 01:59:59;1.9997222222222222;0.5000694540908459
0806;4160;Saules;weekend;0 days 20:10:00;0 days 22:10:24;1.0;0.0;0.0;0.0;0.0;0.0;0.0;1.0;1.0;0 days 02:00:24;2.006666666666667;0.4983388704318937
0806;4161;Mainguère;weekend;0 days 20:11:00;0 days 22:11:10;1.0;0.0;0.0;0.0;0.0;0.0;0.0;1.0;1.0;0 days 02:00:10;2.0027777777777778;0.49930651872399445
0806;4201;Croix Blanche;weekend;0 days 19:43:00;0 days 21:43:00;1.0;0.0;0.0;0.0;0.0;0.0;1.0;1.0;0.0;0 days 02:00:00;2.0;0.5
0806;4203;Alfred de Musset;weekend;0 days 19:41:00;0 days 21:41:09;1.0;0.0;0.0;0.0;0.0;0.0;1.0;1.0;0.0;0 days 02:00:09;2.0025;0.4993757802746567
0806;4208;Grippay;weekend;0 days 19:39:00;0 days 21:39:00;1.0;0.0;0.0;0.0;0.0;0.0;1.0;1.0;0.0;0 days 02:00:00;2.0;0.5
0806;4209;Avenir;weekend;0 days 19:40:00;0 days 21:40:08;1.0;0.0;0.0;0.0;0.0;0.0;1.0;1.0;0.0;0 days 02:00:08;2.002222222222222;0.4994450610432853
0806;4211;Calvaire;weekend;0 days 19:42:00;0 days 21:41:37;1.0;0.0;0.0;0.0;0.0;0.0;1.0;1.0;0.0;0 days 01:59:37;1.993611111111111;0.5016023408109238
0806;4255;Grippière;weekend;0 days 19:41:00;0 days 21:40:43;1.0;0.0;0.0;0.0;0.0;0.0;1.0;1.0;0.0;0 days 01:59:43;1.9952777777777777;0.5011833495753863
0806;4256;Piardière;weekend;0 days 19:42:00;0 days 21:41:56;1.0;0.0;0.0;0.0;0.0;0.0;1.0;1.0;0.0;0 days 01:59:56;1.998888888888889;0.500277932184547
0806;4257;Rochers;weekend;0 days 19:44:00;0 days 21:44:00;1.0;0.0;0.0;0.0;0.0;0.0;1.0;1.0;0.0;0 days 02:00:00;2.0;0.5
0806;4267;Ville aux Archers;weekend;0 days 19:45:00;0 days 21:45:00;1.0;0.0;0.0;0.0;0.0;0.0;1.0;1.0;0.0;0 days 02:00:00;2.0;0.5
0806;4269;Place de la Mairie;weekend;0 days 19:45:00;0 days 21:44:34;1.0;0.0;0.0;0.0;0.0;0.0;1.0;1.0;0.0;0 days 01:59:34;1.9927777777777778;0.5018120992472819
0806;4304;L'Hermitage Centre;weekend;0 days 19:37:00;0 days 21:37:00;1.0;0.0;0.0;0.0;0.0;0.0;1.0;1.0;0.0;0 days 02:00:00;2.0;0.5
0806;4307;Clairefontaine;weekend;0 days 19:36:00;0 days 21:36:09;1.0;0.0;0.0;0.0;0.0;0.0;1.0;1.0;0.0;0 days 02:00:09;2.0025;0.4993757802746567
0806;4308;Village;weekend;0 days 19:37:00;0 days 21:36:42;1.0;0.0;0.0;0.0;0.0;0.0;1.0;1.0;0.0;0 days 01:59:42;1.995;0.5012531328320802
0806;4310;L'Hermitage Gare;weekend;0 days 19:38:00;0 days 21:37:35;1.0;0.0;0.0;0.0;0.0;0.0;1.0;1.0;0.0;0 days 01:59:35;1.9930555555555556;0.5017421602787456
0806;4311;Hautière;weekend;0 days 19:38:00;0 days 21:38:07;1.0;0.0;0.0;0.0;0.0;0.0;1.0;1.0;0.0;0 days 02:00:07;2.0019444444444443;0.4995143610378799
0806;4315;Noë Biche;weekend;0 days 19:36:00;0 days 21:35:41;1.0;0.0;0.0;0.0;0.0;0.0;1.0;1.0;0.0;0 days 01:59:41;1.9947222222222223;0.5013229355243002
0806;4351;Parc d'Activités;weekend;0 days 19:44:00;0 days 21:43:45;1.0;0.0;0.0;0.0;0.0;0.0;1.0;1.0;0.0;0 days 01:59:45;1.9958333333333333;0.5010438413361169
0806;4354;Paul Féval;weekend;0 days 19:42:00;0 days 21:41:44;1.0;0.0;0.0;0.0;0.0;0.0;1.0;1.0;0.0;0 days 01:59:44;1.9955555555555555;0.5011135857461024
0806;4355;Champ Mulon;weekend;0 days 19:43:00;0 days 21:43:00;1.0;0.0;0.0;0.0;0.0;0.0;1.0;1.0;0.0;0 days 02:00:00;2.0;0.5
0806;4357;Croix du Pigeonnet;weekend;0 days 19:45:00;0 days 21:44:37;1.0;0.0;0.0;0.0;0.0;0.0;1.0;1.0;0.0;0 days 01:59:37;1.993611111111111;0.5016023408109238
0806;4360;Leuzières;weekend;0 days 19:39:00;0 days 21:38:41;1.0;0.0;0.0;0.0;0.0;0.0;1.0;1.0;0.0;0 days 01:59:41;1.9947222222222223;0.5013229355243002
0806;4361;Croix Faucheux;weekend;0 days 19:40:00;0 days 21:40:00;1.0;0.0;0.0;0.0;0.0;0.0;1.0;1.0;0.0;0 days 02:00:00;2.0;0.5
0806;4363;Alexandre Gilois;weekend;0 days 19:41:00;0 days 21:40:48;1.0;0.0;0.0;0.0;0.0;0.0;1.0;1.0;0.0;0 days 01:59:48;1.9966666666666666;0.5008347245409015
0806;4385;Simone Marchand;weekend;0 days 19:39:00;0 days 21:39:24;1.0;0.0;0.0;0.0;0.0;0.0;1.0;1.0;0.0;0 days 02:00:24;2.006666666666667;0.4983388704318937
0806;4503;Flume;weekend;0 days 19:40:00;0 days 21:40:29;1.0;0.0;0.0;0.0;0.0;0.0;1.0;1.0;0.0;0 days 02:00:29;2.0080555555555555;0.49799419006778256
0806;4505;Gévezé Mairie;weekend;0 days 19:41:00;0 days 21:41:00;1.0;0.0;0.0;0.0;0.0;0.0;1.0;1.0;0.0;0 days 02:00:00;2.0;0.5
0806;4509;Coualeuc;weekend;0 days 19:43:00;0 days 21:43:18;1.0;0.0;0.0;0.0;0.0;0.0;1.0;1.0;0.0;0 days 02:00:18;2.005;0.49875311720698257
0806;4511;Prés Verts;weekend;0 days 19:42:00;0 days 21:42:06;1.0;0.0;0.0;0.0;0.0;0.0;1.0;1.0;0.0;0 days 02:00:06;2.0016666666666665;0.4995836802664447
0806;4531;Cheval Blanc;weekend;0 days 19:44:00;0 days 21:44:00;1.0;0.0;0.0;0.0;0.0;0.0;1.0;1.0;0.0;0 days 02:00:00;2.0;0.5
0806;4551;Saint-Armel Eglise;weekend;0 days 19:56:00;0 days 21:56:00;1.0;0.0;0.0;0.0;0.0;0.0;1.0;1.0;0.0;0 days 02:00:00;2.0;0.5
0806;4554;Lande du Jardin;weekend;0 days 19:57:00;0 days 21:56:48;1.0;0.0;0.0;0.0;0.0;0.0;1.0;1.0;0.0;0 days 01:59:48;1.9966666666666666;0.5008347245409015
0806;4555;Saint-Armel Gare;weekend;0 days 19:56:00;0 days 21:56:21;1.0;0.0;0.0;0.0;0.0;0.0;1.0;1.0;0.0;0 days 02:00:21;2.0058333333333334;0.49854590776900704
0806;4701;Point du Jour;weekend;0 days 20:11:00;0 days 22:10:49;1.0;0.0;0.0;0.0;0.0;0.0;0.0;1.0;1.0;0 days 01:59:49;1.9969444444444444;0.500765057727083
0806;4703;Orée du Bois;weekend;0 days 20:12:00;0 days 22:11:55;1.0;0.0;0.0;0.0;0.0;0.0;0.0;1.0;1.0;0 days 01:59:55;1.9986111111111111;0.5003474635163307
0806;4705;Laillé Eglise;weekend;0 days 20:13:00;0 days 22:13:00;1.0;0.0;0.0;0.0;0.0;0.0;0.0;1.0;1.0;0 days 02:00:00;2.0;0.5
0806;4707;Châtaigneraie;weekend;0 days 20:14:00;0 days 22:13:41;1.0;0.0;0.0;0.0;0.0;0.0;0.0;1.0;1.0;0 days 01:59:41;1.9947222222222223;0.5013229355243002
0806;4708;Gingouillère;weekend;0 days 20:15:00;0 days 22:15:00;1.0;0.0;0.0;0.0;0.0;0.0;0.0;1.0;1.0;0 days 02:00:00;2.0;0.5
0806;6000;Romillé Collège;weekend;0 days 19:54:00;0 days 21:54:00;1.0;0.0;0.0;0.0;0.0;0.0;1.0;1.0;0.0;0 days 02:00:00;2.0;0.5
0806;6001;Frères Aubert;weekend;0 days 19:53:00;0 days 21:53:10;1.0;0.0;0.0;0.0;0.0;0.0;1.0;1.0;0.0;0 days 02:00:10;2.0027777777777778;0.49930651872399445
0807;2054;Métairies Chalotais;weekday;0 days 21:37:00;0 days 23:07:00;2.0;0.0;0.0;0.0;0.0;0.0;0.0;1.0;1.0;0 days 01:30:00;1.5;1.3333333333333333
0807;2054;Métairies Chalotais;weekend;0 days 21:37:00;0 days 23:07:00;2.0;0.0;0.0;0.0;0.0;0.0;0.0;1.0;1.0;0 days 01:30:00;1.5;1.3333333333333333
0807;2055;Cesson Piscine;weekday;0 days 21:38:00;0 days 23:08:00;2.0;0.0;0.0;0.0;0.0;0.0;0.0;1.0;1.0;0 days 01:30:00;1.5;1.3333333333333333
0807;2055;Cesson Piscine;weekend;0 days 21:38:00;0 days 23:08:00;2.0;0.0;0.0;0.0;0.0;0.0;0.0;1.0;1.0;0 days 01:30:00;1.5;1.3333333333333333
0807;2059;Monniais;weekday;0 days 21:40:00;0 days 23:10:00;2.0;0.0;0.0;0.0;0.0;0.0;0.0;1.0;1.0;0 days 01:30:00;1.5;1.3333333333333333
0807;2059;Monniais;weekend;0 days 21:40:00;0 days 23:10:00;2.0;0.0;0.0;0.0;0.0;0.0;0.0;1.0;1.0;0 days 01:30:00;1.5;1.3333333333333333
0807;2063;Monniais;weekend;0 days 04:35:00;0 days 07:05:00;3.0;1.0;1.0;0.0;0.0;0.0;0.0;0.0;1.0;0 days 02:30:00;2.5;1.2
0807;2067;Cesson Piscine;weekend;0 days 04:38:00;0 days 07:08:00;3.0;1.0;1.0;0.0;0.0;0.0;0.0;0.0;1.0;0 days 02:30:00;2.5;1.2
0807;2068;Métairies Chalotais;weekend;0 days 04:38:00;0 days 07:08:00;3.0;1.0;1.0;0.0;0.0;0.0;0.0;0.0;1.0;0 days 02:30:00;2.5;1.2
0807;2206;Maltière;weekend;0 days 04:25:00;0 days 06:55:00;3.0;2.0;0.0;0.0;0.0;0.0;0.0;0.0;1.0;0 days 02:30:00;2.5;1.2
0807;2211;Maltière;weekday;0 days 21:50:00;0 days 23:20:00;2.0;0.0;0.0;0.0;0.0;0.0;0.0;1.0;1.0;0 days 01:30:00;1.5;1.3333333333333333
0807;2211;Maltière;weekend;0 days 21:50:00;0 days 23:20:00;2.0;0.0;0.0;0.0;0.0;0.0;0.0;1.0;1.0;0 days 01:30:00;1.5;1.3333333333333333
0807;2237;Aire Libre;weekend;0 days 04:19:00;0 days 06:49:00;3.0;2.0;0.0;0.0;0.0;0.0;0.0;0.0;1.0;0 days 02:30:00;2.5;1.2
0807;2239;Haut Bois;weekend;0 days 04:23:00;0 days 06:53:00;3.0;2.0;0.0;0.0;0.0;0.0;0.0;0.0;1.0;0 days 02:30:00;2.5;1.2
0807;2240;St-Jacques Mairie;weekend;0 days 04:23:00;0 days 06:53:00;3.0;2.0;0.0;0.0;0.0;0.0;0.0;0.0;1.0;0 days 02:30:00;2.5;1.2
0807;2241;St-Jacques Mairie;weekday;0 days 21:52:00;0 days 23:22:00;2.0;0.0;0.0;0.0;0.0;0.0;0.0;1.0;1.0;0 days 01:30:00;1.5;1.3333333333333333
0807;2241;St-Jacques Mairie;weekend;0 days 21:52:00;0 days 23:22:00;2.0;0.0;0.0;0.0;0.0;0.0;0.0;1.0;1.0;0 days 01:30:00;1.5;1.3333333333333333
0807;2243;Aire Libre;weekday;0 days 21:56:00;0 days 23:26:00;2.0;0.0;0.0;0.0;0.0;0.0;0.0;1.0;1.0;0 days 01:30:00;1.5;1.3333333333333333
0807;2243;Aire Libre;weekend;0 days 21:56:00;0 days 23:26:00;2.0;0.0;0.0;0.0;0.0;0.0;0.0;1.0;1.0;0 days 01:30:00;1.5;1.3333333333333333
0807;2245;Haut Bois;weekday;0 days 21:52:00;0 days 23:22:00;2.0;0.0;0.0;0.0;0.0;0.0;0.0;1.0;1.0;0 days 01:30:00;1.5;1.3333333333333333
0807;2245;Haut Bois;weekend;0 days 21:52:00;0 days 23:22:00;2.0;0.0;0.0;0.0;0.0;0.0;0.0;1.0;1.0;0 days 01:30:00;1.5;1.3333333333333333
0807;2266;Parc Expo;weekday;0 days 22:00:00;0 days 23:30:00;12.0;0.0;0.0;0.0;0.0;0.0;0.0;0.0;12.0;0 days 01:30:00;1.5;8.0
0807;2266;Parc Expo;weekend;0 days 04:15:00;0 days 23:30:00;24.0;12.0;0.0;0.0;0.0;0.0;0.0;0.0;12.0;0 days 19:15:00;19.25;1.2467532467532467
0807;2303;Haut Launay;weekday;0 days 21:42:00;0 days 23:12:00;2.0;0.0;0.0;0.0;0.0;0.0;0.0;1.0;1.0;0 days 01:30:00;1.5;1.3333333333333333
0807;2303;Haut Launay;weekend;0 days 21:42:00;0 days 23:12:00;2.0;0.0;0.0;0.0;0.0;0.0;0.0;1.0;1.0;0 days 01:30:00;1.5;1.3333333333333333
0807;2304;Rabine;weekday;0 days 21:44:00;0 days 23:14:00;2.0;0.0;0.0;0.0;0.0;0.0;0.0;1.0;1.0;0 days 01:30:00;1.5;1.3333333333333333
0807;2304;Rabine;weekend;0 days 21:44:00;0 days 23:14:00;2.0;0.0;0.0;0.0;0.0;0.0;0.0;1.0;1.0;0 days 01:30:00;1.5;1.3333333333333333
0807;2305;Vert Buisson;weekend;0 days 04:29:00;0 days 06:59:00;3.0;2.0;0.0;0.0;0.0;0.0;0.0;0.0;1.0;0 days 02:30:00;2.5;1.2
0807;2307;Gavrinis;weekday;0 days 21:47:00;0 days 23:17:00;2.0;0.0;0.0;0.0;0.0;0.0;0.0;1.0;1.0;0 days 01:30:00;1.5;1.3333333333333333
0807;2307;Gavrinis;weekend;0 days 21:47:00;0 days 23:17:00;2.0;0.0;0.0;0.0;0.0;0.0;0.0;1.0;1.0;0 days 01:30:00;1.5;1.3333333333333333
0807;2309;Ker Lann;weekend;0 days 04:24:00;0 days 06:54:00;3.0;2.0;0.0;0.0;0.0;0.0;0.0;0.0;1.0;0 days 02:30:00;2.5;1.2
0807;2311;Coeur de Campus;weekday;0 days 21:53:00;0 days 23:23:00;2.0;0.0;0.0;0.0;0.0;0.0;0.0;1.0;1.0;0 days 01:30:00;1.5;1.3333333333333333
0807;2311;Coeur de Campus;weekend;0 days 21:53:00;0 days 23:23:00;2.0;0.0;0.0;0.0;0.0;0.0;0.0;1.0;1.0;0 days 01:30:00;1.5;1.3333333333333333
0807;2312;Etangs;weekday;0 days 21:54:00;0 days 23:24:00;2.0;0.0;0.0;0.0;0.0;0.0;0.0;1.0;1.0;0 days 01:30:00;1.5;1.3333333333333333
0807;2312;Etangs;weekend;0 days 21:54:00;0 days 23:24:00;2.0;0.0;0.0;0.0;0.0;0.0;0.0;1.0;1.0;0 days 01:30:00;1.5;1.3333333333333333
0807;2316;Etangs;weekend;0 days 04:21:00;0 days 06:51:00;3.0;2.0;0.0;0.0;0.0;0.0;0.0;0.0;1.0;0 days 02:30:00;2.5;1.2
0807;2317;Coeur de Campus;weekend;0 days 04:22:00;0 days 06:52:00;3.0;2.0;0.0;0.0;0.0;0.0;0.0;0.0;1.0;0 days 02:30:00;2.5;1.2
0807;2319;Ker Lann;weekday;0 days 21:51:00;0 days 23:21:00;2.0;0.0;0.0;0.0;0.0;0.0;0.0;1.0;1.0;0 days 01:30:00;1.5;1.3333333333333333
0807;2319;Ker Lann;weekend;0 days 21:51:00;0 days 23:21:00;2.0;0.0;0.0;0.0;0.0;0.0;0.0;1.0;1.0;0 days 01:30:00;1.5;1.3333333333333333
0807;2321;Gavrinis;weekend;0 days 04:28:00;0 days 06:58:00;3.0;2.0;0.0;0.0;0.0;0.0;0.0;0.0;1.0;0 days 02:30:00;2.5;1.2
0807;2322;Vert Buisson;weekday;0 days 21:46:00;0 days 23:16:00;2.0;0.0;0.0;0.0;0.0;0.0;0.0;1.0;1.0;0 days 01:30:00;1.5;1.3333333333333333
0807;2322;Vert Buisson;weekend;0 days 21:46:00;0 days 23:16:00;2.0;0.0;0.0;0.0;0.0;0.0;0.0;1.0;1.0;0 days 01:30:00;1.5;1.3333333333333333
0807;2323;Rabine;weekend;0 days 04:31:00;0 days 07:01:00;3.0;1.0;1.0;0.0;0.0;0.0;0.0;0.0;1.0;0 days 02:30:00;2.5;1.2
0807;2324;Haut Launay;weekend;0 days 04:33:00;0 days 07:03:00;3.0;1.0;1.0;0.0;0.0;0.0;0.0;0.0;1.0;0 days 02:30:00;2.5;1.2
0807;2331;Noë;weekend;0 days 04:35:00;0 days 07:05:00;3.0;1.0;1.0;0.0;0.0;0.0;0.0;0.0;1.0;0 days 02:30:00;2.5;1.2
0807;2332;Epalet;weekend;0 days 04:36:00;0 days 07:06:00;3.0;1.0;1.0;0.0;0.0;0.0;0.0;0.0;1.0;0 days 02:30:00;2.5;1.2
0807;2343;Epalet;weekday;0 days 21:39:00;0 days 23:09:00;2.0;0.0;0.0;0.0;0.0;0.0;0.0;1.0;1.0;0 days 01:30:00;1.5;1.3333333333333333
0807;2343;Epalet;weekend;0 days 21:39:00;0 days 23:09:00;2.0;0.0;0.0;0.0;0.0;0.0;0.0;1.0;1.0;0 days 01:30:00;1.5;1.3333333333333333
0807;2344;Noë;weekday;0 days 21:40:00;0 days 23:10:00;2.0;0.0;0.0;0.0;0.0;0.0;0.0;1.0;1.0;0 days 01:30:00;1.5;1.3333333333333333
0807;2344;Noë;weekend;0 days 21:40:00;0 days 23:10:00;2.0;0.0;0.0;0.0;0.0;0.0;0.0;1.0;1.0;0 days 01:30:00;1.5;1.3333333333333333
0807;2374;Châteliers;weekend;0 days 04:34:00;0 days 07:04:00;3.0;1.0;1.0;0.0;0.0;0.0;0.0;0.0;1.0;0 days 02:30:00;2.5;1.2
0807;2375;Châteliers;weekday;0 days 21:41:00;0 days 23:11:00;2.0;0.0;0.0;0.0;0.0;0.0;0.0;1.0;1.0;0 days 01:30:00;1.5;1.3333333333333333
0807;2375;Châteliers;weekend;0 days 21:41:00;0 days 23:11:00;2.0;0.0;0.0;0.0;0.0;0.0;0.0;1.0;1.0;0 days 01:30:00;1.5;1.3333333333333333
0807;2403;Brocéliande;weekend;0 days 04:55:00;0 days 07:25:00;3.0;1.0;1.0;0.0;0.0;0.0;0.0;0.0;1.0;0 days 02:30:00;2.5;1.2
0807;2404;Trégor;weekend;0 days 04:56:00;0 days 07:26:00;3.0;1.0;1.0;0.0;0.0;0.0;0.0;0.0;1.0;0 days 02:30:00;2.5;1.2
0807;2405;Betton Mairie;weekend;0 days 04:57:00;0 days 07:27:00;3.0;1.0;1.0;0.0;0.0;0.0;0.0;0.0;1.0;0 days 02:30:00;2.5;1.2
0807;2406;Betton Centre;weekend;0 days 04:58:00;0 days 07:28:00;3.0;1.0;1.0;0.0;0.0;0.0;0.0;0.0;1.0;0 days 02:30:00;2.5;1.2
0807;2418;Betton Mairie;weekday;0 days 21:18:00;0 days 22:48:00;2.0;0.0;0.0;0.0;0.0;0.0;0.0;1.0;1.0;0 days 01:30:00;1.5;1.3333333333333333
0807;2418;Betton Mairie;weekend;0 days 21:18:00;0 days 22:48:00;2.0;0.0;0.0;0.0;0.0;0.0;0.0;1.0;1.0;0 days 01:30:00;1.5;1.3333333333333333
0807;2419;Trégor;weekday;0 days 21:20:00;0 days 22:50:00;2.0;0.0;0.0;0.0;0.0;0.0;0.0;1.0;1.0;0 days 01:30:00;1.5;1.3333333333333333
0807;2419;Trégor;weekend;0 days 21:20:00;0 days 22:50:00;2.0;0.0;0.0;0.0;0.0;0.0;0.0;1.0;1.0;0 days 01:30:00;1.5;1.3333333333333333
0807;2420;Brocéliande;weekday;0 days 21:21:00;0 days 22:51:00;2.0;0.0;0.0;0.0;0.0;0.0;0.0;1.0;1.0;0 days 01:30:00;1.5;1.3333333333333333
0807;2420;Brocéliande;weekend;0 days 21:21:00;0 days 22:51:00;2.0;0.0;0.0;0.0;0.0;0.0;0.0;1.0;1.0;0 days 01:30:00;1.5;1.3333333333333333
0807;2430;Betton Rue de Rennes;weekend;0 days 05:00:00;0 days 07:30:00;3.0;2.0;1.0;0.0;0.0;0.0;0.0;0.0;0.0;0 days 02:30:00;2.5;1.2
0807;2436;Betton Rue de Rennes;weekday;0 days 21:15:00;0 days 22:45:00;2.0;0.0;0.0;0.0;0.0;0.0;0.0;1.0;1.0;0 days 01:30:00;1.5;1.3333333333333333
0807;2436;Betton Rue de Rennes;weekend;0 days 21:15:00;0 days 22:45:00;2.0;0.0;0.0;0.0;0.0;0.0;0.0;1.0;1.0;0 days 01:30:00;1.5;1.3333333333333333
0807;2437;Betton Centre;weekday;0 days 21:18:00;0 days 22:48:00;2.0;0.0;0.0;0.0;0.0;0.0;0.0;1.0;1.0;0 days 01:30:00;1.5;1.3333333333333333
0807;2437;Betton Centre;weekend;0 days 21:18:00;0 days 22:48:00;2.0;0.0;0.0;0.0;0.0;0.0;0.0;1.0;1.0;0 days 01:30:00;1.5;1.3333333333333333
0807;2452;Chaperonnais;weekday;0 days 21:24:00;0 days 22:54:00;2.0;0.0;0.0;0.0;0.0;0.0;0.0;1.0;1.0;0 days 01:30:00;1.5;1.3333333333333333
0807;2452;Chaperonnais;weekend;0 days 21:24:00;0 days 22:54:00;2.0;0.0;0.0;0.0;0.0;0.0;0.0;1.0;1.0;0 days 01:30:00;1.5;1.3333333333333333
0807;2453;Chaperonnais;weekend;0 days 04:52:00;0 days 07:22:00;3.0;1.0;1.0;0.0;0.0;0.0;0.0;0.0;1.0;0 days 02:30:00;2.5;1.2
0807;2504;L'Autre Lieu;weekend;0 days 04:45:00;0 days 07:15:00;3.0;1.0;1.0;0.0;0.0;0.0;0.0;0.0;1.0;0 days 02:30:00;2.5;1.2
0807;2517;L'Autre Lieu;weekday;0 days 21:29:00;0 days 22:59:00;2.0;0.0;0.0;0.0;0.0;0.0;0.0;1.0;1.0;0 days 01:30:00;1.5;1.3333333333333333
0807;2517;L'Autre Lieu;weekend;0 days 21:29:00;0 days 22:59:00;2.0;0.0;0.0;0.0;0.0;0.0;0.0;1.0;1.0;0 days 01:30:00;1.5;1.3333333333333333
0807;2603;La Poste;weekday;0 days 21:23:00;0 days 22:53:00;2.0;0.0;0.0;0.0;0.0;0.0;0.0;1.0;1.0;0 days 01:30:00;1.5;1.3333333333333333
0807;2603;La Poste;weekend;0 days 21:23:00;0 days 22:53:00;2.0;0.0;0.0;0.0;0.0;0.0;0.0;1.0;1.0;0 days 01:30:00;1.5;1.3333333333333333
0807;2604;Croix Rouge;weekend;0 days 04:54:00;0 days 07:24:00;3.0;1.0;1.0;0.0;0.0;0.0;0.0;0.0;1.0;0 days 02:30:00;2.5;1.2
0807;2618;Croix Rouge;weekday;0 days 21:21:00;0 days 22:51:00;2.0;0.0;0.0;0.0;0.0;0.0;0.0;1.0;1.0;0 days 01:30:00;1.5;1.3333333333333333
0807;2618;Croix Rouge;weekend;0 days 21:21:00;0 days 22:51:00;2.0;0.0;0.0;0.0;0.0;0.0;0.0;1.0;1.0;0 days 01:30:00;1.5;1.3333333333333333
0807;2619;La Poste;weekend;0 days 04:52:00;0 days 07:22:00;3.0;1.0;1.0;0.0;0.0;0.0;0.0;0.0;1.0;0 days 02:30:00;2.5;1.2
0807;2629;Vern Eglise;weekend;0 days 04:53:00;0 days 07:23:00;3.0;1.0;1.0;0.0;0.0;0.0;0.0;0.0;1.0;0 days 02:30:00;2.5;1.2
0807;2634;Vern Eglise;weekday;0 days 21:22:00;0 days 22:52:00;2.0;0.0;0.0;0.0;0.0;0.0;0.0;1.0;1.0;0 days 01:30:00;1.5;1.3333333333333333
0807;2634;Vern Eglise;weekend;0 days 21:22:00;0 days 22:52:00;2.0;0.0;0.0;0.0;0.0;0.0;0.0;1.0;1.0;0 days 01:30:00;1.5;1.3333333333333333
0807;2727;Pont;weekend;0 days 04:41:00;0 days 07:11:00;3.0;1.0;1.0;0.0;0.0;0.0;0.0;0.0;1.0;0 days 02:30:00;2.5;1.2
0807;2728;Centre;weekend;0 days 04:42:00;0 days 07:12:00;3.0;1.0;1.0;0.0;0.0;0.0;0.0;0.0;1.0;0 days 02:30:00;2.5;1.2
0807;2731;Centre;weekday;0 days 21:33:00;0 days 23:03:00;2.0;0.0;0.0;0.0;0.0;0.0;0.0;1.0;1.0;0 days 01:30:00;1.5;1.3333333333333333
0807;2731;Centre;weekend;0 days 21:33:00;0 days 23:03:00;2.0;0.0;0.0;0.0;0.0;0.0;0.0;1.0;1.0;0 days 01:30:00;1.5;1.3333333333333333
0807;2732;Pont;weekday;0 days 21:34:00;0 days 23:04:00;2.0;0.0;0.0;0.0;0.0;0.0;0.0;1.0;1.0;0 days 01:30:00;1.5;1.3333333333333333
0807;2732;Pont;weekend;0 days 21:34:00;0 days 23:04:00;2.0;0.0;0.0;0.0;0.0;0.0;0.0;1.0;1.0;0 days 01:30:00;1.5;1.3333333333333333
0807;2733;Deux Rives;weekday;0 days 21:35:00;0 days 23:05:00;2.0;0.0;0.0;0.0;0.0;0.0;0.0;1.0;1.0;0 days 01:30:00;1.5;1.3333333333333333
0807;2733;Deux Rives;weekend;0 days 21:35:00;0 days 23:05:00;2.0;0.0;0.0;0.0;0.0;0.0;0.0;1.0;1.0;0 days 01:30:00;1.5;1.3333333333333333
0807;2734;Deux Rives;weekend;0 days 04:40:00;0 days 07:10:00;3.0;1.0;1.0;0.0;0.0;0.0;0.0;0.0;1.0;0 days 02:30:00;2.5;1.2
0807;2773;Ise;weekday;0 days 21:36:00;0 days 23:06:00;2.0;0.0;0.0;0.0;0.0;0.0;0.0;1.0;1.0;0 days 01:30:00;1.5;1.3333333333333333
0807;2773;Ise;weekend;0 days 21:36:00;0 days 23:06:00;2.0;0.0;0.0;0.0;0.0;0.0;0.0;1.0;1.0;0 days 01:30:00;1.5;1.3333333333333333
0807;2774;Ise;weekend;0 days 04:40:00;0 days 07:10:00;3.0;1.0;1.0;0.0;0.0;0.0;0.0;0.0;1.0;0 days 02:30:00;2.5;1.2
0807;2805;Camus;weekday;0 days 21:30:00;0 days 23:00:00;2.0;0.0;0.0;0.0;0.0;0.0;0.0;1.0;1.0;0 days 01:30:00;1.5;1.3333333333333333
0807;2805;Camus;weekend;0 days 21:30:00;0 days 23:00:00;2.0;0.0;0.0;0.0;0.0;0.0;0.0;1.0;1.0;0 days 01:30:00;1.5;1.3333333333333333
0807;2806;Vivier Louis;weekday;0 days 21:31:00;0 days 23:01:00;2.0;0.0;0.0;0.0;0.0;0.0;0.0;1.0;1.0;0 days 01:30:00;1.5;1.3333333333333333
0807;2806;Vivier Louis;weekend;0 days 21:31:00;0 days 23:01:00;2.0;0.0;0.0;0.0;0.0;0.0;0.0;1.0;1.0;0 days 01:30:00;1.5;1.3333333333333333
0807;2808;Uttenreuth;weekday;0 days 21:32:00;0 days 23:02:00;2.0;0.0;0.0;0.0;0.0;0.0;0.0;1.0;1.0;0 days 01:30:00;1.5;1.3333333333333333
0807;2808;Uttenreuth;weekend;0 days 21:32:00;0 days 23:02:00;2.0;0.0;0.0;0.0;0.0;0.0;0.0;1.0;1.0;0 days 01:30:00;1.5;1.3333333333333333
0807;2809;Discalceat;weekday;0 days 21:32:00;0 days 23:02:00;2.0;0.0;0.0;0.0;0.0;0.0;0.0;1.0;1.0;0 days 01:30:00;1.5;1.3333333333333333
0807;2809;Discalceat;weekend;0 days 21:32:00;0 days 23:02:00;2.0;0.0;0.0;0.0;0.0;0.0;0.0;1.0;1.0;0 days 01:30:00;1.5;1.3333333333333333
0807;2810;Paul-Emile Victor;weekday;0 days 21:34:00;0 days 23:04:00;2.0;0.0;0.0;0.0;0.0;0.0;0.0;1.0;1.0;0 days 01:30:00;1.5;1.3333333333333333
0807;2810;Paul-Emile Victor;weekend;0 days 21:34:00;0 days 23:04:00;2.0;0.0;0.0;0.0;0.0;0.0;0.0;1.0;1.0;0 days 01:30:00;1.5;1.3333333333333333
0807;2811;Cité des Jardins;weekend;0 days 04:42:00;0 days 07:12:00;3.0;1.0;1.0;0.0;0.0;0.0;0.0;0.0;1.0;0 days 02:30:00;2.5;1.2
0807;2820;Cité des Jardins;weekday;0 days 21:34:00;0 days 23:04:00;2.0;0.0;0.0;0.0;0.0;0.0;0.0;1.0;1.0;0 days 01:30:00;1.5;1.3333333333333333
0807;2820;Cité des Jardins;weekend;0 days 21:34:00;0 days 23:04:00;2.0;0.0;0.0;0.0;0.0;0.0;0.0;1.0;1.0;0 days 01:30:00;1.5;1.3333333333333333
0807;2821;Paul-Emile Victor;weekend;0 days 04:42:00;0 days 07:12:00;3.0;1.0;1.0;0.0;0.0;0.0;0.0;0.0;1.0;0 days 02:30:00;2.5;1.2
0807;2822;Discalceat;weekend;0 days 04:44:00;0 days 07:14:00;3.0;1.0;1.0;0.0;0.0;0.0;0.0;0.0;1.0;0 days 02:30:00;2.5;1.2
0807;2824;Vivier Louis;weekend;0 days 04:45:00;0 days 07:15:00;3.0;1.0;1.0;0.0;0.0;0.0;0.0;0.0;1.0;0 days 02:30:00;2.5;1.2
0807;2825;Camus;weekend;0 days 04:46:00;0 days 07:16:00;3.0;1.0;1.0;0.0;0.0;0.0;0.0;0.0;1.0;0 days 02:30:00;2.5;1.2
0807;2833;Jean-Paul II;weekday;0 days 21:29:00;0 days 22:59:00;2.0;0.0;0.0;0.0;0.0;0.0;0.0;1.0;1.0;0 days 01:30:00;1.5;1.3333333333333333
0807;2833;Jean-Paul II;weekend;0 days 21:29:00;0 days 22:59:00;2.0;0.0;0.0;0.0;0.0;0.0;0.0;1.0;1.0;0 days 01:30:00;1.5;1.3333333333333333
0807;2834;Jean-Paul II;weekend;0 days 04:47:00;0 days 07:17:00;3.0;1.0;1.0;0.0;0.0;0.0;0.0;0.0;1.0;0 days 02:30:00;2.5;1.2
0807;2836;Uttenreuth;weekend;0 days 04:44:00;0 days 07:14:00;3.0;1.0;1.0;0.0;0.0;0.0;0.0;0.0;1.0;0 days 02:30:00;2.5;1.2
0807;2837;La Brosse;weekend;0 days 04:51:00;0 days 07:21:00;3.0;1.0;1.0;0.0;0.0;0.0;0.0;0.0;1.0;0 days 02:30:00;2.5;1.2
0807;2905;Callouët;weekday;0 days 21:53:00;0 days 23:23:00;2.0;0.0;0.0;0.0;0.0;0.0;0.0;1.0;1.0;0 days 01:30:00;1.5;1.3333333333333333
0807;2905;Callouët;weekend;0 days 21:53:00;0 days 23:23:00;2.0;0.0;0.0;0.0;0.0;0.0;0.0;1.0;1.0;0 days 01:30:00;1.5;1.3333333333333333
0807;2915;Collège Pôle Sud;weekday;0 days 21:49:00;0 days 23:19:00;2.0;0.0;0.0;0.0;0.0;0.0;0.0;1.0;1.0;0 days 01:30:00;1.5;1.3333333333333333
0807;2915;Collège Pôle Sud;weekend;0 days 21:49:00;0 days 23:19:00;2.0;0.0;0.0;0.0;0.0;0.0;0.0;1.0;1.0;0 days 01:30:00;1.5;1.3333333333333333
0807;2916;Auditoire;weekday;0 days 21:51:00;0 days 23:21:00;2.0;0.0;0.0;0.0;0.0;0.0;0.0;1.0;1.0;0 days 01:30:00;1.5;1.3333333333333333
0807;2916;Auditoire;weekend;0 days 21:51:00;0 days 23:21:00;2.0;0.0;0.0;0.0;0.0;0.0;0.0;1.0;1.0;0 days 01:30:00;1.5;1.3333333333333333
0807;2917;Chartres Centre;weekday;0 days 21:52:00;0 days 23:22:00;2.0;0.0;0.0;0.0;0.0;0.0;0.0;1.0;1.0;0 days 01:30:00;1.5;1.3333333333333333
0807;2917;Chartres Centre;weekend;0 days 21:52:00;0 days 23:22:00;2.0;0.0;0.0;0.0;0.0;0.0;0.0;1.0;1.0;0 days 01:30:00;1.5;1.3333333333333333
0807;2918;Callouët;weekend;0 days 04:22:00;0 days 06:52:00;3.0;2.0;0.0;0.0;0.0;0.0;0.0;0.0;1.0;0 days 02:30:00;2.5;1.2
0807;2919;Chartres Centre;weekend;0 days 04:23:00;0 days 06:53:00;3.0;2.0;0.0;0.0;0.0;0.0;0.0;0.0;1.0;0 days 02:30:00;2.5;1.2
0807;2920;Auditoire;weekend;0 days 04:25:00;0 days 06:55:00;3.0;2.0;0.0;0.0;0.0;0.0;0.0;0.0;1.0;0 days 02:30:00;2.5;1.2
0807;2921;Collège Pôle Sud;weekend;0 days 04:26:00;0 days 06:56:00;3.0;2.0;0.0;0.0;0.0;0.0;0.0;0.0;1.0;0 days 02:30:00;2.5;1.2
0807;3006;Chantepie Mairie;weekday;0 days 21:08:00;0 days 22:38:00;2.0;0.0;0.0;0.0;0.0;0.0;0.0;1.0;1.0;0 days 01:30:00;1.5;1.3333333333333333
0807;3006;Chantepie Mairie;weekend;0 days 21:08:00;0 days 22:38:00;2.0;0.0;0.0;0.0;0.0;0.0;0.0;1.0;1.0;0 days 01:30:00;1.5;1.3333333333333333
0807;3007;Loges;weekday;0 days 21:09:00;0 days 22:39:00;2.0;0.0;0.0;0.0;0.0;0.0;0.0;1.0;1.0;0 days 01:30:00;1.5;1.3333333333333333
0807;3007;Loges;weekend;0 days 21:09:00;0 days 22:39:00;2.0;0.0;0.0;0.0;0.0;0.0;0.0;1.0;1.0;0 days 01:30:00;1.5;1.3333333333333333
0807;3008;Loges;weekend;0 days 05:04:00;0 days 07:34:00;3.0;2.0;1.0;0.0;0.0;0.0;0.0;0.0;0.0;0 days 02:30:00;2.5;1.2
0807;3009;Chantepie Mairie;weekend;0 days 05:05:00;0 days 07:35:00;3.0;2.0;1.0;0.0;0.0;0.0;0.0;0.0;0.0;0 days 02:30:00;2.5;1.2
0807;3037;Chantepie Eglise;weekday;0 days 21:08:00;0 days 22:38:00;2.0;0.0;0.0;0.0;0.0;0.0;0.0;1.0;1.0;0 days 01:30:00;1.5;1.3333333333333333
0807;3037;Chantepie Eglise;weekend;0 days 21:08:00;0 days 22:38:00;2.0;0.0;0.0;0.0;0.0;0.0;0.0;1.0;1.0;0 days 01:30:00;1.5;1.3333333333333333
0807;3038;Chantepie Eglise;weekend;0 days 05:05:00;0 days 07:35:00;3.0;2.0;1.0;0.0;0.0;0.0;0.0;0.0;0.0;0 days 02:30:00;2.5;1.2
0807;3110;Carré Dumaine;weekday;0 days 21:38:00;0 days 23:08:00;2.0;0.0;0.0;0.0;0.0;0.0;0.0;1.0;1.0;0 days 01:30:00;1.5;1.3333333333333333
0807;3110;Carré Dumaine;weekend;0 days 21:38:00;0 days 23:08:00;2.0;0.0;0.0;0.0;0.0;0.0;0.0;1.0;1.0;0 days 01:30:00;1.5;1.3333333333333333
0807;3111;Le Ponant;weekday;0 days 21:38:00;0 days 23:08:00;2.0;0.0;0.0;0.0;0.0;0.0;0.0;1.0;1.0;0 days 01:30:00;1.5;1.3333333333333333
0807;3111;Le Ponant;weekend;0 days 21:38:00;0 days 23:08:00;2.0;0.0;0.0;0.0;0.0;0.0;0.0;1.0;1.0;0 days 01:30:00;1.5;1.3333333333333333
0807;3113;Le Ponant;weekend;0 days 04:39:00;0 days 07:09:00;3.0;1.0;1.0;0.0;0.0;0.0;0.0;0.0;1.0;0 days 02:30:00;2.5;1.2
0807;3114;Carré Dumaine;weekend;0 days 04:40:00;0 days 07:10:00;3.0;1.0;1.0;0.0;0.0;0.0;0.0;0.0;1.0;0 days 02:30:00;2.5;1.2
0807;3210;Coteau;weekday;0 days 21:23:00;0 days 22:53:00;2.0;0.0;0.0;0.0;0.0;0.0;0.0;1.0;1.0;0 days 01:30:00;1.5;1.3333333333333333
0807;3210;Coteau;weekend;0 days 21:23:00;0 days 22:53:00;2.0;0.0;0.0;0.0;0.0;0.0;0.0;1.0;1.0;0 days 01:30:00;1.5;1.3333333333333333
0807;3211;Groupe Scolaire;weekday;0 days 21:24:00;0 days 22:54:00;2.0;0.0;0.0;0.0;0.0;0.0;0.0;1.0;1.0;0 days 01:30:00;1.5;1.3333333333333333
0807;3211;Groupe Scolaire;weekend;0 days 21:24:00;0 days 22:54:00;2.0;0.0;0.0;0.0;0.0;0.0;0.0;1.0;1.0;0 days 01:30:00;1.5;1.3333333333333333
0807;3218;Groupe Scolaire;weekend;0 days 04:51:00;0 days 07:21:00;3.0;1.0;1.0;0.0;0.0;0.0;0.0;0.0;1.0;0 days 02:30:00;2.5;1.2
0807;3219;Coteau;weekend;0 days 04:52:00;0 days 07:22:00;3.0;1.0;1.0;0.0;0.0;0.0;0.0;0.0;1.0;0 days 02:30:00;2.5;1.2
0807;3302;Thorigné Mairie;weekend;0 days 04:49:00;0 days 07:19:00;3.0;1.0;1.0;0.0;0.0;0.0;0.0;0.0;1.0;0 days 02:30:00;2.5;1.2
0807;3304;Anne de Bretagne;weekend;0 days 04:48:00;0 days 07:18:00;3.0;1.0;1.0;0.0;0.0;0.0;0.0;0.0;1.0;0 days 02:30:00;2.5;1.2
0807;3314;Anne de Bretagne;weekday;0 days 21:27:00;0 days 22:57:00;2.0;0.0;0.0;0.0;0.0;0.0;0.0;1.0;1.0;0 days 01:30:00;1.5;1.3333333333333333
0807;3314;Anne de Bretagne;weekend;0 days 21:27:00;0 days 22:57:00;2.0;0.0;0.0;0.0;0.0;0.0;0.0;1.0;1.0;0 days 01:30:00;1.5;1.3333333333333333
0807;3315;Thorigné Mairie;weekday;0 days 21:26:00;0 days 22:56:00;2.0;0.0;0.0;0.0;0.0;0.0;0.0;1.0;1.0;0 days 01:30:00;1.5;1.3333333333333333
0807;3315;Thorigné Mairie;weekend;0 days 21:26:00;0 days 22:56:00;2.0;0.0;0.0;0.0;0.0;0.0;0.0;1.0;1.0;0 days 01:30:00;1.5;1.3333333333333333
0807;3506;Décoparc;weekday;0 days 21:31:00;0 days 23:01:00;2.0;0.0;0.0;0.0;0.0;0.0;0.0;1.0;1.0;0 days 01:30:00;1.5;1.3333333333333333
0807;3506;Décoparc;weekend;0 days 21:31:00;0 days 23:01:00;2.0;0.0;0.0;0.0;0.0;0.0;0.0;1.0;1.0;0 days 01:30:00;1.5;1.3333333333333333
0807;3516;Décoparc;weekend;0 days 04:48:00;0 days 07:18:00;3.0;1.0;1.0;0.0;0.0;0.0;0.0;0.0;1.0;0 days 02:30:00;2.5;1.2
0807;3705;Saint-Gilles Centre;weekday;0 days 21:13:00;0 days 22:43:00;2.0;0.0;0.0;0.0;0.0;0.0;0.0;1.0;1.0;0 days 01:30:00;1.5;1.3333333333333333
0807;3705;Saint-Gilles Centre;weekend;0 days 21:13:00;0 days 22:43:00;2.0;0.0;0.0;0.0;0.0;0.0;0.0;1.0;1.0;0 days 01:30:00;1.5;1.3333333333333333
0807;3714;Saint-Gilles Centre;weekend;0 days 05:02:00;0 days 07:32:00;3.0;2.0;1.0;0.0;0.0;0.0;0.0;0.0;0.0;0 days 02:30:00;2.5;1.2
0807;3756;Lion d'Or;weekday;0 days 21:43:00;0 days 23:13:00;2.0;0.0;0.0;0.0;0.0;0.0;0.0;1.0;1.0;0 days 01:30:00;1.5;1.3333333333333333
0807;3756;Lion d'Or;weekend;0 days 21:43:00;0 days 23:13:00;2.0;0.0;0.0;0.0;0.0;0.0;0.0;1.0;1.0;0 days 01:30:00;1.5;1.3333333333333333
0807;3757;Vezin Centre;weekday;0 days 21:43:00;0 days 23:13:00;2.0;0.0;0.0;0.0;0.0;0.0;0.0;1.0;1.0;0 days 01:30:00;1.5;1.3333333333333333
0807;3757;Vezin Centre;weekend;0 days 21:43:00;0 days 23:13:00;2.0;0.0;0.0;0.0;0.0;0.0;0.0;1.0;1.0;0 days 01:30:00;1.5;1.3333333333333333
0807;3762;Vezin Centre;weekend;0 days 04:33:00;0 days 07:03:00;3.0;1.0;1.0;0.0;0.0;0.0;0.0;0.0;1.0;0 days 02:30:00;2.5;1.2
0807;3763;Lion d'Or;weekend;0 days 04:34:00;0 days 07:04:00;3.0;1.0;1.0;0.0;0.0;0.0;0.0;0.0;1.0;0 days 02:30:00;2.5;1.2
0807;3854;Mordelles Lilas;weekday;0 days 21:40:00;0 days 23:10:00;2.0;0.0;0.0;0.0;0.0;0.0;0.0;1.0;1.0;0 days 01:30:00;1.5;1.3333333333333333
0807;3854;Mordelles Lilas;weekend;0 days 21:40:00;0 days 23:10:00;2.0;0.0;0.0;0.0;0.0;0.0;0.0;1.0;1.0;0 days 01:30:00;1.5;1.3333333333333333
0807;3863;Mordelles Lilas;weekend;0 days 04:35:00;0 days 07:05:00;3.0;1.0;1.0;0.0;0.0;0.0;0.0;0.0;1.0;0 days 02:30:00;2.5;1.2
0807;3903;Mouton Blanc;weekday;0 days 21:29:00;0 days 22:59:00;2.0;0.0;0.0;0.0;0.0;0.0;0.0;1.0;1.0;0 days 01:30:00;1.5;1.3333333333333333
0807;3903;Mouton Blanc;weekend;0 days 21:29:00;0 days 22:59:00;2.0;0.0;0.0;0.0;0.0;0.0;0.0;1.0;1.0;0 days 01:30:00;1.5;1.3333333333333333
0807;3908;Renaissance;weekday;0 days 21:32:00;0 days 23:02:00;2.0;0.0;0.0;0.0;0.0;0.0;0.0;1.0;1.0;0 days 01:30:00;1.5;1.3333333333333333
0807;3908;Renaissance;weekend;0 days 21:32:00;0 days 23:02:00;2.0;0.0;0.0;0.0;0.0;0.0;0.0;1.0;1.0;0 days 01:30:00;1.5;1.3333333333333333
0807;3909;Renaissance;weekend;0 days 04:43:00;0 days 07:13:00;3.0;1.0;1.0;0.0;0.0;0.0;0.0;0.0;1.0;0 days 02:30:00;2.5;1.2
0807;3914;Mouton Blanc;weekend;0 days 04:46:00;0 days 07:16:00;3.0;1.0;1.0;0.0;0.0;0.0;0.0;0.0;1.0;0 days 02:30:00;2.5;1.2
0807;4001;Timonière;weekday;0 days 21:15:00;0 days 22:45:00;2.0;0.0;0.0;0.0;0.0;0.0;0.0;1.0;1.0;0 days 01:30:00;1.5;1.3333333333333333
0807;4001;Timonière;weekend;0 days 05:00:00;0 days 22:45:00;4.0;2.0;1.0;0.0;0.0;0.0;0.0;1.0;1.0;0 days 17:45:00;17.75;0.22535211267605634
0807;4003;Acigné Mairie;weekday;0 days 21:17:00;0 days 22:47:00;2.0;0.0;0.0;0.0;0.0;0.0;0.0;1.0;1.0;0 days 01:30:00;1.5;1.3333333333333333
0807;4003;Acigné Mairie;weekend;0 days 21:17:00;0 days 22:47:00;2.0;0.0;0.0;0.0;0.0;0.0;0.0;1.0;1.0;0 days 01:30:00;1.5;1.3333333333333333
0807;4004;Foyer;weekday;0 days 21:18:00;0 days 22:48:00;2.0;0.0;0.0;0.0;0.0;0.0;0.0;1.0;1.0;0 days 01:30:00;1.5;1.3333333333333333
0807;4004;Foyer;weekend;0 days 21:18:00;0 days 22:48:00;2.0;0.0;0.0;0.0;0.0;0.0;0.0;1.0;1.0;0 days 01:30:00;1.5;1.3333333333333333
0807;4010;Lande;weekend;0 days 04:56:00;0 days 07:26:00;3.0;1.0;1.0;0.0;0.0;0.0;0.0;0.0;1.0;0 days 02:30:00;2.5;1.2
0807;4011;Foyer;weekend;0 days 04:57:00;0 days 07:27:00;3.0;1.0;1.0;0.0;0.0;0.0;0.0;0.0;1.0;0 days 02:30:00;2.5;1.2
0807;4012;Acigné Mairie;weekend;0 days 04:58:00;0 days 07:28:00;3.0;1.0;1.0;0.0;0.0;0.0;0.0;0.0;1.0;0 days 02:30:00;2.5;1.2
0807;4018;Lande;weekday;0 days 21:18:00;0 days 22:48:00;2.0;0.0;0.0;0.0;0.0;0.0;0.0;1.0;1.0;0 days 01:30:00;1.5;1.3333333333333333
0807;4018;Lande;weekend;0 days 21:18:00;0 days 22:48:00;2.0;0.0;0.0;0.0;0.0;0.0;0.0;1.0;1.0;0 days 01:30:00;1.5;1.3333333333333333
0807;4062;La Brosse;weekday;0 days 21:27:00;0 days 22:57:00;2.0;0.0;0.0;0.0;0.0;0.0;0.0;1.0;1.0;0 days 01:30:00;1.5;1.3333333333333333
0807;4062;La Brosse;weekend;0 days 21:27:00;0 days 22:57:00;2.0;0.0;0.0;0.0;0.0;0.0;0.0;1.0;1.0;0 days 01:30:00;1.5;1.3333333333333333
0807;4203;Alfred de Musset;weekday;0 days 21:49:00;0 days 23:19:00;2.0;0.0;0.0;0.0;0.0;0.0;0.0;1.0;1.0;0 days 01:30:00;1.5;1.3333333333333333
0807;4203;Alfred de Musset;weekend;0 days 21:49:00;0 days 23:19:00;2.0;0.0;0.0;0.0;0.0;0.0;0.0;1.0;1.0;0 days 01:30:00;1.5;1.3333333333333333
0807;4204;Avenir;weekday;0 days 21:51:00;0 days 23:21:00;2.0;0.0;0.0;0.0;0.0;0.0;0.0;1.0;1.0;0 days 01:30:00;1.5;1.3333333333333333
0807;4204;Avenir;weekend;0 days 21:51:00;0 days 23:21:00;2.0;0.0;0.0;0.0;0.0;0.0;0.0;1.0;1.0;0 days 01:30:00;1.5;1.3333333333333333
0807;4209;Avenir;weekend;0 days 04:22:00;0 days 06:52:00;3.0;2.0;0.0;0.0;0.0;0.0;0.0;0.0;1.0;0 days 02:30:00;2.5;1.2
0807;4210;Alfred de Musset;weekend;0 days 04:23:00;0 days 06:53:00;3.0;2.0;0.0;0.0;0.0;0.0;0.0;0.0;1.0;0 days 02:30:00;2.5;1.2
0807;4304;L'Hermitage Centre;weekend;0 days 04:54:00;0 days 07:24:00;3.0;1.0;1.0;0.0;0.0;0.0;0.0;0.0;1.0;0 days 02:30:00;2.5;1.2
0807;4322;L'Hermitage Centre;weekday;0 days 21:20:00;0 days 22:50:00;2.0;0.0;0.0;0.0;0.0;0.0;0.0;1.0;1.0;0 days 01:30:00;1.5;1.3333333333333333
0807;4322;L'Hermitage Centre;weekend;0 days 21:20:00;0 days 22:50:00;2.0;0.0;0.0;0.0;0.0;0.0;0.0;1.0;1.0;0 days 01:30:00;1.5;1.3333333333333333
0807;4352;Champ Mulon;weekend;0 days 04:36:00;0 days 07:06:00;3.0;1.0;1.0;0.0;0.0;0.0;0.0;0.0;1.0;0 days 02:30:00;2.5;1.2
0807;4355;Champ Mulon;weekday;0 days 21:39:00;0 days 23:09:00;2.0;0.0;0.0;0.0;0.0;0.0;0.0;1.0;1.0;0 days 01:30:00;1.5;1.3333333333333333
0807;4355;Champ Mulon;weekend;0 days 21:39:00;0 days 23:09:00;2.0;0.0;0.0;0.0;0.0;0.0;0.0;1.0;1.0;0 days 01:30:00;1.5;1.3333333333333333
0807;4359;Leuzières;weekend;0 days 04:37:00;0 days 07:07:00;3.0;1.0;1.0;0.0;0.0;0.0;0.0;0.0;1.0;0 days 02:30:00;2.5;1.2
0807;4360;Leuzières;weekday;0 days 21:38:00;0 days 23:08:00;2.0;0.0;0.0;0.0;0.0;0.0;0.0;1.0;1.0;0 days 01:30:00;1.5;1.3333333333333333
0807;4360;Leuzières;weekend;0 days 21:38:00;0 days 23:08:00;2.0;0.0;0.0;0.0;0.0;0.0;0.0;1.0;1.0;0 days 01:30:00;1.5;1.3333333333333333
0807;4502;Gévezé Mairie;weekday;0 days 21:18:00;0 days 22:48:00;2.0;0.0;0.0;0.0;0.0;0.0;0.0;1.0;1.0;0 days 01:30:00;1.5;1.3333333333333333
0807;4502;Gévezé Mairie;weekend;0 days 21:18:00;0 days 22:48:00;2.0;0.0;0.0;0.0;0.0;0.0;0.0;1.0;1.0;0 days 01:30:00;1.5;1.3333333333333333
0807;4503;Flume;weekend;0 days 04:58:00;0 days 07:28:00;3.0;1.0;1.0;0.0;0.0;0.0;0.0;0.0;1.0;0 days 02:30:00;2.5;1.2
0807;4504;Flume;weekday;0 days 21:19:00;0 days 22:49:00;2.0;0.0;0.0;0.0;0.0;0.0;0.0;1.0;1.0;0 days 01:30:00;1.5;1.3333333333333333
0807;4504;Flume;weekend;0 days 21:19:00;0 days 22:49:00;2.0;0.0;0.0;0.0;0.0;0.0;0.0;1.0;1.0;0 days 01:30:00;1.5;1.3333333333333333
0807;4505;Gévezé Mairie;weekend;0 days 04:58:00;0 days 07:28:00;3.0;1.0;1.0;0.0;0.0;0.0;0.0;0.0;1.0;0 days 02:30:00;2.5;1.2
0807;4700;Point du Jour;weekday;0 days 21:17:00;0 days 22:47:00;2.0;0.0;0.0;0.0;0.0;0.0;0.0;1.0;1.0;0 days 01:30:00;1.5;1.3333333333333333
0807;4700;Point du Jour;weekend;0 days 21:17:00;0 days 22:47:00;2.0;0.0;0.0;0.0;0.0;0.0;0.0;1.0;1.0;0 days 01:30:00;1.5;1.3333333333333333
0807;4701;Point du Jour;weekend;0 days 04:58:00;0 days 07:28:00;3.0;1.0;1.0;0.0;0.0;0.0;0.0;0.0;1.0;0 days 02:30:00;2.5;1.2
0807;4704;Laillé Eglise;weekday;0 days 21:15:00;0 days 22:45:00;2.0;0.0;0.0;0.0;0.0;0.0;0.0;1.0;1.0;0 days 01:30:00;1.5;1.3333333333333333
0807;4704;Laillé Eglise;weekend;0 days 21:15:00;0 days 22:45:00;2.0;0.0;0.0;0.0;0.0;0.0;0.0;1.0;1.0;0 days 01:30:00;1.5;1.3333333333333333
0807;4705;Laillé Eglise;weekend;0 days 05:00:00;0 days 07:30:00;3.0;2.0;1.0;0.0;0.0;0.0;0.0;0.0;0.0;0 days 02:30:00;2.5;1.2
0807;9148;Pasteur Ev;weekday;0 days 21:37:00;0 days 23:07:00;2.0;0.0;0.0;0.0;0.0;0.0;0.0;1.0;1.0;0 days 01:30:00;1.5;1.3333333333333333
0807;9148;Pasteur Ev;weekend;0 days 21:37:00;0 days 23:07:00;2.0;0.0;0.0;0.0;0.0;0.0;0.0;1.0;1.0;0 days 01:30:00;1.5;1.3333333333333333
0807;9149;Pasteur Ev;weekend;0 days 04:38:00;0 days 07:08:00;3.0;1.0;1.0;0.0;0.0;0.0;0.0;0.0;1.0;0 days 02:30:00;2.5;1.2
0810;2266;Parc Expo;weekday;0 days 19:17:00;1 days 07:30:00;92.75;9.5;2.5;0.0;0.0;0.0;6.0;30.5;68.5;0 days 12:13:00;12.216666666666667;7.592087312414734
0810;2266;Parc Expo;weekend;0 days 04:24:00;1 days 07:30:00;90.0;25.25;6.25;0.0;0.0;0.0;4.0;37.0;48.25;1 days 03:06:00;27.1;3.321033210332103
0810;2279;Saint-Jacques - Gaîté;weekday;0 days 19:34:00;1 days 07:43:00;46.0;4.5;1.5;0.0;0.0;0.0;2.0;14.5;34.75;0 days 12:09:00;12.15;3.786008230452675
0810;2279;Saint-Jacques - Gaîté;weekend;0 days 04:37:00;1 days 07:43:00;46.5;12.75;4.75;0.0;0.0;0.0;1.0;17.0;24.5;1 days 03:06:00;27.1;1.7158671586715866
0820;2161;Rigourdière;weekend;0 days 04:50:01;1 days 05:50:00;18.5;3.5;0.0;0.0;0.0;0.0;0.0;4.0;13.0;1 days 00:59:59;24.99972222222222;0.7400082223135813
